date,project,region,service,quantity,cost_usd,carbon_kg_co2e
2025-06-11 10:02:49.751390,ProjectA,us-east-1,EC2,128.5847140437723,12.85847140437723,2.6681328164082747
2025-06-11 10:02:49.751390,ProjectA,eu-west-1,RDS,61.27736820189122,9.191605230283685,1.0938010224037582
2025-06-11 10:02:49.751390,ProjectA,us-east-1,S3,198.7405298977216,4.571032187647596,0.04123865995377723
2025-06-11 10:02:49.751390,ProjectA,us-east-1,DataTransfer,644.8219471483353,12.896438942966707,0.02676011080665592
2025-06-11 10:02:49.751390,ProjectB,eu-west-1,EC2,101.40953904847969,10.140953904847969,1.2067735146769083
2025-06-11 10:02:49.751390,ProjectB,eu-west-1,RDS,60.81851878575668,9.122777817863502,1.0856105603257566
2025-06-11 10:02:49.751390,ProjectB,eu-west-1,S3,220.68371938234483,5.075725545793931,0.02626136260649903
2025-06-11 10:02:49.751390,ProjectB,us-east-1,DataTransfer,500.8762044687784,10.017524089375568,0.0207863624854543
2025-06-11 10:02:49.751390,ProjectC,eu-west-1,EC2,131.94713492050366,13.194713492050369,1.5701709055539934
2025-06-11 10:02:49.751390,ProjectC,us-east-1,RDS,52.70973659862479,7.906460489793718,1.6405905516321964
2025-06-11 10:02:49.751390,ProjectC,eu-west-1,S3,204.7970442338784,4.710332017379203,0.02437084826383153
2025-06-11 10:02:49.751390,ProjectC,us-east-1,DataTransfer,498.7312403458215,9.974624806916433,0.020697346474351595
2025-06-11 10:02:49.751390,ProjectD,ap-southeast-1,EC2,94.05304892155895,9.405304892155897,1.9751140273527379
2025-06-11 10:02:49.751390,ProjectD,us-east-1,RDS,65.21721931448461,9.782582897172691,2.029885951163333
2025-06-11 10:02:49.751390,ProjectD,us-east-1,S3,184.32676854135815,4.239515676451238,0.038247804472331816
2025-06-11 10:02:49.751390,ProjectD,us-east-1,DataTransfer,581.3796771694447,11.627593543388894,0.024127256602531955
2025-06-12 10:02:49.751390,ProjectA,ap-southeast-1,EC2,110.75548653769076,11.075548653769076,2.325865217291506
2025-06-12 10:02:49.751390,ProjectA,us-east-1,RDS,45.55169947539582,6.832754921309373,1.4177966461716949
2025-06-12 10:02:49.751390,ProjectA,us-east-1,S3,236.22458567807152,5.433165470595645,0.04901660152819984
2025-06-12 10:02:49.751390,ProjectA,ap-southeast-1,DataTransfer,578.0881216173942,11.561762432347884,0.024279701107930558
2025-06-12 10:02:49.751390,ProjectB,us-east-1,EC2,109.27984234590154,10.927984234590156,2.267556728677457
2025-06-12 10:02:49.751390,ProjectB,eu-west-1,RDS,51.15333973715212,7.673000960572817,0.9130871143081654
2025-06-12 10:02:49.751390,ProjectB,eu-west-1,S3,227.94885531530664,5.242823672252053,0.02712591378252149
2025-06-12 10:02:49.751390,ProjectB,eu-west-1,DataTransfer,618.4326702169121,12.368653404338245,0.014718697551162509
2025-06-12 10:02:49.751390,ProjectC,ap-southeast-1,EC2,116.63907689376504,11.663907689376504,2.4494206147690654
2025-06-12 10:02:49.751390,ProjectC,eu-west-1,RDS,57.24649735341083,8.586974603011624,1.0218499777583832
2025-06-12 10:02:49.751390,ProjectC,eu-west-1,S3,223.80260741386527,5.147459970518901,0.026632510282249965
2025-06-12 10:02:49.751390,ProjectC,us-east-1,DataTransfer,541.2692167947877,10.825384335895754,0.022462672496983686
2025-06-12 10:02:49.751390,ProjectD,us-east-1,EC2,108.07498541436904,10.807498541436908,2.242555947348157
2025-06-12 10:02:49.751390,ProjectD,us-east-1,RDS,59.81982689784202,8.972974034676303,1.861892112195333
2025-06-12 10:02:49.751390,ProjectD,ap-southeast-1,S3,229.3682788392997,5.275470413303893,0.04816733855625294
2025-06-12 10:02:49.751390,ProjectD,ap-southeast-1,DataTransfer,541.4552477448159,10.829104954896318,0.022741120405282266
2025-06-13 10:02:49.751390,ProjectA,us-east-1,EC2,130.09511409396845,13.009511409396843,2.699473617449845
2025-06-13 10:02:49.751390,ProjectA,eu-west-1,RDS,47.34878565147468,7.102317847721202,0.8451758238788228
2025-06-13 10:02:49.751390,ProjectA,ap-southeast-1,S3,189.85757524459345,4.366724230625649,0.039870090801364624
2025-06-13 10:02:49.751390,ProjectA,ap-southeast-1,DataTransfer,654.9613203839236,13.099226407678472,0.02750837545612479
2025-06-13 10:02:49.751390,ProjectB,us-east-1,EC2,128.33117867116997,12.833117867116997,2.6628719574267765
2025-06-13 10:02:49.751390,ProjectB,us-east-1,RDS,46.22198865990185,6.933298298985277,1.438659397039445
2025-06-13 10:02:49.751390,ProjectB,us-east-1,S3,207.10976144313827,4.76352451319218,0.04297527549945119
2025-06-13 10:02:49.751390,ProjectB,us-east-1,DataTransfer,601.2465574782092,12.024931149564184,0.02495173213534568
2025-06-13 10:02:49.751390,ProjectC,ap-southeast-1,EC2,130.06780077661705,13.006780077661706,2.7314238163089577
2025-06-13 10:02:49.751390,ProjectC,ap-southeast-1,RDS,43.9108496374438,6.586627445616569,1.3831917635794797
2025-06-13 10:02:49.751390,ProjectC,us-east-1,S3,254.87672133449215,5.86216459069332,0.05288691967690711
2025-06-13 10:02:49.751390,ProjectC,eu-west-1,DataTransfer,521.9109177334584,10.438218354669168,0.012421479842056311
2025-06-13 10:02:49.751390,ProjectD,eu-west-1,EC2,105.01814708649212,10.501814708649214,1.249715950329256
2025-06-13 10:02:49.751390,ProjectD,ap-southeast-1,RDS,52.46720915264814,7.870081372897219,1.6527170883084163
2025-06-13 10:02:49.751390,ProjectD,eu-west-1,S3,262.44023729848305,6.036125457865111,0.03123038823851948
2025-06-13 10:02:49.751390,ProjectD,eu-west-1,DataTransfer,447.8291964995221,8.956583929990442,0.010658334876688626
2025-06-14 10:02:49.751390,ProjectA,ap-southeast-1,EC2,115.16750504057948,11.51675050405795,2.4185176058521693
2025-06-14 10:02:49.751390,ProjectA,ap-southeast-1,RDS,54.18141087030327,8.12721163054549,1.7067144424145528
2025-06-14 10:02:49.751390,ProjectA,us-east-1,S3,211.5694978175959,4.8660984498047055,0.043900670797151146
2025-06-14 10:02:49.751390,ProjectA,us-east-1,DataTransfer,517.5516340832924,10.351032681665847,0.021478392814456633
2025-06-14 10:02:49.751390,ProjectB,ap-southeast-1,EC2,93.011453270367,9.301145327036698,1.9532405186777069
2025-06-14 10:02:49.751390,ProjectB,eu-west-1,RDS,60.71211288833297,9.106816933249943,1.0837112150567434
2025-06-14 10:02:49.751390,ProjectB,us-east-1,S3,175.43780848824557,4.035069595229648,0.03640334526131095
2025-06-14 10:02:49.751390,ProjectB,us-east-1,DataTransfer,560.7382071991854,11.214764143983707,0.02327063559876619
2025-06-14 10:02:49.751390,ProjectC,eu-west-1,EC2,115.82834517437436,11.582834517437435,1.378357307575055
2025-06-14 10:02:49.751390,ProjectC,us-east-1,RDS,51.85980499244293,7.778970748866439,1.6141364303897863
2025-06-14 10:02:49.751390,ProjectC,ap-southeast-1,S3,248.65535995144072,5.719073278883136,0.05221762558980255
2025-06-14 10:02:49.751390,ProjectC,eu-west-1,DataTransfer,591.0133299747393,11.820266599494786,0.014066117253398796
2025-06-14 10:02:49.751390,ProjectD,us-east-1,EC2,95.28089979822788,9.528089979822788,1.9770786708132284
2025-06-14 10:02:49.751390,ProjectD,eu-west-1,RDS,43.77307775207471,6.565961662811206,0.7813494378745336
2025-06-14 10:02:49.751390,ProjectD,ap-southeast-1,S3,235.16303901382952,5.408749897318079,0.049384238192904197
2025-06-14 10:02:49.751390,ProjectD,eu-west-1,DataTransfer,532.3425997350776,10.646851994701551,0.012669753873694846
2025-06-15 10:02:49.751390,ProjectA,eu-west-1,EC2,87.47275162328704,8.747275162328704,1.0409257443171156
2025-06-15 10:02:49.751390,ProjectA,ap-southeast-1,RDS,60.0414529815428,9.00621794723142,1.8913057689185981
2025-06-15 10:02:49.751390,ProjectA,ap-southeast-1,S3,207.153827349796,4.764538029045308,0.043502303743457156
2025-06-15 10:02:49.751390,ProjectA,eu-west-1,DataTransfer,603.2943834666758,12.065887669333517,0.014358406326506885
2025-06-15 10:02:49.751390,ProjectB,eu-west-1,EC2,109.88110277184528,10.988110277184528,1.3075851229849587
2025-06-15 10:02:49.751390,ProjectB,us-east-1,RDS,50.87518885232255,7.631278327848381,1.5834902530285395
2025-06-15 10:02:49.751390,ProjectB,us-east-1,S3,177.0520288979421,4.072196664652669,0.03673829599632299
2025-06-15 10:02:49.751390,ProjectB,eu-west-1,DataTransfer,475.4053332335763,9.508106664671526,0.011314646930959116
2025-06-15 10:02:49.751390,ProjectC,us-east-1,EC2,111.49098582593402,11.149098582593403,2.313437955888131
2025-06-15 10:02:49.751390,ProjectC,us-east-1,RDS,46.6634465188028,6.99951697782042,1.4523997728977371
2025-06-15 10:02:49.751390,ProjectC,eu-west-1,S3,248.88494236502692,5.72435367439562,0.029617308141438203
2025-06-15 10:02:49.751390,ProjectC,us-east-1,DataTransfer,532.3144303813909,10.646288607627818,0.022091048860827724
2025-06-15 10:02:49.751390,ProjectD,eu-west-1,EC2,87.52859062459466,8.752859062459466,1.0415902284326763
2025-06-15 10:02:49.751390,ProjectD,eu-west-1,RDS,54.984133370918464,8.247620005637769,0.9814667806708944
2025-06-15 10:02:49.751390,ProjectD,ap-southeast-1,S3,237.4300876098204,5.460892015025869,0.049860318398062285
2025-06-15 10:02:49.751390,ProjectD,eu-west-1,DataTransfer,607.1658315715218,12.143316631430435,0.01445054679140222
2025-06-16 10:02:49.751390,ProjectA,ap-southeast-1,EC2,88.34429967049108,8.83442996704911,1.8552302930803128
2025-06-16 10:02:49.751390,ProjectA,ap-southeast-1,RDS,53.04319135451451,7.956478703177177,1.670860527667207
2025-06-16 10:02:49.751390,ProjectA,us-east-1,S3,195.87241475006695,4.50506553925154,0.04064352606063889
2025-06-16 10:02:49.751390,ProjectA,ap-southeast-1,DataTransfer,492.95777463890977,9.859155492778196,0.02070422653483421
2025-06-16 10:02:49.751390,ProjectB,us-east-1,EC2,118.89107495998256,11.889107495998257,2.466989805419638
2025-06-16 10:02:49.751390,ProjectB,eu-west-1,RDS,55.29111330680459,8.293666996020688,0.986946372526462
2025-06-16 10:02:49.751390,ProjectB,us-east-1,S3,200.8021761261954,4.618450050902494,0.04166645154618555
2025-06-16 10:02:49.751390,ProjectB,us-east-1,DataTransfer,506.75224951418295,10.135044990283658,0.021030218354838596
2025-06-16 10:02:49.751390,ProjectC,us-east-1,EC2,118.4624155724661,11.84624155724661,2.4580951231286714
2025-06-16 10:02:49.751390,ProjectC,us-east-1,RDS,63.24174199729367,9.48626129959405,1.9683992196657656
2025-06-16 10:02:49.751390,ProjectC,ap-southeast-1,S3,204.9947661395383,4.7148796212093815,0.04304890088930305
2025-06-16 10:02:49.751390,ProjectC,eu-west-1,DataTransfer,436.5981909040462,8.731963818080924,0.0103910369435163
2025-06-16 10:02:49.751390,ProjectD,us-east-1,EC2,107.09561090173686,10.709561090173686,2.22223392621104
2025-06-16 10:02:49.751390,ProjectD,us-east-1,RDS,55.90512207538816,8.385768311308222,1.7400469245964565
2025-06-16 10:02:49.751390,ProjectD,eu-west-1,S3,214.76960008062937,4.939700801854476,0.025557582409594895
2025-06-16 10:02:49.751390,ProjectD,us-east-1,DataTransfer,511.0840041770143,10.221680083540289,0.021209986173346095
2025-06-17 10:02:49.751390,ProjectA,eu-west-1,EC2,108.04577022308442,10.804577022308443,1.2857446656547045
2025-06-17 10:02:49.751390,ProjectA,eu-west-1,RDS,45.84550436726277,6.876825655089415,0.8183422529556404
2025-06-17 10:02:49.751390,ProjectA,eu-west-1,S3,257.61296534334525,5.92509820289694,0.030655942875858086
2025-06-17 10:02:49.751390,ProjectA,eu-west-1,DataTransfer,456.9417970011431,9.138835940022862,0.010875214768627205
2025-06-17 10:02:49.751390,ProjectB,ap-southeast-1,EC2,93.78935059139444,9.378935059139444,1.969576362419283
2025-06-17 10:02:49.751390,ProjectB,us-east-1,RDS,43.61657536166426,6.542486304249639,1.3575659081318001
2025-06-17 10:02:49.751390,ProjectB,eu-west-1,S3,238.58131879458344,5.487370332275419,0.028391176936555428
2025-06-17 10:02:49.751390,ProjectB,ap-southeast-1,DataTransfer,583.3571264830503,11.667142529661003,0.02450099931228811
2025-06-17 10:02:49.751390,ProjectC,us-east-1,EC2,103.69550745984532,10.369550745984531,2.15168177979179
2025-06-17 10:02:49.751390,ProjectC,us-east-1,RDS,51.02352470782893,7.65352870617434,1.5881072065311754
2025-06-17 10:02:49.751390,ProjectC,us-east-1,S3,242.0155244219486,5.566357061704818,0.05021822131755434
2025-06-17 10:02:49.751390,ProjectC,ap-southeast-1,DataTransfer,433.542946585978,8.67085893171956,0.018208803756611075
2025-06-17 10:02:49.751390,ProjectD,ap-southeast-1,EC2,117.23086226706172,11.723086226706172,2.4618481076082963
2025-06-17 10:02:49.751390,ProjectD,eu-west-1,RDS,52.42976755093503,7.864465132640254,0.9358713507841903
2025-06-17 10:02:49.751390,ProjectD,us-east-1,S3,227.7036293489126,5.23718347502499,0.04724850308989936
2025-06-17 10:02:49.751390,ProjectD,ap-southeast-1,DataTransfer,557.0413503798326,11.140827007596652,0.02339573671595297
2025-06-18 10:02:49.751390,ProjectA,us-east-1,EC2,91.46990571427564,9.146990571427564,1.8980005435712197
2025-06-18 10:02:49.751390,ProjectA,ap-southeast-1,RDS,63.12917009409884,9.469375514114825,1.9885688579641134
2025-06-18 10:02:49.751390,ProjectA,us-east-1,S3,235.5422794559718,5.417472427487351,0.048875022987114145
2025-06-18 10:02:49.751390,ProjectA,eu-west-1,DataTransfer,539.2186048289811,10.784372096579624,0.012833402794929751
2025-06-18 10:02:49.751390,ProjectB,ap-southeast-1,EC2,94.57615107878247,9.457615107878247,1.986099172654432
2025-06-18 10:02:49.751390,ProjectB,ap-southeast-1,RDS,54.77837799711772,8.216756699567657,1.7255189069092083
2025-06-18 10:02:49.751390,ProjectB,ap-southeast-1,S3,215.6528982637764,4.960016660066858,0.04528710863539304
2025-06-18 10:02:49.751390,ProjectB,eu-west-1,DataTransfer,582.9213021206539,11.658426042413078,0.013873526990471563
2025-06-18 10:02:49.751390,ProjectC,eu-west-1,EC2,87.29302946483301,8.729302946483301,1.0387870506315129
2025-06-18 10:02:49.751390,ProjectC,eu-west-1,RDS,62.78799858785112,9.418199788177668,1.1207657747931425
2025-06-18 10:02:49.751390,ProjectC,eu-west-1,S3,196.7524815504928,4.525307075661334,0.02341354530450864
2025-06-18 10:02:49.751390,ProjectC,us-east-1,DataTransfer,633.6895158697314,12.673790317394628,0.026298114908593854
2025-06-18 10:02:49.751390,ProjectD,ap-southeast-1,EC2,90.71838244575952,9.071838244575954,1.90508603136095
2025-06-18 10:02:49.751390,ProjectD,eu-west-1,RDS,52.98062238330442,7.947093357495663,0.9457041095419838
2025-06-18 10:02:49.751390,ProjectD,eu-west-1,S3,176.46246021677314,4.058636584985782,0.020999032765796004
2025-06-18 10:02:49.751390,ProjectD,eu-west-1,DataTransfer,628.7863580843981,12.575727161687963,0.014965115322408672
2025-06-19 10:02:49.751390,ProjectA,eu-west-1,EC2,100.94826541222793,10.094826541222794,1.2012843584055122
2025-06-19 10:02:49.751390,ProjectA,ap-southeast-1,RDS,50.91773720419551,7.637660580629326,1.6039087219321584
2025-06-19 10:02:49.751390,ProjectA,ap-southeast-1,S3,242.39048892142796,5.574981245192842,0.05090200267349987
2025-06-19 10:02:49.751390,ProjectA,us-east-1,DataTransfer,468.65459896178913,9.373091979235785,0.019449165856914252
2025-06-19 10:02:49.751390,ProjectB,eu-west-1,EC2,121.96762991148668,12.196762991148669,1.4514147959466912
2025-06-19 10:02:49.751390,ProjectB,ap-southeast-1,RDS,49.76746320015048,7.4651194800225715,1.56767509080474
2025-06-19 10:02:49.751390,ProjectB,ap-southeast-1,S3,234.3004401684568,5.388910123874505,0.04920309243537592
2025-06-19 10:02:49.751390,ProjectB,us-east-1,DataTransfer,562.3236100048108,11.246472200096216,0.023336429815199646
2025-06-19 10:02:49.751390,ProjectC,eu-west-1,EC2,121.87808700247342,12.187808700247343,1.4503492353294336
2025-06-19 10:02:49.751390,ProjectC,eu-west-1,RDS,45.84743070151374,6.87711460522706,0.8183766380220201
2025-06-19 10:02:49.751390,ProjectC,ap-southeast-1,S3,192.97359551845827,4.43839269692454,0.04052445505887624
2025-06-19 10:02:49.751390,ProjectC,us-east-1,DataTransfer,544.5710009008836,10.891420018017673,0.022599696537386672
2025-06-19 10:02:49.751390,ProjectD,eu-west-1,EC2,95.0538484651374,9.50538484651374,1.131140796735135
2025-06-19 10:02:49.751390,ProjectD,us-east-1,RDS,54.528415331775925,8.179262299766389,1.6971969272015257
2025-06-19 10:02:49.751390,ProjectD,ap-southeast-1,S3,254.753660625996,5.859334194397907,0.05349826873145915
2025-06-19 10:02:49.751390,ProjectD,us-east-1,DataTransfer,445.39297646785786,8.907859529357157,0.018483808523416103
2025-06-20 10:02:49.751390,ProjectA,ap-southeast-1,EC2,119.90937994832332,11.990937994832334,2.5180969789147896
2025-06-20 10:02:49.751390,ProjectA,ap-southeast-1,RDS,49.80282081581141,7.470423122371711,1.5687888556980594
2025-06-20 10:02:49.751390,ProjectA,us-east-1,S3,170.23137852186284,3.915321706002845,0.03532301104328654
2025-06-20 10:02:49.751390,ProjectA,us-east-1,DataTransfer,580.3132479829312,11.606264959658624,0.024082999791291648
2025-06-20 10:02:49.751390,ProjectB,us-east-1,EC2,95.5629753865034,9.55629753865034,1.9829317392699457
2025-06-20 10:02:49.751390,ProjectB,us-east-1,RDS,42.76892935062519,6.415339402593779,1.331182926038209
2025-06-20 10:02:49.751390,ProjectB,eu-west-1,S3,174.12548770985651,4.0048862173267,0.020720933037472924
2025-06-20 10:02:49.751390,ProjectB,us-east-1,DataTransfer,448.0808257581965,8.96161651516393,0.018595354268965157
2025-06-20 10:02:49.751390,ProjectC,eu-west-1,EC2,101.25690135417696,10.125690135417695,1.2049571261147056
2025-06-20 10:02:49.751390,ProjectC,ap-southeast-1,RDS,63.44675603300474,9.51701340495071,1.998572815039649
2025-06-20 10:02:49.751390,ProjectC,us-east-1,S3,236.6253361956369,5.442382732499649,0.04909975726059465
2025-06-20 10:02:49.751390,ProjectC,ap-southeast-1,DataTransfer,504.83548386364754,10.096709677272951,0.0212030903222732
2025-06-20 10:02:49.751390,ProjectD,us-east-1,EC2,98.27731627319956,9.827731627319958,2.039254312668891
2025-06-20 10:02:49.751390,ProjectD,us-east-1,RDS,44.90163918285108,6.735245877427661,1.3975635195662397
2025-06-20 10:02:49.751390,ProjectD,eu-west-1,S3,184.77068797193564,4.249725823354519,0.021987711868660338
2025-06-20 10:02:49.751390,ProjectD,us-east-1,DataTransfer,461.4804223824922,9.229608447649843,0.019151437528873425
2025-06-21 10:02:49.751390,ProjectA,eu-west-1,EC2,88.49252730180281,8.84925273018028,1.0530610748914533
2025-06-21 10:02:49.751390,ProjectA,ap-southeast-1,RDS,57.64907862884418,8.647361794326626,1.8159459768085917
2025-06-21 10:02:49.751390,ProjectA,us-east-1,S3,246.7627177190416,5.675542507537956,0.05120326392670113
2025-06-21 10:02:49.751390,ProjectA,ap-southeast-1,DataTransfer,519.3989186592456,10.387978373184913,0.021814754583688315
2025-06-21 10:02:49.751390,ProjectB,eu-west-1,EC2,115.93032269330082,11.593032269330084,1.3795708400502797
2025-06-21 10:02:49.751390,ProjectB,eu-west-1,RDS,49.714461858240846,7.457169278736126,0.8874031441695991
2025-06-21 10:02:49.751390,ProjectB,ap-southeast-1,S3,190.1013074919229,4.372330072314227,0.039921274573303814
2025-06-21 10:02:49.751390,ProjectB,eu-west-1,DataTransfer,572.5685162661046,11.451370325322092,0.013627130687133287
2025-06-21 10:02:49.751390,ProjectC,ap-southeast-1,EC2,120.94691140520813,12.094691140520814,2.5398851395093702
2025-06-21 10:02:49.751390,ProjectC,us-east-1,RDS,42.172207578572426,6.325831136785864,1.3126099608830668
2025-06-21 10:02:49.751390,ProjectC,ap-southeast-1,S3,242.41913565595317,5.575640120086923,0.05090801848775016
2025-06-21 10:02:49.751390,ProjectC,ap-southeast-1,DataTransfer,564.6491560095677,11.292983120191357,0.023715264552401846
2025-06-21 10:02:49.751390,ProjectD,ap-southeast-1,EC2,97.37332785624284,9.737332785624284,2.044839884981099
2025-06-21 10:02:49.751390,ProjectD,us-east-1,RDS,44.18538854844383,6.627808282266574,1.375270218570314
2025-06-21 10:02:49.751390,ProjectD,ap-southeast-1,S3,173.35149424983172,3.9870843677461294,0.03640381379246466
2025-06-21 10:02:49.751390,ProjectD,us-east-1,DataTransfer,622.2689906499381,12.445379812998764,0.025824163111972432
2025-06-22 10:02:49.751390,ProjectA,ap-southeast-1,EC2,113.94415442778076,11.394415442778076,2.3928272429833957
2025-06-22 10:02:49.751390,ProjectA,us-east-1,RDS,44.77465459004767,6.71619818850715,1.3936111241152336
2025-06-22 10:02:49.751390,ProjectA,ap-southeast-1,S3,219.5234669989082,5.049039740974888,0.046099928069770715
2025-06-22 10:02:49.751390,ProjectA,ap-southeast-1,DataTransfer,420.105462199149,8.40210924398298,0.017644429412364257
2025-06-22 10:02:49.751390,ProjectB,eu-west-1,EC2,116.26916742882456,11.626916742882456,1.3836030924030123
2025-06-22 10:02:49.751390,ProjectB,ap-southeast-1,RDS,47.50572040236442,7.125858060354663,1.4964301926744792
2025-06-22 10:02:49.751390,ProjectB,ap-southeast-1,S3,190.4388931183916,4.380094541723007,0.039992167554862235
2025-06-22 10:02:49.751390,ProjectB,us-east-1,DataTransfer,497.08621600982633,9.941724320196526,0.020629077964407796
2025-06-22 10:02:49.751390,ProjectC,ap-southeast-1,EC2,104.35681449885826,10.435681449885829,2.1914931044760233
2025-06-22 10:02:49.751390,ProjectC,eu-west-1,RDS,49.72279006284276,7.458418509426413,0.8875518026217433
2025-06-22 10:02:49.751390,ProjectC,eu-west-1,S3,178.46555371598308,4.104707735467611,0.021237400892201986
2025-06-22 10:02:49.751390,ProjectC,eu-west-1,DataTransfer,574.1932827001126,11.483865654002251,0.01366580012826268
2025-06-22 10:02:49.751390,ProjectD,eu-west-1,EC2,88.4550546634138,8.84550546634138,1.0526151504946242
2025-06-22 10:02:49.751390,ProjectD,eu-west-1,RDS,60.24733124984905,9.037099687477356,1.0754148628098055
2025-06-22 10:02:49.751390,ProjectD,us-east-1,S3,244.85221094598268,5.631600851757601,0.0508068337712914
2025-06-22 10:02:49.751390,ProjectD,us-east-1,DataTransfer,595.3370306297627,11.906740612595254,0.024706486771135152
2025-06-23 10:02:49.751390,ProjectA,eu-west-1,EC2,122.21885916167685,12.221885916167686,1.4544044240239544
2025-06-23 10:02:49.751390,ProjectA,us-east-1,RDS,52.64150469076211,7.896225703614316,1.6384668334999706
2025-06-23 10:02:49.751390,ProjectA,ap-southeast-1,S3,179.88635912761293,4.137386259935098,0.037776135416798716
2025-06-23 10:02:49.751390,ProjectA,ap-southeast-1,DataTransfer,581.0124011051203,11.620248022102404,0.02440252084641505
2025-06-23 10:02:49.751390,ProjectB,eu-west-1,EC2,112.1467294974168,11.21467294974168,1.3345460810192598
2025-06-23 10:02:49.751390,ProjectB,eu-west-1,RDS,43.05028520166897,6.457542780250345,0.7684475908497911
2025-06-23 10:02:49.751390,ProjectB,ap-southeast-1,S3,215.24802758184032,4.950704634382327,0.045202085792186465
2025-06-23 10:02:49.751390,ProjectB,eu-west-1,DataTransfer,443.4175683956118,8.868351367912236,0.010553338127815563
2025-06-23 10:02:49.751390,ProjectC,ap-southeast-1,EC2,110.16209767519608,11.016209767519609,2.313404051179117
2025-06-23 10:02:49.751390,ProjectC,us-east-1,RDS,50.60882283445673,7.591323425168509,1.5751996107224657
2025-06-23 10:02:49.751390,ProjectC,us-east-1,S3,174.53630531996325,4.0143350223591545,0.036216283353892376
2025-06-23 10:02:49.751390,ProjectC,ap-southeast-1,DataTransfer,511.1015859619698,10.222031719239396,0.021466266610402733
2025-06-23 10:02:49.751390,ProjectD,us-east-1,EC2,100.0697313255949,10.00697313255949,2.0764469250060937
2025-06-23 10:02:49.751390,ProjectD,ap-southeast-1,RDS,42.76879638592024,6.415319457888036,1.3472170861564874
2025-06-23 10:02:49.751390,ProjectD,ap-southeast-1,S3,246.87679790858363,5.678166351897424,0.05184412756080256
2025-06-23 10:02:49.751390,ProjectD,eu-west-1,DataTransfer,420.2393126834973,8.404786253669945,0.010001695641867236
2025-06-24 10:02:49.751390,ProjectA,ap-southeast-1,EC2,100.6611122836794,10.06611122836794,2.1138833579572673
2025-06-24 10:02:49.751390,ProjectA,us-east-1,RDS,50.08714101605775,7.513071152408662,1.5589622641247973
2025-06-24 10:02:49.751390,ProjectA,ap-southeast-1,S3,196.99166338823267,4.530808257929351,0.04136824931152886
2025-06-24 10:02:49.751390,ProjectA,us-east-1,DataTransfer,526.5071132479559,10.530142264959116,0.021850045199790172
2025-06-24 10:02:49.751390,ProjectB,ap-southeast-1,EC2,105.01777040862792,10.501777040862793,2.2053731785811865
2025-06-24 10:02:49.751390,ProjectB,us-east-1,RDS,60.14019768207666,9.0210296523115,1.871863652854636
2025-06-24 10:02:49.751390,ProjectB,eu-west-1,S3,182.29430349293435,4.19276898033749,0.021693022115659186
2025-06-24 10:02:49.751390,ProjectB,ap-southeast-1,DataTransfer,611.0595859002589,12.221191718005178,0.025664502607810873
2025-06-24 10:02:49.751390,ProjectC,us-east-1,EC2,120.71977854261722,12.071977854261725,2.5049354047593075
2025-06-24 10:02:49.751390,ProjectC,us-east-1,RDS,52.197330520392185,7.8295995780588274,1.624641912447207
2025-06-24 10:02:49.751390,ProjectC,ap-southeast-1,S3,223.80707762694237,5.147562785419674,0.0469994863016579
2025-06-24 10:02:49.751390,ProjectC,us-east-1,DataTransfer,457.7223995580123,9.154447991160248,0.018995479581657513
2025-06-24 10:02:49.751390,ProjectD,eu-west-1,EC2,95.75690068800031,9.575690068800032,1.1395071181872038
2025-06-24 10:02:49.751390,ProjectD,us-east-1,RDS,42.9834828657849,6.447522429867735,1.3378609041975549
2025-06-24 10:02:49.751390,ProjectD,ap-southeast-1,S3,202.431092686309,4.655915131785107,0.04251052946412488
2025-06-24 10:02:49.751390,ProjectD,ap-southeast-1,DataTransfer,434.8464604882838,8.696929209765676,0.01826355134050792
2025-06-25 10:02:49.751390,ProjectA,ap-southeast-1,EC2,91.42248482250956,9.142248482250958,1.9198721812727007
2025-06-25 10:02:49.751390,ProjectA,us-east-1,RDS,41.47767454692995,6.221651182039492,1.2909926202731945
2025-06-25 10:02:49.751390,ProjectA,us-east-1,S3,239.03883482513672,5.497893200978145,0.04960055822621587
2025-06-25 10:02:49.751390,ProjectA,us-east-1,DataTransfer,566.9897398767704,11.339794797535408,0.02353007420488597
2025-06-25 10:02:49.751390,ProjectB,ap-southeast-1,EC2,90.28484824596268,9.02848482459627,1.8959818131652162
2025-06-25 10:02:49.751390,ProjectB,ap-southeast-1,RDS,45.50608439394394,6.825912659091592,1.4334416584092338
2025-06-25 10:02:49.751390,ProjectB,us-east-1,S3,204.40746675275625,4.701371735313393,0.04241454935119692
2025-06-25 10:02:49.751390,ProjectB,us-east-1,DataTransfer,457.096826014825,9.141936520296502,0.01896951827961524
2025-06-25 10:02:49.751390,ProjectC,eu-west-1,EC2,89.17434137671141,8.917434137671142,1.061174662382866
2025-06-25 10:02:49.751390,ProjectC,ap-southeast-1,RDS,50.10975828213692,7.516463742320537,1.578457385887313
2025-06-25 10:02:49.751390,ProjectC,us-east-1,S3,235.7458734363101,5.422155089035132,0.04891726873803434
2025-06-25 10:02:49.751390,ProjectC,eu-west-1,DataTransfer,579.4429156474915,11.588858312949831,0.0137907413924103
2025-06-25 10:02:49.751390,ProjectD,eu-west-1,EC2,98.08222682123818,9.80822268212382,1.1671784991727343
2025-06-25 10:02:49.751390,ProjectD,ap-southeast-1,RDS,43.96743299066842,6.595114948600263,1.384974139206055
2025-06-25 10:02:49.751390,ProjectD,ap-southeast-1,S3,172.7884729763177,3.974134878455307,0.03628557932502672
2025-06-25 10:02:49.751390,ProjectD,eu-west-1,DataTransfer,612.1608170375351,12.243216340750704,0.014569427445493338
2025-06-26 10:02:49.751390,ProjectA,eu-west-1,EC2,103.2224678174494,10.322246781744942,1.2283473670276477
2025-06-26 10:02:49.751390,ProjectA,eu-west-1,RDS,52.21036782723194,7.831555174084791,0.9319550657160902
2025-06-26 10:02:49.751390,ProjectA,us-east-1,S3,203.70431478967217,4.68519924016246,0.04226864531885697
2025-06-26 10:02:49.751390,ProjectA,ap-southeast-1,DataTransfer,610.1189826674047,12.202379653348094,0.025624997272031
2025-06-26 10:02:49.751390,ProjectB,eu-west-1,EC2,114.50860797882912,11.450860797882914,1.3626524349480664
2025-06-26 10:02:49.751390,ProjectB,ap-southeast-1,RDS,56.55383383077206,8.483075074615808,1.7814457656693197
2025-06-26 10:02:49.751390,ProjectB,us-east-1,S3,206.9930857327361,4.76084097185293,0.042951065289542734
2025-06-26 10:02:49.751390,ProjectB,us-east-1,DataTransfer,596.2952928621982,11.925905857243963,0.024746254653781222
2025-06-26 10:02:49.751390,ProjectC,eu-west-1,EC2,96.07374693426516,9.607374693426518,1.1432775885177553
2025-06-26 10:02:49.751390,ProjectC,ap-southeast-1,RDS,46.60118315634155,6.990177473451232,1.4679372694247588
2025-06-26 10:02:49.751390,ProjectC,us-east-1,S3,209.29379442966,4.81375727188218,0.04342846234415445
2025-06-26 10:02:49.751390,ProjectC,us-east-1,DataTransfer,535.1152109557105,10.70230421911421,0.02220728125466199
2025-06-26 10:02:49.751390,ProjectD,us-east-1,EC2,114.92601662811452,11.492601662811452,2.3847148450333764
2025-06-26 10:02:49.751390,ProjectD,us-east-1,RDS,60.29781757514763,9.044672636272145,1.8767695720264703
2025-06-26 10:02:49.751390,ProjectD,eu-west-1,S3,188.27846588572072,4.330404715371577,0.022405137440400767
2025-06-26 10:02:49.751390,ProjectD,ap-southeast-1,DataTransfer,425.2734585262925,8.505469170525851,0.017861485258104284
2025-06-27 10:02:49.751390,ProjectA,us-east-1,EC2,101.94516500491817,10.194516500491815,2.115362173852052
2025-06-27 10:02:49.751390,ProjectA,ap-southeast-1,RDS,58.43102674742227,8.76465401211334,1.8405773425438012
2025-06-27 10:02:49.751390,ProjectA,us-east-1,S3,229.4782342158173,5.277999386963798,0.047616733599782086
2025-06-27 10:02:49.751390,ProjectA,us-east-1,DataTransfer,544.569863788663,10.891397275773262,0.022599649347229515
2025-06-27 10:02:49.751390,ProjectB,us-east-1,EC2,84.11514404451404,8.411514404451404,1.7453892389236663
2025-06-27 10:02:49.751390,ProjectB,us-east-1,RDS,42.703156401659406,6.405473460248911,1.3291357430016488
2025-06-27 10:02:49.751390,ProjectB,ap-southeast-1,S3,169.21018868555325,3.891834339767725,0.03553413962396618
2025-06-27 10:02:49.751390,ProjectB,eu-west-1,DataTransfer,550.7459466745055,11.01491893349011,0.013107753530853233
2025-06-27 10:02:49.751390,ProjectC,eu-west-1,EC2,99.46254119890364,9.946254119890366,1.1836042402669533
2025-06-27 10:02:49.751390,ProjectC,eu-west-1,RDS,45.70290615913565,6.855435923870347,0.8157968749405713
2025-06-27 10:02:49.751390,ProjectC,eu-west-1,S3,230.98349342733232,5.312620348828643,0.027487035717852545
2025-06-27 10:02:49.751390,ProjectC,ap-southeast-1,DataTransfer,602.2976674437751,12.045953348875504,0.025296502032638557
2025-06-27 10:02:49.751390,ProjectD,ap-southeast-1,EC2,95.28353201996848,9.528353201996849,2.000954172419338
2025-06-27 10:02:49.751390,ProjectD,eu-west-1,RDS,48.699635329403705,7.304945299410555,0.8692884906298561
2025-06-27 10:02:49.751390,ProjectD,us-east-1,S3,220.1223089595124,5.062813106068786,0.04567537910909882
2025-06-27 10:02:49.751390,ProjectD,ap-southeast-1,DataTransfer,421.90795090157576,8.438159018031515,0.017720133937866183
2025-06-28 10:02:49.751390,ProjectA,eu-west-1,EC2,85.691475982919,8.5691475982919,1.0197285641967362
2025-06-28 10:02:49.751390,ProjectA,eu-west-1,RDS,41.51033229423239,6.226549844134858,0.7409594314520482
2025-06-28 10:02:49.751390,ProjectA,ap-southeast-1,S3,194.88925509157767,4.482452867106287,0.04092674356923131
2025-06-28 10:02:49.751390,ProjectA,us-east-1,DataTransfer,586.9077615500695,11.73815523100139,0.024356672104327882
2025-06-28 10:02:49.751390,ProjectB,us-east-1,EC2,93.29885504888983,9.329885504888985,1.9359512422644638
2025-06-28 10:02:49.751390,ProjectB,ap-southeast-1,RDS,50.73029489918367,7.60954423487755,1.5980042893242856
2025-06-28 10:02:49.751390,ProjectB,us-east-1,S3,240.0104527452119,5.520240413139874,0.04980216894463147
2025-06-28 10:02:49.751390,ProjectB,ap-southeast-1,DataTransfer,417.6858003012696,8.353716006025392,0.017542803612653323
2025-06-28 10:02:49.751390,ProjectC,eu-west-1,EC2,115.19446474157766,11.519446474157768,1.3708141304247743
2025-06-28 10:02:49.751390,ProjectC,us-east-1,RDS,59.78527056772297,8.967790585158445,1.8608165464203772
2025-06-28 10:02:49.751390,ProjectC,ap-southeast-1,S3,166.8266309618903,3.8370125121234766,0.03503359250199696
2025-06-28 10:02:49.751390,ProjectC,us-east-1,DataTransfer,442.7495307354457,8.854990614708914,0.018374105525520996
2025-06-28 10:02:49.751390,ProjectD,eu-west-1,EC2,98.68463534813844,9.868463534813843,1.1743471606428473
2025-06-28 10:02:49.751390,ProjectD,eu-west-1,RDS,55.32482990909616,8.298724486364424,0.9875482138773665
2025-06-28 10:02:49.751390,ProjectD,eu-west-1,S3,229.8825372989935,5.287298357876851,0.027356021938580225
2025-06-28 10:02:49.751390,ProjectD,ap-southeast-1,DataTransfer,505.65784437219145,10.113156887443829,0.021237629463632043
2025-06-29 10:02:49.751390,ProjectA,eu-west-1,EC2,87.34934737456409,8.73493473745641,1.0394572337573127
2025-06-29 10:02:49.751390,ProjectA,ap-southeast-1,RDS,45.86637008654267,6.879955512981401,1.444790657726094
2025-06-29 10:02:49.751390,ProjectA,ap-southeast-1,S3,235.0990038554199,5.4072770886746575,0.04937079080963818
2025-06-29 10:02:49.751390,ProjectA,us-east-1,DataTransfer,578.0296934111676,11.560593868223352,0.023988232276563454
2025-06-29 10:02:49.751390,ProjectB,us-east-1,EC2,112.03706283413185,11.203706283413185,2.324769053808236
2025-06-29 10:02:49.751390,ProjectB,us-east-1,RDS,50.2042465942869,7.530636989143034,1.5626071752471797
2025-06-29 10:02:49.751390,ProjectB,eu-west-1,S3,233.49373988700103,5.370356017401024,0.02778575504655312
2025-06-29 10:02:49.751390,ProjectB,us-east-1,DataTransfer,569.1833250825174,11.383666501650348,0.023621107990924473
2025-06-29 10:02:49.751390,ProjectC,ap-southeast-1,EC2,117.41289428862694,11.741289428862697,2.4656707800611657
2025-06-29 10:02:49.751390,ProjectC,us-east-1,RDS,48.92475505785908,7.338713258678862,1.5227830011758636
2025-06-29 10:02:49.751390,ProjectC,eu-west-1,S3,183.12918453026683,4.211971244196137,0.02179237295910175
2025-06-29 10:02:49.751390,ProjectC,eu-west-1,DataTransfer,459.6378395927904,9.192756791855809,0.01093938058230841
2025-06-29 10:02:49.751390,ProjectD,us-east-1,EC2,85.62771471397213,8.562771471397213,1.7767750803149216
2025-06-29 10:02:49.751390,ProjectD,ap-southeast-1,RDS,58.51322931154931,8.776984396732397,1.843166723313803
2025-06-29 10:02:49.751390,ProjectD,eu-west-1,S3,233.47488147130036,5.369922273839908,0.02778351089508474
2025-06-29 10:02:49.751390,ProjectD,ap-southeast-1,DataTransfer,454.66385922784696,9.09327718455694,0.01909588208756957
2025-06-30 10:02:49.751390,ProjectA,eu-west-1,EC2,82.25624664378823,8.225624664378824,0.97884933506108
2025-06-30 10:02:49.751390,ProjectA,ap-southeast-1,RDS,57.77688797345363,8.666533196018044,1.8199719711637892
2025-06-30 10:02:49.751390,ProjectA,ap-southeast-1,S3,233.32199063330089,5.366405784565919,0.048997618032993184
2025-06-30 10:02:49.751390,ProjectA,eu-west-1,DataTransfer,422.82108762290153,8.45642175245803,0.010063141885425057
2025-06-30 10:02:49.751390,ProjectB,eu-west-1,EC2,98.51741242194956,9.851741242194956,1.1723572078211997
2025-06-30 10:02:49.751390,ProjectB,eu-west-1,RDS,51.09412596680741,7.66411889502111,0.9120301485075123
2025-06-30 10:02:49.751390,ProjectB,us-east-1,S3,164.4809897997279,3.783062765393741,0.03412980538344353
2025-06-30 10:02:49.751390,ProjectB,ap-southeast-1,DataTransfer,503.79819642053775,10.075963928410756,0.021159524249662585
2025-06-30 10:02:49.751390,ProjectC,eu-west-1,EC2,95.25985829604546,9.525985829604547,1.133592313722941
2025-06-30 10:02:49.751390,ProjectC,us-east-1,RDS,43.631191507772726,6.544678726165909,1.358020835679426
2025-06-30 10:02:49.751390,ProjectC,eu-west-1,S3,187.49592465428785,4.31240626704862,0.022312015033860252
2025-06-30 10:02:49.751390,ProjectC,ap-southeast-1,DataTransfer,411.0329482705845,8.22065896541169,0.01726338382736455
2025-06-30 10:02:49.751390,ProjectD,ap-southeast-1,EC2,111.9640466897772,11.19640466897772,2.3512449804853213
2025-06-30 10:02:49.751390,ProjectD,ap-southeast-1,RDS,54.46662014111536,8.169993021167304,1.7156985344451339
2025-06-30 10:02:49.751390,ProjectD,eu-west-1,S3,236.1419223200866,5.431264213361992,0.028100888756090306
2025-06-30 10:02:49.751390,ProjectD,us-east-1,DataTransfer,587.6407756111212,11.752815512222424,0.024387092187861528
2025-07-01 10:02:49.751390,ProjectA,ap-southeast-1,EC2,95.92543599408074,9.592543599408074,2.0144341558756955
2025-07-01 10:02:49.751390,ProjectA,eu-west-1,RDS,51.600866015211295,7.740129902281694,0.9210754583715217
2025-07-01 10:02:49.751390,ProjectA,eu-west-1,S3,224.15727713321652,5.155617374063981,0.026674715978852768
2025-07-01 10:02:49.751390,ProjectA,us-east-1,DataTransfer,527.0034871569809,10.540069743139618,0.021870644717014706
2025-07-01 10:02:49.751390,ProjectB,us-east-1,EC2,86.72870719246278,8.672870719246278,1.7996206742436023
2025-07-01 10:02:49.751390,ProjectB,us-east-1,RDS,59.39088014683839,8.908632022025758,1.8485411445703448
2025-07-01 10:02:49.751390,ProjectB,us-east-1,S3,196.73094486989143,4.524811732007503,0.04082167106050247
2025-07-01 10:02:49.751390,ProjectB,eu-west-1,DataTransfer,565.5826745808945,11.31165349161789,0.013460867655025289
2025-07-01 10:02:49.751390,ProjectC,eu-west-1,EC2,97.48301821308785,9.748301821308784,1.1600479167357456
2025-07-01 10:02:49.751390,ProjectC,eu-west-1,RDS,48.46254242741352,7.269381364112029,0.8650563823293312
2025-07-01 10:02:49.751390,ProjectC,eu-west-1,S3,223.15827666133143,5.132640363210623,0.02655583492269844
2025-07-01 10:02:49.751390,ProjectC,ap-southeast-1,DataTransfer,538.7227210788026,10.774454421576053,0.02262635428530971
2025-07-01 10:02:49.751390,ProjectD,us-east-1,EC2,90.65390957246343,9.065390957246343,1.8810686236286163
2025-07-01 10:02:49.751390,ProjectD,eu-west-1,RDS,42.32445451047894,6.348668176571841,0.755491513012049
2025-07-01 10:02:49.751390,ProjectD,eu-west-1,S3,215.44402542097927,4.955212584682523,0.02563783902509653
2025-07-01 10:02:49.751390,ProjectD,us-east-1,DataTransfer,414.8485449878724,8.296970899757449,0.017216214616996704
2025-07-02 10:02:49.751390,ProjectA,ap-southeast-1,EC2,97.309404286338,9.7309404286338,2.0434974900130976
2025-07-02 10:02:49.751390,ProjectA,ap-southeast-1,RDS,57.03172784639438,8.554759176959157,1.796499427161423
2025-07-02 10:02:49.751390,ProjectA,eu-west-1,S3,185.41018939075263,4.264434355987311,0.02206381253749956
2025-07-02 10:02:49.751390,ProjectA,eu-west-1,DataTransfer,548.1899211460776,10.963798422921553,0.013046920123276648
2025-07-02 10:02:49.751390,ProjectB,eu-west-1,EC2,103.80349530177476,10.380349530177476,1.2352615940911196
2025-07-02 10:02:49.751390,ProjectB,us-east-1,RDS,40.016602844099175,6.002490426614876,1.2455167635225866
2025-07-02 10:02:49.751390,ProjectB,us-east-1,S3,166.09723809908084,3.820236476278859,0.034465176905559274
2025-07-02 10:02:49.751390,ProjectB,ap-southeast-1,DataTransfer,410.2244806819197,8.204489613638394,0.01722942818864063
2025-07-02 10:02:49.751390,ProjectC,eu-west-1,EC2,119.41609292686648,11.941609292686648,1.421051505829711
2025-07-02 10:02:49.751390,ProjectC,eu-west-1,RDS,43.93203099065735,6.5898046485986015,0.7841867531832337
2025-07-02 10:02:49.751390,ProjectC,eu-west-1,S3,179.8832911448346,4.1373156963311954,0.021406111646235314
2025-07-02 10:02:49.751390,ProjectC,ap-southeast-1,DataTransfer,527.9207002596779,10.558414005193558,0.02217266941090647
2025-07-02 10:02:49.751390,ProjectD,us-east-1,EC2,80.43049285382155,8.043049285382155,1.668932726716797
2025-07-02 10:02:49.751390,ProjectD,eu-west-1,RDS,51.56503090541951,7.734754635812926,0.9204358016617382
2025-07-02 10:02:49.751390,ProjectD,eu-west-1,S3,189.27718995723475,4.353375369016399,0.022523985604910934
2025-07-02 10:02:49.751390,ProjectD,ap-southeast-1,DataTransfer,449.4062083856593,8.988124167713186,0.018875060752197692
2025-07-03 10:02:49.751390,ProjectA,ap-southeast-1,EC2,103.314457725921,10.3314457725921,2.169603612244341
2025-07-03 10:02:49.751390,ProjectA,us-east-1,RDS,58.05366703943428,8.708050055915141,1.806920386602392
2025-07-03 10:02:49.751390,ProjectA,ap-southeast-1,S3,174.5747152393081,4.015218450504086,0.0366606902002547
2025-07-03 10:02:49.751390,ProjectA,us-east-1,DataTransfer,449.2295446687448,8.984590893374897,0.018643026103752906
2025-07-03 10:02:49.751390,ProjectB,eu-west-1,EC2,92.072002539904,9.2072002539904,1.0956568302248577
2025-07-03 10:02:49.751390,ProjectB,ap-southeast-1,RDS,50.043855046163145,7.506578256924471,1.576381433954139
2025-07-03 10:02:49.751390,ProjectB,eu-west-1,S3,191.77973851059045,4.41093398574358,0.02282178888276026
2025-07-03 10:02:49.751390,ProjectB,us-east-1,DataTransfer,444.0576027569346,8.881152055138694,0.01842839051441279
2025-07-03 10:02:49.751390,ProjectC,us-east-1,EC2,112.56051049356248,11.256051049356248,2.335630592741421
2025-07-03 10:02:49.751390,ProjectC,ap-southeast-1,RDS,43.61710977726257,6.542566466589386,1.3739389579837709
2025-07-03 10:02:49.751390,ProjectC,eu-west-1,S3,186.8152665878952,4.29675113152159,0.022231016723959527
2025-07-03 10:02:49.751390,ProjectC,eu-west-1,DataTransfer,572.0805589918326,11.441611179836652,0.013615517304005616
2025-07-03 10:02:49.751390,ProjectD,ap-southeast-1,EC2,86.34112626118048,8.634112626118048,1.8131636514847898
2025-07-03 10:02:49.751390,ProjectD,eu-west-1,RDS,49.45347715721704,7.418021573582556,0.8827445672563241
2025-07-03 10:02:49.751390,ProjectD,ap-southeast-1,S3,220.82247924717623,5.0789170226850535,0.046372720641907006
2025-07-03 10:02:49.751390,ProjectD,ap-southeast-1,DataTransfer,443.0897447701117,8.861794895402234,0.01860976928034469
2025-07-04 10:02:49.751390,ProjectA,ap-southeast-1,EC2,81.6976740975969,8.169767409759691,1.7156511560495347
2025-07-04 10:02:49.751390,ProjectA,us-east-1,RDS,52.56296405424302,7.884444608136451,1.636022256188314
2025-07-04 10:02:49.751390,ProjectA,us-east-1,S3,174.22452863633623,4.007164158635733,0.036151589692039764
2025-07-04 10:02:49.751390,ProjectA,us-east-1,DataTransfer,425.4101674771889,8.508203349543777,0.01765452195030334
2025-07-04 10:02:49.751390,ProjectB,ap-southeast-1,EC2,94.8087558784434,9.48087558784434,1.9909838734473115
2025-07-04 10:02:49.751390,ProjectB,ap-southeast-1,RDS,52.056977223334094,7.808546583500114,1.6397947825350239
2025-07-04 10:02:49.751390,ProjectB,us-east-1,S3,162.6586980379644,3.741150054873181,0.033751679842877615
2025-07-04 10:02:49.751390,ProjectB,eu-west-1,DataTransfer,502.6903105633184,10.053806211266368,0.011964029391406977
2025-07-04 10:02:49.751390,ProjectC,eu-west-1,EC2,85.43078118535308,8.543078118535309,1.0166262961057015
2025-07-04 10:02:49.751390,ProjectC,ap-southeast-1,RDS,43.331002362826894,6.499650354424034,1.364926574429047
2025-07-04 10:02:49.751390,ProjectC,us-east-1,S3,217.27607982403717,4.997349835952854,0.04508478656348771
2025-07-04 10:02:49.751390,ProjectC,eu-west-1,DataTransfer,446.5396937489087,8.930793874978175,0.010627644711224026
2025-07-04 10:02:49.751390,ProjectD,ap-southeast-1,EC2,93.75276519526224,9.375276519526222,1.968808069100507
2025-07-04 10:02:49.751390,ProjectD,ap-southeast-1,RDS,55.74904456093179,8.362356684139769,1.7560949036693514
2025-07-04 10:02:49.751390,ProjectD,us-east-1,S3,213.74003855012413,4.916020886652856,0.044351057999150754
2025-07-04 10:02:49.751390,ProjectD,ap-southeast-1,DataTransfer,584.8358962784906,11.696717925569812,0.024563107643696607
2025-07-05 10:02:49.751390,ProjectA,us-east-1,EC2,90.99640897095718,9.099640897095718,1.8881754861473614
2025-07-05 10:02:49.751390,ProjectA,eu-west-1,RDS,42.7560905087993,6.413413576319895,0.7631962155820675
2025-07-05 10:02:49.751390,ProjectA,eu-west-1,S3,205.1293257596853,4.717974492472761,0.024410389765402548
2025-07-05 10:02:49.751390,ProjectA,us-east-1,DataTransfer,558.0060845828808,11.160121691657617,0.023157252510189553
2025-07-05 10:02:49.751390,ProjectB,eu-west-1,EC2,116.41782579432022,11.641782579432023,1.3853721269524104
2025-07-05 10:02:49.751390,ProjectB,ap-southeast-1,RDS,49.70361030901234,7.455541546351851,1.5656637247338887
2025-07-05 10:02:49.751390,ProjectB,us-east-1,S3,221.9988134643241,5.105972709679454,0.046064753793847245
2025-07-05 10:02:49.751390,ProjectB,us-east-1,DataTransfer,426.58613862297807,8.531722772459561,0.01770332475285359
2025-07-05 10:02:49.751390,ProjectC,us-east-1,EC2,106.45383701120012,10.645383701120013,2.2089171179824025
2025-07-05 10:02:49.751390,ProjectC,eu-west-1,RDS,39.36261920333683,5.904392880500524,0.7026227527795624
2025-07-05 10:02:49.751390,ProjectC,ap-southeast-1,S3,218.6217920613918,5.028301217412011,0.04591057633289227
2025-07-05 10:02:49.751390,ProjectC,eu-west-1,DataTransfer,440.2308513719488,8.804617027438976,0.010477494262652381
2025-07-05 10:02:49.751390,ProjectD,eu-west-1,EC2,105.3400871887265,10.53400871887265,1.2535470375458453
2025-07-05 10:02:49.751390,ProjectD,ap-southeast-1,RDS,49.93075977710144,7.489613966565215,1.5728189329786955
2025-07-05 10:02:49.751390,ProjectD,ap-southeast-1,S3,211.15815670284644,4.856637604165468,0.04434321290759775
2025-07-05 10:02:49.751390,ProjectD,ap-southeast-1,DataTransfer,506.8212588569338,10.136425177138676,0.02128649287199122
2025-07-06 10:02:49.751390,ProjectA,us-east-1,EC2,107.38416779773408,10.738416779773408,2.228221481802982
2025-07-06 10:02:49.751390,ProjectA,us-east-1,RDS,58.34460374905903,8.751690562358853,1.8159757916894625
2025-07-06 10:02:49.751390,ProjectA,ap-southeast-1,S3,166.90637638126142,3.8388466567690127,0.0350503390400649
2025-07-06 10:02:49.751390,ProjectA,eu-west-1,DataTransfer,455.51371690263386,9.110274338052678,0.010841226462282687
2025-07-06 10:02:49.751390,ProjectB,eu-west-1,EC2,90.14157560447478,9.014157560447478,1.07268474969325
2025-07-06 10:02:49.751390,ProjectB,eu-west-1,RDS,39.13600875883634,5.870401313825451,0.6985777563452287
2025-07-06 10:02:49.751390,ProjectB,ap-southeast-1,S3,222.04862387854595,5.107118349206557,0.046630211014494646
2025-07-06 10:02:49.751390,ProjectB,ap-southeast-1,DataTransfer,441.8950121455365,8.83790024291073,0.018559590510112533
2025-07-06 10:02:49.751390,ProjectC,us-east-1,EC2,81.7661350078638,8.17661350078638,1.6966473014131735
2025-07-06 10:02:49.751390,ProjectC,eu-west-1,RDS,46.13073009676103,6.919609514514154,0.8234335322271843
2025-07-06 10:02:49.751390,ProjectC,ap-southeast-1,S3,175.26011427209403,4.030982628258163,0.03680462399713975
2025-07-06 10:02:49.751390,ProjectC,eu-west-1,DataTransfer,482.4705669468836,9.649411338937671,0.011482799493335829
2025-07-06 10:02:49.751390,ProjectD,eu-west-1,EC2,101.88715599008704,10.188715599008704,1.2124571562820354
2025-07-06 10:02:49.751390,ProjectD,us-east-1,RDS,51.799148195040495,7.769872229256074,1.6122484875706353
2025-07-06 10:02:49.751390,ProjectD,eu-west-1,S3,162.68958788890018,3.741860521444704,0.01936006095877912
2025-07-06 10:02:49.751390,ProjectD,eu-west-1,DataTransfer,399.11752685987415,7.982350537197483,0.009498997139265004
2025-07-07 10:02:49.751390,ProjectA,us-east-1,EC2,94.8076826779547,9.48076826779547,1.96725941556756
2025-07-07 10:02:49.751390,ProjectA,ap-southeast-1,RDS,57.68237227398394,8.652355841097592,1.8169947266304942
2025-07-07 10:02:49.751390,ProjectA,eu-west-1,S3,200.09834389252265,4.602261909528021,0.023811702923210193
2025-07-07 10:02:49.751390,ProjectA,eu-west-1,DataTransfer,576.1148187653528,11.522296375307056,0.013711532686615397
2025-07-07 10:02:49.751390,ProjectB,ap-southeast-1,EC2,84.87400200318017,8.487400200318017,1.7823540420667832
2025-07-07 10:02:49.751390,ProjectB,us-east-1,RDS,54.24868558381469,8.137302837572204,1.6884903387962322
2025-07-07 10:02:49.751390,ProjectB,ap-southeast-1,S3,162.140730444694,3.7292368002279614,0.03404955339338574
2025-07-07 10:02:49.751390,ProjectB,ap-southeast-1,DataTransfer,570.8037241879126,11.416074483758251,0.02397375641589233
2025-07-07 10:02:49.751390,ProjectC,eu-west-1,EC2,92.05746009998307,9.205746009998307,1.0954837751897986
2025-07-07 10:02:49.751390,ProjectC,us-east-1,RDS,53.9460392222489,8.091905883337335,1.6790704707924968
2025-07-07 10:02:49.751390,ProjectC,eu-west-1,S3,159.5147923203229,3.668840223367426,0.018982260286118425
2025-07-07 10:02:49.751390,ProjectC,eu-west-1,DataTransfer,455.9674214176651,9.119348428353302,0.010852024629740428
2025-07-07 10:02:49.751390,ProjectD,eu-west-1,EC2,102.33018977764976,10.233018977764976,1.217729258354032
2025-07-07 10:02:49.751390,ProjectD,eu-west-1,RDS,40.15171985445627,6.02275797816844,0.7167081994020443
2025-07-07 10:02:49.751390,ProjectD,eu-west-1,S3,232.9923283298928,5.358823551587534,0.027726087071257243
2025-07-07 10:02:49.751390,ProjectD,ap-southeast-1,DataTransfer,542.9795557379051,10.859591114758102,0.022805141340992017
2025-07-08 10:02:49.751390,ProjectA,us-east-1,EC2,98.11515161832114,9.811515161832114,2.0358893960801634
2025-07-08 10:02:49.751390,ProjectA,us-east-1,RDS,57.22130913468822,8.583196370203233,1.781013246817171
2025-07-08 10:02:49.751390,ProjectA,ap-southeast-1,S3,223.0292052647117,5.129671721088369,0.046836133105589456
2025-07-08 10:02:49.751390,ProjectA,ap-southeast-1,DataTransfer,542.3238012013927,10.846476024027854,0.022777599650458495
2025-07-08 10:02:49.751390,ProjectB,eu-west-1,EC2,108.49430643384056,10.849430643384055,1.2910822465627025
2025-07-08 10:02:49.751390,ProjectB,eu-west-1,RDS,55.22144143922302,8.283216215883453,0.9857027296901308
2025-07-08 10:02:49.751390,ProjectB,ap-southeast-1,S3,188.1957552613305,4.328502371010601,0.0395211086048794
2025-07-08 10:02:49.751390,ProjectB,us-east-1,DataTransfer,391.1980610993856,7.823961221987711,0.016234719535624505
2025-07-08 10:02:49.751390,ProjectC,eu-west-1,EC2,82.67737720093982,8.267737720093981,0.9838607886911838
2025-07-08 10:02:49.751390,ProjectC,eu-west-1,RDS,43.47972684363531,6.5219590265452965,0.7761131241588903
2025-07-08 10:02:49.751390,ProjectC,ap-southeast-1,S3,167.80871916333786,3.8596005407567695,0.03523983102430095
2025-07-08 10:02:49.751390,ProjectC,ap-southeast-1,DataTransfer,526.5366183779367,10.530732367558736,0.022114537971873346
2025-07-08 10:02:49.751390,ProjectD,us-east-1,EC2,113.22224871010498,11.322224871010498,2.349361660734678
2025-07-08 10:02:49.751390,ProjectD,eu-west-1,RDS,56.61384971816717,8.492077457725076,1.010557217469284
2025-07-08 10:02:49.751390,ProjectD,us-east-1,S3,192.10596028688437,4.41843708659834,0.039861986759528505
2025-07-08 10:02:49.751390,ProjectD,ap-southeast-1,DataTransfer,486.4190814480701,9.728381628961404,0.020429601420818944
2025-07-09 10:02:49.751390,ProjectA,us-east-1,EC2,86.59318582158363,8.659318582158363,1.7968086057978603
2025-07-09 10:02:49.751390,ProjectA,us-east-1,RDS,47.340472925489344,7.101070938823401,1.4734722198058559
2025-07-09 10:02:49.751390,ProjectA,eu-west-1,S3,212.4459141676284,4.886256025855453,0.02528106378594778
2025-07-09 10:02:49.751390,ProjectA,eu-west-1,DataTransfer,457.0531927646688,9.141063855293377,0.010877865987799117
2025-07-09 10:02:49.751390,ProjectB,eu-west-1,EC2,104.78520676710632,10.478520676710634,1.2469439605285653
2025-07-09 10:02:49.751390,ProjectB,ap-southeast-1,RDS,52.36934661028722,7.855401991543082,1.6496344182240474
2025-07-09 10:02:49.751390,ProjectB,us-east-1,S3,207.182106998198,4.765188460958554,0.04299028720212608
2025-07-09 10:02:49.751390,ProjectB,eu-west-1,DataTransfer,403.0711798848032,8.061423597696065,0.009593094081258316
2025-07-09 10:02:49.751390,ProjectC,eu-west-1,EC2,81.75240087271807,8.175240087271808,0.9728535703853449
2025-07-09 10:02:49.751390,ProjectC,eu-west-1,RDS,46.40065347595529,6.960098021393293,0.8282516645458019
2025-07-09 10:02:49.751390,ProjectC,ap-southeast-1,S3,163.56260589241353,3.761939935525511,0.03434814723740684
2025-07-09 10:02:49.751390,ProjectC,eu-west-1,DataTransfer,437.8477091740797,8.756954183481595,0.010420775478343096
2025-07-09 10:02:49.751390,ProjectD,us-east-1,EC2,108.89844726668872,10.889844726668873,2.259642780783791
2025-07-09 10:02:49.751390,ProjectD,eu-west-1,RDS,41.63668109054794,6.245502163582191,0.7432147574662806
2025-07-09 10:02:49.751390,ProjectD,ap-southeast-1,S3,226.44379694147173,5.20820732965385,0.04755319735770906
2025-07-09 10:02:49.751390,ProjectD,ap-southeast-1,DataTransfer,462.71151795827086,9.254230359165415,0.019433883754247375
2025-07-10 10:02:49.751390,ProjectA,ap-southeast-1,EC2,95.6976730838654,9.569767308386542,2.009651134761173
2025-07-10 10:02:49.751390,ProjectA,us-east-1,RDS,38.79297138627204,5.818945707940805,1.2074312343977174
2025-07-10 10:02:49.751390,ProjectA,ap-southeast-1,S3,205.6346400539128,4.729596721239994,0.043183274411321686
2025-07-10 10:02:49.751390,ProjectA,eu-west-1,DataTransfer,538.9936006424061,10.779872012848124,0.012828047695289268
2025-07-10 10:02:49.751390,ProjectB,us-east-1,EC2,103.90294443522768,10.39029444352277,2.1559860970309743
2025-07-10 10:02:49.751390,ProjectB,us-east-1,RDS,55.71796341614702,8.357694512422054,1.7342216113275761
2025-07-10 10:02:49.751390,ProjectB,ap-southeast-1,S3,203.7141613733009,4.68542571158592,0.042779973888393184
2025-07-10 10:02:49.751390,ProjectB,ap-southeast-1,DataTransfer,512.0061603186322,10.240123206372644,0.02150425873338255
2025-07-10 10:02:49.751390,ProjectC,eu-west-1,EC2,100.32376557606425,10.032376557606426,1.1938528103551644
2025-07-10 10:02:49.751390,ProjectC,ap-southeast-1,RDS,45.30954020710104,6.796431031065157,1.4272505165236824
2025-07-10 10:02:49.751390,ProjectC,ap-southeast-1,S3,154.222466347375,3.547116725989625,0.03238671793294875
2025-07-10 10:02:49.751390,ProjectC,eu-west-1,DataTransfer,520.4448005331719,10.40889601066344,0.012386586252689492
2025-07-10 10:02:49.751390,ProjectD,eu-west-1,EC2,108.90753494527566,10.890753494527566,1.2959996658487802
2025-07-10 10:02:49.751390,ProjectD,ap-southeast-1,RDS,43.577063329401184,6.536559499410178,1.3726774948761373
2025-07-10 10:02:49.751390,ProjectD,eu-west-1,S3,200.9262665154917,4.621304129856309,0.02391022571534351
2025-07-10 10:02:49.751390,ProjectD,us-east-1,DataTransfer,497.0536433662135,9.941072867324271,0.02062772619969786
2025-07-11 10:02:49.751390,ProjectA,eu-west-1,EC2,104.17155099083011,10.417155099083011,1.2396414567908782
2025-07-11 10:02:49.751390,ProjectA,ap-southeast-1,RDS,41.53191533025981,6.2297872995389705,1.3082553329031839
2025-07-11 10:02:49.751390,ProjectA,eu-west-1,S3,203.071864393235,4.670652881044405,0.024165551862794964
2025-07-11 10:02:49.751390,ProjectA,ap-southeast-1,DataTransfer,562.1226527343593,11.242453054687187,0.023609151414843092
2025-07-11 10:02:49.751390,ProjectB,eu-west-1,EC2,93.61579635646062,9.361579635646065,1.1140279766418812
2025-07-11 10:02:49.751390,ProjectB,eu-west-1,RDS,42.29797813869829,6.344696720804744,0.7550189097757645
2025-07-11 10:02:49.751390,ProjectB,ap-southeast-1,S3,173.17693604506724,3.9830695290365465,0.03636715656946412
2025-07-11 10:02:49.751390,ProjectB,eu-west-1,DataTransfer,538.3957454846295,10.76791490969259,0.012813818742534183
2025-07-11 10:02:49.751390,ProjectC,us-east-1,EC2,107.61779125727315,10.761779125727315,2.233069168588418
2025-07-11 10:02:49.751390,ProjectC,eu-west-1,RDS,40.49145741038054,6.073718611557081,0.7227725147752926
2025-07-11 10:02:49.751390,ProjectC,us-east-1,S3,201.2997391087098,4.629893999500325,0.04176969586505728
2025-07-11 10:02:49.751390,ProjectC,us-east-1,DataTransfer,524.0379932847238,10.480759865694475,0.02174757672131604
2025-07-11 10:02:49.751390,ProjectD,ap-southeast-1,EC2,98.8594626943052,9.88594626943052,2.0760487165804085
2025-07-11 10:02:49.751390,ProjectD,ap-southeast-1,RDS,43.22152471264542,6.483228706896813,1.3614780284483305
2025-07-11 10:02:49.751390,ProjectD,eu-west-1,S3,193.99231571139143,4.461823261362003,0.023085085569655578
2025-07-11 10:02:49.751390,ProjectD,us-east-1,DataTransfer,381.452617894095,7.6290523578819,0.015830283642604942
2025-07-12 10:02:49.751390,ProjectA,us-east-1,EC2,77.08226893245083,7.708226893245083,1.5994570803483545
2025-07-12 10:02:49.751390,ProjectA,us-east-1,RDS,47.9633419537961,7.194501293069416,1.4928590183119037
2025-07-12 10:02:49.751390,ProjectA,ap-southeast-1,S3,156.36048723110105,3.596291206315324,0.03283570231853122
2025-07-12 10:02:49.751390,ProjectA,us-east-1,DataTransfer,535.7235953241751,10.714471906483505,0.022232529205953266
2025-07-12 10:02:49.751390,ProjectB,us-east-1,EC2,103.67891692886845,10.367891692886843,2.1513375262740198
2025-07-12 10:02:49.751390,ProjectB,us-east-1,RDS,44.53026684253088,6.679540026379631,1.3860045554737737
2025-07-12 10:02:49.751390,ProjectB,ap-southeast-1,S3,206.3323410428717,4.745643843986049,0.04332979161900305
2025-07-12 10:02:49.751390,ProjectB,eu-west-1,DataTransfer,413.9111389976261,8.278222779952522,0.009851085108143504
2025-07-12 10:02:49.751390,ProjectC,us-east-1,EC2,110.6683343388742,11.06683343388742,2.29636793753164
2025-07-12 10:02:49.751390,ProjectC,eu-west-1,RDS,38.49560783673686,5.7743411755105285,0.687146599885753
2025-07-12 10:02:49.751390,ProjectC,eu-west-1,S3,174.05484580794555,4.003261453582748,0.02071252665114552
2025-07-12 10:02:49.751390,ProjectC,us-east-1,DataTransfer,409.3329688331679,8.186659376663359,0.01698731820657647
2025-07-12 10:02:49.751390,ProjectD,us-east-1,EC2,82.88314625096022,8.288314625096023,1.7198252847074242
2025-07-12 10:02:49.751390,ProjectD,us-east-1,RDS,44.57815742832022,6.686723614248033,1.3874951499564667
2025-07-12 10:02:49.751390,ProjectD,ap-southeast-1,S3,202.2087520067914,4.650801296156202,0.04246383792142619
2025-07-12 10:02:49.751390,ProjectD,us-east-1,DataTransfer,549.9250984023429,10.998501968046858,0.02282189158369723
2025-07-13 10:02:49.751390,ProjectA,us-east-1,EC2,97.4695561851716,9.746955618517164,2.022493290842311
2025-07-13 10:02:49.751390,ProjectA,ap-southeast-1,RDS,51.10968306324173,7.666452459486259,1.6099550164921144
2025-07-13 10:02:49.751390,ProjectA,ap-southeast-1,S3,182.09889017414517,4.188274474005338,0.03824076693657048
2025-07-13 10:02:49.751390,ProjectA,eu-west-1,DataTransfer,386.9264925226242,7.738529850452484,0.009208850522038455
2025-07-13 10:02:49.751390,ProjectB,eu-west-1,EC2,82.32744619324376,8.232744619324377,0.9796966096996006
2025-07-13 10:02:49.751390,ProjectB,eu-west-1,RDS,53.11148870757836,7.966723306136753,0.9480400734302737
2025-07-13 10:02:49.751390,ProjectB,eu-west-1,S3,212.2395925354253,4.881510628314781,0.02525651151171561
2025-07-13 10:02:49.751390,ProjectB,eu-west-1,DataTransfer,530.7016171838378,10.614032343676756,0.01263069848897534
2025-07-13 10:02:49.751390,ProjectC,ap-southeast-1,EC2,78.01218117207866,7.801218117207866,1.6382558046136517
2025-07-13 10:02:49.751390,ProjectC,ap-southeast-1,RDS,41.10241684979033,6.16536252746855,1.2947261307683953
2025-07-13 10:02:49.751390,ProjectC,us-east-1,S3,198.9499696885327,4.575849302836252,0.041282118710370526
2025-07-13 10:02:49.751390,ProjectC,ap-southeast-1,DataTransfer,528.5385613509715,10.57077122701943,0.0221986195767408
2025-07-13 10:02:49.751390,ProjectD,us-east-1,EC2,76.76068987516079,7.676068987516079,1.5927843149095864
2025-07-13 10:02:49.751390,ProjectD,us-east-1,RDS,44.83681264957181,6.725521897435772,1.3955457937179228
2025-07-13 10:02:49.751390,ProjectD,eu-west-1,S3,211.41789074442207,4.862611487121708,0.025158728998586226
2025-07-13 10:02:49.751390,ProjectD,us-east-1,DataTransfer,513.3634823769271,10.267269647538544,0.021304584518642474
2025-07-14 10:02:49.751390,ProjectA,us-east-1,EC2,105.241156430936,10.5241156430936,2.183753995941922
2025-07-14 10:02:49.751390,ProjectA,us-east-1,RDS,44.98010602428006,6.747015903642009,1.400005800005717
2025-07-14 10:02:49.751390,ProjectA,us-east-1,S3,184.0963044012213,4.2342150012280895,0.03819998316325342
2025-07-14 10:02:49.751390,ProjectA,us-east-1,DataTransfer,473.7960458746033,9.475920917492068,0.01966253590379604
2025-07-14 10:02:49.751390,ProjectB,us-east-1,EC2,83.09284214110006,8.309284214110006,1.724176474427826
2025-07-14 10:02:49.751390,ProjectB,us-east-1,RDS,54.70236778350444,8.205355167525665,1.7026111972615754
2025-07-14 10:02:49.751390,ProjectB,ap-southeast-1,S3,161.63710184612316,3.717653342460833,0.03394379138768586
2025-07-14 10:02:49.751390,ProjectB,ap-southeast-1,DataTransfer,481.3619514149105,9.62723902829821,0.02021720195942624
2025-07-14 10:02:49.751390,ProjectC,us-east-1,EC2,79.79342793114226,7.979342793114227,1.6557136295712018
2025-07-14 10:02:49.751390,ProjectC,ap-southeast-1,RDS,52.8401140644598,7.926017109668969,1.6644635930304834
2025-07-14 10:02:49.751390,ProjectC,eu-west-1,S3,214.84394151858876,4.941410654927541,0.02556642904071206
2025-07-14 10:02:49.751390,ProjectC,us-east-1,DataTransfer,559.1356171418873,11.182712342837746,0.023204128111388323
2025-07-14 10:02:49.751390,ProjectD,ap-southeast-1,EC2,86.67901895993367,8.667901895993367,1.820259398158607
2025-07-14 10:02:49.751390,ProjectD,ap-southeast-1,RDS,45.44338141033238,6.816507211549856,1.43146651442547
2025-07-14 10:02:49.751390,ProjectD,ap-southeast-1,S3,214.2446059714111,4.927625937342455,0.04499136725399633
2025-07-14 10:02:49.751390,ProjectD,us-east-1,DataTransfer,511.48284926949793,10.229656985389958,0.021226538244684165
2025-07-15 10:02:49.751390,ProjectA,ap-southeast-1,EC2,84.17665315644216,8.417665315644216,1.7677097162852853
2025-07-15 10:02:49.751390,ProjectA,eu-west-1,RDS,43.62244306936836,6.543366460405253,0.7786606087882252
2025-07-15 10:02:49.751390,ProjectA,eu-west-1,S3,152.579106473724,3.5093194488956523,0.018156913670373157
2025-07-15 10:02:49.751390,ProjectA,eu-west-1,DataTransfer,504.78626862182335,10.095725372436467,0.012013913193199397
2025-07-15 10:02:49.751390,ProjectB,us-east-1,EC2,89.83013054498345,8.983013054498345,1.863975208808406
2025-07-15 10:02:49.751390,ProjectB,us-east-1,RDS,42.5434583244638,6.38151874866957,1.3241651403489356
2025-07-15 10:02:49.751390,ProjectB,ap-southeast-1,S3,218.25194895155855,5.019794825885847,0.0458329092798273
2025-07-15 10:02:49.751390,ProjectB,ap-southeast-1,DataTransfer,424.8592070674647,8.497184141349294,0.017844086696833517
2025-07-15 10:02:49.751390,ProjectC,us-east-1,EC2,79.793543341833,7.9793543341833,1.6557160243430347
2025-07-15 10:02:49.751390,ProjectC,eu-west-1,RDS,48.894310316126415,7.334146547418962,0.8727634391428565
2025-07-15 10:02:49.751390,ProjectC,ap-southeast-1,S3,164.94868914011195,3.793819850222575,0.03463922471942351
2025-07-15 10:02:49.751390,ProjectC,us-east-1,DataTransfer,470.852169278292,9.41704338556584,0.01954036502504912
2025-07-15 10:02:49.751390,ProjectD,eu-west-1,EC2,83.53306631582478,8.353306631582479,0.9940434891583149
2025-07-15 10:02:49.751390,ProjectD,ap-southeast-1,RDS,41.914953922351565,6.287243088352734,1.3203210485540744
2025-07-15 10:02:49.751390,ProjectD,ap-southeast-1,S3,161.45379089188717,3.713437190513405,0.033905296087296304
2025-07-15 10:02:49.751390,ProjectD,us-east-1,DataTransfer,475.4513986492969,9.50902797298594,0.019731233043945823
2025-07-16 10:02:49.751390,ProjectA,ap-southeast-1,EC2,74.8331357808936,7.48331357808936,1.5714958513987656
2025-07-16 10:02:49.751390,ProjectA,eu-west-1,RDS,39.912091371231305,5.986813705684695,0.7124308309764787
2025-07-16 10:02:49.751390,ProjectA,eu-west-1,S3,169.70419377949852,3.903196456928466,0.020194799059760325
2025-07-16 10:02:49.751390,ProjectA,ap-southeast-1,DataTransfer,407.21468740877737,8.144293748175548,0.01710301687116865
2025-07-16 10:02:49.751390,ProjectB,eu-west-1,EC2,96.53470842170496,9.653470842170496,1.148763030218289
2025-07-16 10:02:49.751390,ProjectB,us-east-1,RDS,47.98959610915784,7.1984394163736765,1.4936761788975377
2025-07-16 10:02:49.751390,ProjectB,eu-west-1,S3,158.69875018630407,3.6500712542849936,0.01888515127217018
2025-07-16 10:02:49.751390,ProjectB,eu-west-1,DataTransfer,399.8127470400083,7.996254940800165,0.009515543379552198
2025-07-16 10:02:49.751390,ProjectC,eu-west-1,EC2,109.86202183310276,10.986202183310278,1.3073580598139227
2025-07-16 10:02:49.751390,ProjectC,eu-west-1,RDS,46.44656590707344,6.966984886061016,0.8290712014412609
2025-07-16 10:02:49.751390,ProjectC,ap-southeast-1,S3,185.5843747309634,4.268440618812158,0.038972718693502315
2025-07-16 10:02:49.751390,ProjectC,eu-west-1,DataTransfer,472.585423264654,9.45170846529308,0.011247533073698766
2025-07-16 10:02:49.751390,ProjectD,eu-west-1,EC2,76.42598227492952,7.642598227492953,0.9094691890716613
2025-07-16 10:02:49.751390,ProjectD,us-east-1,RDS,54.51796477653267,8.1776947164799,1.6968716536695796
2025-07-16 10:02:49.751390,ProjectD,ap-southeast-1,S3,203.7551810775461,4.68636916478356,0.04278858802628468
2025-07-16 10:02:49.751390,ProjectD,ap-southeast-1,DataTransfer,501.9891120050576,10.039782240101152,0.02108354270421242
2025-07-17 10:02:49.751390,ProjectA,eu-west-1,EC2,80.51289228560027,8.051289228560028,0.9581034181986431
2025-07-17 10:02:49.751390,ProjectA,us-east-1,RDS,43.44116555387467,6.5161748330812,1.3521062778643491
2025-07-17 10:02:49.751390,ProjectA,ap-southeast-1,S3,150.57985341736787,3.463336628599461,0.031621769217647255
2025-07-17 10:02:49.751390,ProjectA,ap-southeast-1,DataTransfer,529.8173641346872,10.596347282693744,0.022252329293656864
2025-07-17 10:02:49.751390,ProjectB,us-east-1,EC2,98.9928154548306,9.899281545483062,2.054100920687735
2025-07-17 10:02:49.751390,ProjectB,us-east-1,RDS,48.7789938270923,7.316849074063844,1.5182461828682479
2025-07-17 10:02:49.751390,ProjectB,ap-southeast-1,S3,172.81240688354197,3.9746853583214654,0.036290605445543814
2025-07-17 10:02:49.751390,ProjectB,us-east-1,DataTransfer,419.9819892452674,8.39963978490535,0.0174292525536786
2025-07-17 10:02:49.751390,ProjectC,eu-west-1,EC2,81.96939140903184,8.196939140903185,0.9754357577674789
2025-07-17 10:02:49.751390,ProjectC,ap-southeast-1,RDS,46.159448038416414,6.923917205762462,1.4540226132101168
2025-07-17 10:02:49.751390,ProjectC,ap-southeast-1,S3,171.96084260725317,3.955099379966823,0.03611177694752316
2025-07-17 10:02:49.751390,ProjectC,ap-southeast-1,DataTransfer,494.8827462602318,9.897654925204636,0.020785075342929737
2025-07-17 10:02:49.751390,ProjectD,eu-west-1,EC2,86.7412847594995,8.67412847594995,1.032221288638044
2025-07-17 10:02:49.751390,ProjectD,eu-west-1,RDS,44.8501997813045,6.727529967195674,0.8005760660962852
2025-07-17 10:02:49.751390,ProjectD,us-east-1,S3,165.05741190174817,3.796320473740208,0.034249412969612744
2025-07-17 10:02:49.751390,ProjectD,us-east-1,DataTransfer,473.21198612448114,9.464239722489625,0.019638297424165965
2025-07-18 10:02:49.751390,ProjectA,us-east-1,EC2,83.75701634785176,8.375701634785177,1.737958089217924
2025-07-18 10:02:49.751390,ProjectA,eu-west-1,RDS,43.95760368454503,6.593640552681754,0.7846432257691287
2025-07-18 10:02:49.751390,ProjectA,us-east-1,S3,203.3880123933142,4.677924285046227,0.04220301257161269
2025-07-18 10:02:49.751390,ProjectA,us-east-1,DataTransfer,424.4117414808665,8.48823482961733,0.01761308727145596
2025-07-18 10:02:49.751390,ProjectB,eu-west-1,EC2,107.042800535274,10.7042800535274,1.2738093263697605
2025-07-18 10:02:49.751390,ProjectB,eu-west-1,RDS,50.48875420661453,7.5733131309921795,0.9012242625880693
2025-07-18 10:02:49.751390,ProjectB,eu-west-1,S3,218.32572350833044,5.0214916406916,0.02598076109749132
2025-07-18 10:02:49.751390,ProjectB,eu-west-1,DataTransfer,371.3593479986537,7.427186959973073,0.008838352482367957
2025-07-18 10:02:49.751390,ProjectC,us-east-1,EC2,85.20779572948638,8.520779572948639,1.7680617613868421
2025-07-18 10:02:49.751390,ProjectC,ap-southeast-1,RDS,53.08057370021914,7.962086055032871,1.6720380715569028
2025-07-18 10:02:49.751390,ProjectC,eu-west-1,S3,170.03145527147174,3.91072347124385,0.020233743177305134
2025-07-18 10:02:49.751390,ProjectC,us-east-1,DataTransfer,462.9878625606232,9.259757251212465,0.019213996296265863
2025-07-18 10:02:49.751390,ProjectD,ap-southeast-1,EC2,91.1532454288137,9.115324542881371,1.9142181540050875
2025-07-18 10:02:49.751390,ProjectD,eu-west-1,RDS,46.794521195447466,7.01917817931712,0.8352822033387372
2025-07-18 10:02:49.751390,ProjectD,eu-west-1,S3,168.56049042052095,3.8768912796719817,0.020058698360041993
2025-07-18 10:02:49.751390,ProjectD,us-east-1,DataTransfer,394.5740660340858,7.891481320681716,0.01637482374041456
2025-07-19 10:02:49.751390,ProjectA,eu-west-1,EC2,108.63892653445544,10.863892653445546,1.2928032257600197
2025-07-19 10:02:49.751390,ProjectA,ap-southeast-1,RDS,39.119277344460194,5.867891601669029,1.2322572363504962
2025-07-19 10:02:49.751390,ProjectA,eu-west-1,S3,157.47175827491668,3.621850440323084,0.018739139234715086
2025-07-19 10:02:49.751390,ProjectA,us-east-1,DataTransfer,380.8003537999359,7.616007075998718,0.015803214682697343
2025-07-19 10:02:49.751390,ProjectB,us-east-1,EC2,88.26050236521687,8.826050236521686,1.8314054240782502
2025-07-19 10:02:49.751390,ProjectB,eu-west-1,RDS,51.74144292801376,7.761216439202064,0.9235847562650455
2025-07-19 10:02:49.751390,ProjectB,ap-southeast-1,S3,173.78677071651305,3.9970957264798,0.03649522185046774
2025-07-19 10:02:49.751390,ProjectB,ap-southeast-1,DataTransfer,425.696050820244,8.51392101640488,0.01787923413445025
2025-07-19 10:02:49.751390,ProjectC,us-east-1,EC2,81.94085308230976,8.194085308230976,1.700272701457927
2025-07-19 10:02:49.751390,ProjectC,us-east-1,RDS,45.44186750733853,6.81628012610078,1.4143781261659114
2025-07-19 10:02:49.751390,ProjectC,eu-west-1,S3,183.2083203111125,4.213791367155588,0.021801790117022383
2025-07-19 10:02:49.751390,ProjectC,us-east-1,DataTransfer,489.78892089018615,9.795778417803724,0.020326240216942723
2025-07-19 10:02:49.751390,ProjectD,ap-southeast-1,EC2,94.98508492006312,9.498508492006314,1.994686783321325
2025-07-19 10:02:49.751390,ProjectD,ap-southeast-1,RDS,37.05100257208411,5.557650385812616,1.1671065810206493
2025-07-19 10:02:49.751390,ProjectD,eu-west-1,S3,162.12629471758504,3.728904778504456,0.01929302907139262
2025-07-19 10:02:49.751390,ProjectD,ap-southeast-1,DataTransfer,413.3074925433348,8.266149850866695,0.017358914686820062
2025-07-20 10:02:49.751390,ProjectA,eu-west-1,EC2,78.0582933693304,7.805829336933041,0.9288936910950318
2025-07-20 10:02:49.751390,ProjectA,us-east-1,RDS,51.28855987612869,7.693283981419302,1.5963564261445053
2025-07-20 10:02:49.751390,ProjectA,eu-west-1,S3,203.74256216353564,4.68607892976132,0.02424536489746074
2025-07-20 10:02:49.751390,ProjectA,ap-southeast-1,DataTransfer,501.3501914602329,10.027003829204656,0.021056708041329784
2025-07-20 10:02:49.751390,ProjectB,us-east-1,EC2,92.11172656235053,9.211172656235052,1.9113183261687732
2025-07-20 10:02:49.751390,ProjectB,eu-west-1,RDS,46.547912921175374,6.982186938176306,0.8308802456429804
2025-07-20 10:02:49.751390,ProjectB,ap-southeast-1,S3,175.94164901221134,4.046657927280861,0.03694774629256438
2025-07-20 10:02:49.751390,ProjectB,ap-southeast-1,DataTransfer,488.39891619491,9.7679783238982,0.02051275448018622
2025-07-20 10:02:49.751390,ProjectC,us-east-1,EC2,77.94357068370478,7.794357068370478,1.6173290916868739
2025-07-20 10:02:49.751390,ProjectC,us-east-1,RDS,45.91481328735239,6.887221993102858,1.4290985635688431
2025-07-20 10:02:49.751390,ProjectC,us-east-1,S3,181.110715366988,4.165546453440724,0.03758047343865001
2025-07-20 10:02:49.751390,ProjectC,ap-southeast-1,DataTransfer,407.9783446087037,8.159566892174075,0.017135090473565557
2025-07-20 10:02:49.751390,ProjectD,us-east-1,EC2,104.63963219682972,10.463963219682974,2.1712723680842165
2025-07-20 10:02:49.751390,ProjectD,eu-west-1,RDS,40.315824494026174,6.047373674103926,0.7196374672183673
2025-07-20 10:02:49.751390,ProjectD,ap-southeast-1,S3,182.4448762957278,4.19623215480174,0.03831342402210283
2025-07-20 10:02:49.751390,ProjectD,us-east-1,DataTransfer,532.0903516518345,10.64180703303669,0.022081749593551133
2025-07-21 10:02:49.751390,ProjectA,ap-southeast-1,EC2,96.85089507678916,9.685089507678915,2.0338687966125724
2025-07-21 10:02:49.751390,ProjectA,ap-southeast-1,RDS,37.4382969321148,5.6157445398172205,1.1793063533616164
2025-07-21 10:02:49.751390,ProjectA,eu-west-1,S3,182.9844687071476,4.208642780264395,0.021775151776150563
2025-07-21 10:02:49.751390,ProjectA,us-east-1,DataTransfer,387.78343466860446,7.7556686933720895,0.016093012538747085
2025-07-21 10:02:49.751390,ProjectB,eu-west-1,EC2,76.0825368074909,7.60825368074909,0.9053821880091416
2025-07-21 10:02:49.751390,ProjectB,us-east-1,RDS,45.23525433919794,6.785288150879691,1.4079472913075357
2025-07-21 10:02:49.751390,ProjectB,us-east-1,S3,156.93201107692997,3.609436254769389,0.032563392298462966
2025-07-21 10:02:49.751390,ProjectB,us-east-1,DataTransfer,519.8768827143552,10.397537654287104,0.021574890632645744
2025-07-21 10:02:49.751390,ProjectC,ap-southeast-1,EC2,88.78256594706909,8.87825659470691,1.8644338848884505
2025-07-21 10:02:49.751390,ProjectC,eu-west-1,RDS,48.69187968319213,7.303781952478818,0.8691500523449794
2025-07-21 10:02:49.751390,ProjectC,eu-west-1,S3,180.3357388133112,4.147721992706157,0.021459952918784032
2025-07-21 10:02:49.751390,ProjectC,eu-west-1,DataTransfer,422.1130837538595,8.442261675077189,0.010046291393341856
2025-07-21 10:02:49.751390,ProjectD,us-east-1,EC2,88.07189501000154,8.807189501000154,1.827491821457532
2025-07-21 10:02:49.751390,ProjectD,eu-west-1,RDS,38.92961758690478,5.839442638035718,0.6948936739262503
2025-07-21 10:02:49.751390,ProjectD,eu-west-1,S3,212.8875287598777,4.896413161477188,0.025333615922425445
2025-07-21 10:02:49.751390,ProjectD,eu-west-1,DataTransfer,398.2851022067712,7.965702044135424,0.009479185432521155
2025-07-22 10:02:49.751390,ProjectA,ap-southeast-1,EC2,101.2614967622231,10.126149676222312,2.1264914320066852
2025-07-22 10:02:49.751390,ProjectA,us-east-1,RDS,44.13081909927454,6.619622864891181,1.37357174446492
2025-07-22 10:02:49.751390,ProjectA,ap-southeast-1,S3,192.6029998697373,4.429868997003958,0.04044662997264483
2025-07-22 10:02:49.751390,ProjectA,eu-west-1,DataTransfer,367.8076598041338,7.356153196082677,0.008753822303338384
2025-07-22 10:02:49.751390,ProjectB,us-east-1,EC2,86.8737639674425,8.68737639674425,1.8026306023244318
2025-07-22 10:02:49.751390,ProjectB,eu-west-1,RDS,45.78666868846598,6.868000303269897,0.8172920360891177
2025-07-22 10:02:49.751390,ProjectB,ap-southeast-1,S3,210.60747447405697,4.84397191290331,0.04422756963955196
2025-07-22 10:02:49.751390,ProjectB,ap-southeast-1,DataTransfer,375.1559508033861,7.503119016067721,0.015756549933742217
2025-07-22 10:02:49.751390,ProjectC,eu-west-1,EC2,98.22189344235116,9.822189344235118,1.1688405319639785
2025-07-22 10:02:49.751390,ProjectC,us-east-1,RDS,52.85232877318596,7.927849315977894,1.645028733065413
2025-07-22 10:02:49.751390,ProjectC,us-east-1,S3,194.7766650928824,4.479863297136295,0.0404161580067731
2025-07-22 10:02:49.751390,ProjectC,ap-southeast-1,DataTransfer,534.3767437777244,10.687534875554489,0.022443823238664427
2025-07-22 10:02:49.751390,ProjectD,us-east-1,EC2,102.46261624038424,10.246261624038423,2.126099286987973
2025-07-22 10:02:49.751390,ProjectD,us-east-1,RDS,41.14436794628487,6.1716551919427305,1.2806184523281168
2025-07-22 10:02:49.751390,ProjectD,eu-west-1,S3,150.38599908606173,3.45887797897942,0.017895933891241344
2025-07-22 10:02:49.751390,ProjectD,eu-west-1,DataTransfer,515.6743029359643,10.313486058719286,0.012273048409875949
2025-07-23 10:02:49.751390,ProjectA,ap-southeast-1,EC2,79.56397459795178,7.956397459795179,1.6708434665569873
2025-07-23 10:02:49.751390,ProjectA,us-east-1,RDS,38.044700782612495,5.706705117391874,1.1841413118588138
2025-07-23 10:02:49.751390,ProjectA,ap-southeast-1,S3,199.35300986015423,4.585119226783548,0.04186413207063239
2025-07-23 10:02:49.751390,ProjectA,us-east-1,DataTransfer,377.56472739136575,7.5512945478273155,0.01566893618674168
2025-07-23 10:02:49.751390,ProjectB,us-east-1,EC2,73.25496659735876,7.325496659735876,1.5200405568951942
2025-07-23 10:02:49.751390,ProjectB,us-east-1,RDS,38.06062891514676,5.709094337272013,1.184637074983943
2025-07-23 10:02:49.751390,ProjectB,eu-west-1,S3,187.85229390850023,4.320602759895506,0.022354422975111525
2025-07-23 10:02:49.751390,ProjectB,us-east-1,DataTransfer,427.0118976180907,8.540237952361814,0.017720993751150764
2025-07-23 10:02:49.751390,ProjectC,eu-west-1,EC2,106.5210719473742,10.65210719473742,1.267600756173753
2025-07-23 10:02:49.751390,ProjectC,us-east-1,RDS,47.30138594586541,7.095207891879812,1.4722556375650608
2025-07-23 10:02:49.751390,ProjectC,us-east-1,S3,199.1729318623541,4.580977432834144,0.04132838336143847
2025-07-23 10:02:49.751390,ProjectC,us-east-1,DataTransfer,374.9095516234272,7.498191032468545,0.015558746392372228
2025-07-23 10:02:49.751390,ProjectD,us-east-1,EC2,86.0500431895894,8.60500431895894,1.78553839618398
2025-07-23 10:02:49.751390,ProjectD,ap-southeast-1,RDS,47.7033807663092,7.155507114946379,1.50265649413874
2025-07-23 10:02:49.751390,ProjectD,us-east-1,S3,209.4812440745646,4.818068613714986,0.04346735814547215
2025-07-23 10:02:49.751390,ProjectD,ap-southeast-1,DataTransfer,481.2666039672249,9.6253320793445,0.020213197366623446
2025-07-24 10:02:49.751390,ProjectA,ap-southeast-1,EC2,82.45547532965425,8.245547532965425,1.7315649819227392
2025-07-24 10:02:49.751390,ProjectA,ap-southeast-1,RDS,42.03758918455676,6.305638377683514,1.3241840593135379
2025-07-24 10:02:49.751390,ProjectA,us-east-1,S3,187.6284765164144,4.315454959877531,0.03893290887715599
2025-07-24 10:02:49.751390,ProjectA,eu-west-1,DataTransfer,420.52399522519215,8.410479904503843,0.010008471086359574
2025-07-24 10:02:49.751390,ProjectB,ap-southeast-1,EC2,72.00669842262978,7.200669842262979,1.5121406668752253
2025-07-24 10:02:49.751390,ProjectB,eu-west-1,RDS,47.85451420320052,7.178177130480077,0.8542030785271294
2025-07-24 10:02:49.751390,ProjectB,us-east-1,S3,172.81435671691742,3.974730204489101,0.03585897901876036
2025-07-24 10:02:49.751390,ProjectB,ap-southeast-1,DataTransfer,427.8491876834859,8.55698375366972,0.01796966588270641
2025-07-24 10:02:49.751390,ProjectC,ap-southeast-1,EC2,86.19385083461994,8.619385083461994,1.8100708675270187
2025-07-24 10:02:49.751390,ProjectC,eu-west-1,RDS,53.10418463016039,7.965627694524058,0.947909695648363
2025-07-24 10:02:49.751390,ProjectC,ap-southeast-1,S3,143.87157632236375,3.309046255414366,0.030213031027696385
2025-07-24 10:02:49.751390,ProjectC,us-east-1,DataTransfer,456.1670970174699,9.123341940349398,0.018930934526225004
2025-07-24 10:02:49.751390,ProjectD,us-east-1,EC2,90.86727315141552,9.086727315141552,1.885495917891872
2025-07-24 10:02:49.751390,ProjectD,eu-west-1,RDS,42.7231595198113,6.408473927971694,0.7626083974286315
2025-07-24 10:02:49.751390,ProjectD,us-east-1,S3,166.09267932360933,3.820131624443015,0.034464230959648935
2025-07-24 10:02:49.751390,ProjectD,us-east-1,DataTransfer,488.6350665058264,9.77270133011653,0.020278355259991797
2025-07-25 10:02:49.751390,ProjectA,ap-southeast-1,EC2,77.74454112070885,7.774454112070883,1.6326353635348856
2025-07-25 10:02:49.751390,ProjectA,us-east-1,RDS,50.29267374557607,7.54390106183641,1.565359470331055
2025-07-25 10:02:49.751390,ProjectA,ap-southeast-1,S3,209.11268924030455,4.809591852527006,0.04391366474046395
2025-07-25 10:02:49.751390,ProjectA,eu-west-1,DataTransfer,432.8934638711953,8.657869277423906,0.01030286444013445
2025-07-25 10:02:49.751390,ProjectB,eu-west-1,EC2,92.00998768925837,9.200998768925835,1.0949188535021743
2025-07-25 10:02:49.751390,ProjectB,eu-west-1,RDS,43.74869232116885,6.562303848175328,0.780914157932864
2025-07-25 10:02:49.751390,ProjectB,us-east-1,S3,176.4490635703408,4.058328462117839,0.03661318069084571
2025-07-25 10:02:49.751390,ProjectB,eu-west-1,DataTransfer,418.7839037929048,8.375678075858097,0.009967056910271136
2025-07-25 10:02:49.751390,ProjectC,eu-west-1,EC2,85.61612548997532,8.561612548997532,1.0188318933307061
2025-07-25 10:02:49.751390,ProjectC,us-east-1,RDS,47.537651430271744,7.130647714540761,1.4796094007672078
2025-07-25 10:02:49.751390,ProjectC,us-east-1,S3,183.76954228417296,4.226699472535978,0.038132180023965886
2025-07-25 10:02:49.751390,ProjectC,eu-west-1,DataTransfer,503.6163309101012,10.072326618202023,0.011986068675660409
2025-07-25 10:02:49.751390,ProjectD,ap-southeast-1,EC2,71.41169802493913,7.141169802493913,1.4996456585237217
2025-07-25 10:02:49.751390,ProjectD,ap-southeast-1,RDS,50.81363292538971,7.622044938808457,1.600629437149776
2025-07-25 10:02:49.751390,ProjectD,eu-west-1,S3,197.9627219233581,4.5531426042372365,0.02355756390887961
2025-07-25 10:02:49.751390,ProjectD,eu-west-1,DataTransfer,377.65671364468096,7.55313427289362,0.008988229784743406
2025-07-26 10:02:49.751390,ProjectA,us-east-1,EC2,79.86575853551597,7.986575853551597,1.657214489611956
2025-07-26 10:02:49.751390,ProjectA,eu-west-1,RDS,41.74412778153141,6.261619167229712,0.7451326809003356
2025-07-26 10:02:49.751390,ProjectA,ap-southeast-1,S3,154.3754277924355,3.5506348392260163,0.03241883983641145
2025-07-26 10:02:49.751390,ProjectA,ap-southeast-1,DataTransfer,383.4479587714204,7.668959175428409,0.016104814268399655
2025-07-26 10:02:49.751390,ProjectB,us-east-1,EC2,74.89189927504928,7.489189927504928,1.5540069099572726
2025-07-26 10:02:49.751390,ProjectB,us-east-1,RDS,51.21637641351039,7.682456462026558,1.5941097158705109
2025-07-26 10:02:49.751390,ProjectB,ap-southeast-1,S3,202.1646634459869,4.649787259257699,0.042454579323657246
2025-07-26 10:02:49.751390,ProjectB,us-east-1,DataTransfer,408.697830992444,8.17395661984888,0.016960959986186425
2025-07-26 10:02:49.751390,ProjectC,us-east-1,EC2,75.39926492293563,7.539926492293564,1.5645347471509141
2025-07-26 10:02:49.751390,ProjectC,ap-southeast-1,RDS,49.9675086428015,7.495126296420224,1.5739765222482471
2025-07-26 10:02:49.751390,ProjectC,eu-west-1,S3,163.66241274366328,3.764235493104256,0.01947582711649593
2025-07-26 10:02:49.751390,ProjectC,us-east-1,DataTransfer,363.4821629878607,7.269643259757214,0.015084509763996218
2025-07-26 10:02:49.751390,ProjectD,us-east-1,EC2,94.30799851892982,9.430799851892983,1.9568909692677936
2025-07-26 10:02:49.751390,ProjectD,us-east-1,RDS,41.64088618174299,6.246132927261448,1.2960725824067505
2025-07-26 10:02:49.751390,ProjectD,us-east-1,S3,142.82020691112064,3.2848647589557745,0.02963519293405753
2025-07-26 10:02:49.751390,ProjectD,ap-southeast-1,DataTransfer,440.8603038523783,8.817206077047565,0.018516132761799888
2025-07-27 10:02:49.751390,ProjectA,ap-southeast-1,EC2,81.56812297394869,8.15681229739487,1.7129305824529226
2025-07-27 10:02:49.751390,ProjectA,ap-southeast-1,RDS,50.86427563462614,7.629641345193921,1.6022246824907234
2025-07-27 10:02:49.751390,ProjectA,eu-west-1,S3,197.7803407115664,4.548947836366027,0.0235358605446764
2025-07-27 10:02:49.751390,ProjectA,us-east-1,DataTransfer,483.903326225659,9.67806652451318,0.020081988038364848
2025-07-27 10:02:49.751390,ProjectB,ap-southeast-1,EC2,99.40914916239817,9.940914916239818,2.0875921324103617
2025-07-27 10:02:49.751390,ProjectB,eu-west-1,RDS,45.04785640758496,6.757178461137744,0.8041042368753916
2025-07-27 10:02:49.751390,ProjectB,us-east-1,S3,140.8871665850541,3.240404831456244,0.029234087066398722
2025-07-27 10:02:49.751390,ProjectB,ap-southeast-1,DataTransfer,467.8216669771234,9.35643333954247,0.019648510013039182
2025-07-27 10:02:49.751390,ProjectC,ap-southeast-1,EC2,72.99544615127002,7.299544615127002,1.5329043691766704
2025-07-27 10:02:49.751390,ProjectC,ap-southeast-1,RDS,40.323824230286704,6.048573634543005,1.2702004632540311
2025-07-27 10:02:49.751390,ProjectC,eu-west-1,S3,152.1930563578503,3.500440296230557,0.018110973706584186
2025-07-27 10:02:49.751390,ProjectC,us-east-1,DataTransfer,363.43747370407664,7.268749474081533,0.01508265515871918
2025-07-27 10:02:49.751390,ProjectD,eu-west-1,EC2,75.16371763596824,7.516371763596824,0.894448239868022
2025-07-27 10:02:49.751390,ProjectD,us-east-1,RDS,42.690712299415495,6.403606844912324,1.3287484203193072
2025-07-27 10:02:49.751390,ProjectD,eu-west-1,S3,145.86075257138629,3.354797309141885,0.017357429555994966
2025-07-27 10:02:49.751390,ProjectD,ap-southeast-1,DataTransfer,452.2196233405601,9.044392466811203,0.01899322418030352
2025-07-28 10:02:49.751390,ProjectA,eu-west-1,EC2,103.72519786066223,10.372519786066224,1.2343298545418804
2025-07-28 10:02:49.751390,ProjectA,eu-west-1,RDS,47.29502197100976,7.094253295651464,0.8442161421825242
2025-07-28 10:02:49.751390,ProjectA,eu-west-1,S3,147.29530183512017,3.387791942207764,0.017528140918379297
2025-07-28 10:02:49.751390,ProjectA,ap-southeast-1,DataTransfer,451.635203676344,9.03270407352688,0.01896867855440645
2025-07-28 10:02:49.751390,ProjectB,ap-southeast-1,EC2,85.73121776589677,8.573121776589678,1.8003555730838323
2025-07-28 10:02:49.751390,ProjectB,us-east-1,RDS,40.7881185287215,6.118217779308225,1.2695301892064565
2025-07-28 10:02:49.751390,ProjectB,ap-southeast-1,S3,187.8606628812534,4.320795246268828,0.039450739205063215
2025-07-28 10:02:49.751390,ProjectB,eu-west-1,DataTransfer,485.9277111273269,9.71855422254654,0.01156507952483038
2025-07-28 10:02:49.751390,ProjectC,us-east-1,EC2,103.30465231982828,10.33046523198283,2.1435715356364367
2025-07-28 10:02:49.751390,ProjectC,us-east-1,RDS,39.59760249344735,5.9396403740171015,1.2324753776085484
2025-07-28 10:02:49.751390,ProjectC,eu-west-1,S3,202.1023201303883,4.648353362998931,0.02405017609551621
2025-07-28 10:02:49.751390,ProjectC,eu-west-1,DataTransfer,496.9546612495287,9.939093224990572,0.011827520937738784
2025-07-28 10:02:49.751390,ProjectD,us-east-1,EC2,70.29286080964162,7.029286080964162,1.4585768618000636
2025-07-28 10:02:49.751390,ProjectD,ap-southeast-1,RDS,48.52544207375377,7.278816311063066,1.5285514253232437
2025-07-28 10:02:49.751390,ProjectD,us-east-1,S3,186.66223117841812,4.293231317103618,0.03873241296952176
2025-07-28 10:02:49.751390,ProjectD,eu-west-1,DataTransfer,492.35742761632144,9.847148552326429,0.01171810677726845
2025-07-29 10:02:49.751390,ProjectA,ap-southeast-1,EC2,101.5025435597474,10.150254355974742,2.1315534147546953
2025-07-29 10:02:49.751390,ProjectA,eu-west-1,RDS,44.19588836673158,6.629383255009737,0.7888966073461586
2025-07-29 10:02:49.751390,ProjectA,eu-west-1,S3,202.6620417890707,4.661226961148627,0.024116782972899414
2025-07-29 10:02:49.751390,ProjectA,ap-southeast-1,DataTransfer,393.5333207034863,7.870666414069726,0.016528399469546425
2025-07-29 10:02:49.751390,ProjectB,us-east-1,EC2,87.1546668117834,8.71546668117834,1.8084593363445058
2025-07-29 10:02:49.751390,ProjectB,eu-west-1,RDS,50.1710038125202,7.525650571878029,0.8955524180534855
2025-07-29 10:02:49.751390,ProjectB,ap-southeast-1,S3,176.05993484306032,4.049378501390387,0.036972586317042665
2025-07-29 10:02:49.751390,ProjectB,eu-west-1,DataTransfer,487.4326130441823,9.748652260883643,0.01160089619045154
2025-07-29 10:02:49.751390,ProjectC,us-east-1,EC2,75.78941800473838,7.578941800473839,1.5726304235983213
2025-07-29 10:02:49.751390,ProjectC,us-east-1,RDS,50.443017779827024,7.566452666974053,1.5700389283971161
2025-07-29 10:02:49.751390,ProjectC,eu-west-1,S3,143.77375800225724,3.3067964340519165,0.017109077202268612
2025-07-29 10:02:49.751390,ProjectC,us-east-1,DataTransfer,481.6917097592737,9.633834195185472,0.019990205955009856
2025-07-29 10:02:49.751390,ProjectD,us-east-1,EC2,86.41696151478584,8.641696151478584,1.7931519514318062
2025-07-29 10:02:49.751390,ProjectD,ap-southeast-1,RDS,49.90126773073841,7.485190159610761,1.57188993351826
2025-07-29 10:02:49.751390,ProjectD,eu-west-1,S3,178.27532667396488,4.1003325135011925,0.021214763874201823
2025-07-29 10:02:49.751390,ProjectD,us-east-1,DataTransfer,506.2225420240503,10.124450840481009,0.021008235493998086
2025-07-30 10:02:49.751390,ProjectA,ap-southeast-1,EC2,82.31803862611801,8.231803862611802,1.7286788111484783
2025-07-30 10:02:49.751390,ProjectA,us-east-1,RDS,46.07547258543539,6.911320887815308,1.4340990842216765
2025-07-30 10:02:49.751390,ProjectA,us-east-1,S3,166.46823344832572,3.828769369311492,0.03454215844052759
2025-07-30 10:02:49.751390,ProjectA,eu-west-1,DataTransfer,425.06202928416445,8.50124058568329,0.010116476296963115
2025-07-30 10:02:49.751390,ProjectB,eu-west-1,EC2,88.07673650209934,8.807673650209933,1.048113164374982
2025-07-30 10:02:49.751390,ProjectB,eu-west-1,RDS,43.760218417494514,6.564032762624177,0.781119898752277
2025-07-30 10:02:49.751390,ProjectB,ap-southeast-1,S3,204.48135457513607,4.70307115522813,0.04294108446077857
2025-07-30 10:02:49.751390,ProjectB,us-east-1,DataTransfer,476.9214348731032,9.538428697462065,0.01979223954723378
2025-07-30 10:02:49.751390,ProjectC,ap-southeast-1,EC2,80.63327952885074,8.063327952885073,1.6932988701058653
2025-07-30 10:02:49.751390,ProjectC,us-east-1,RDS,48.89336819075858,7.334005228613787,1.5218060849373607
2025-07-30 10:02:49.751390,ProjectC,us-east-1,S3,164.14533033594927,3.775342597726833,0.03406015604470947
2025-07-30 10:02:49.751390,ProjectC,eu-west-1,DataTransfer,472.5103554821938,9.450207109643875,0.011245746460476212
2025-07-30 10:02:49.751390,ProjectD,eu-west-1,EC2,90.83674724062509,9.083674724062508,1.0809572921634385
2025-07-30 10:02:49.751390,ProjectD,ap-southeast-1,RDS,48.7453288375854,7.311799325637809,1.53547785838394
2025-07-30 10:02:49.751390,ProjectD,ap-southeast-1,S3,151.1115111314426,3.4755647560231795,0.031733417337602945
2025-07-30 10:02:49.751390,ProjectD,ap-southeast-1,DataTransfer,418.7827970611999,8.375655941223998,0.0175888774765704
2025-07-31 10:02:49.751390,ProjectA,us-east-1,EC2,90.10324447759426,9.010324447759428,1.8696423229100805
2025-07-31 10:02:49.751390,ProjectA,ap-southeast-1,RDS,42.44967342066874,6.36745101310031,1.3371647127510653
2025-07-31 10:02:49.751390,ProjectA,ap-southeast-1,S3,150.64746267902345,3.4648916416175397,0.031635967162594925
2025-07-31 10:02:49.751390,ProjectA,ap-southeast-1,DataTransfer,383.39957377929466,7.667991475585893,0.016102782098730374
2025-07-31 10:02:49.751390,ProjectB,us-east-1,EC2,80.99202051145012,8.099202051145012,1.68058442561259
2025-07-31 10:02:49.751390,ProjectB,ap-southeast-1,RDS,38.68020030049175,5.802030045073762,1.21842630946549
2025-07-31 10:02:49.751390,ProjectB,us-east-1,S3,143.27334980589077,3.295287045535487,0.029729220084722334
2025-07-31 10:02:49.751390,ProjectB,ap-southeast-1,DataTransfer,463.07962815771486,9.261592563154297,0.019449344382624023
2025-07-31 10:02:49.751390,ProjectC,eu-west-1,EC2,76.16700137275281,7.616700137275281,0.9063873163357584
2025-07-31 10:02:49.751390,ProjectC,us-east-1,RDS,44.95913205672132,6.743869808508197,1.3993529852654512
2025-07-31 10:02:49.751390,ProjectC,eu-west-1,S3,173.6987462977627,3.995071164848542,0.02067015080943376
2025-07-31 10:02:49.751390,ProjectC,ap-southeast-1,DataTransfer,475.8753175282048,9.517506350564096,0.019986763336184602
2025-07-31 10:02:49.751390,ProjectD,us-east-1,EC2,80.40744147530337,8.040744147530338,1.6684544106125452
2025-07-31 10:02:49.751390,ProjectD,ap-southeast-1,RDS,39.92621352463793,5.9889320286956895,1.2576757260260947
2025-07-31 10:02:49.751390,ProjectD,ap-southeast-1,S3,138.2486560712802,3.1797190896394447,0.02903221777496884
2025-07-31 10:02:49.751390,ProjectD,us-east-1,DataTransfer,465.8966508744814,9.317933017489628,0.019334711011290976
2025-08-01 10:02:49.751390,ProjectA,eu-west-1,EC2,89.85230072596175,8.985230072596176,1.069242378638945
2025-08-01 10:02:49.751390,ProjectA,ap-southeast-1,RDS,44.70941934322094,6.70641290148314,1.4083467093114594
2025-08-01 10:02:49.751390,ProjectA,ap-southeast-1,S3,198.18508860886396,4.558257038003871,0.04161886860786143
2025-08-01 10:02:49.751390,ProjectA,us-east-1,DataTransfer,409.8171459977231,8.196342919954462,0.017007411558905512
2025-08-01 10:02:49.751390,ProjectB,us-east-1,EC2,80.47335274470916,8.047335274470916,1.6698220694527148
2025-08-01 10:02:49.751390,ProjectB,us-east-1,RDS,37.25757054076338,5.588635581114507,1.1596418830812603
2025-08-01 10:02:49.751390,ProjectB,ap-southeast-1,S3,173.52314116172573,3.991032246719692,0.0364398596439624
2025-08-01 10:02:49.751390,ProjectB,ap-southeast-1,DataTransfer,490.9013558926404,9.818027117852807,0.0206178569474909
2025-08-01 10:02:49.751390,ProjectC,ap-southeast-1,EC2,68.89425660735088,6.889425660735089,1.4467793887543685
2025-08-01 10:02:49.751390,ProjectC,eu-west-1,RDS,36.12786094521471,5.419179141782206,0.6448823178720825
2025-08-01 10:02:49.751390,ProjectC,ap-southeast-1,S3,166.84725546867605,3.837486875779549,0.03503792364842197
2025-08-01 10:02:49.751390,ProjectC,eu-west-1,DataTransfer,479.5773778868784,9.591547557737568,0.011413941593707707
2025-08-01 10:02:49.751390,ProjectD,ap-southeast-1,EC2,81.03107553920181,8.10310755392018,1.701652586323238
2025-08-01 10:02:49.751390,ProjectD,ap-southeast-1,RDS,47.00040439925704,7.0500606598885565,1.4805127385765968
2025-08-01 10:02:49.751390,ProjectD,eu-west-1,S3,195.19647191002863,4.489518853930658,0.023228380157293407
2025-08-01 10:02:49.751390,ProjectD,us-east-1,DataTransfer,430.7484312774218,8.614968625548435,0.017876059898013007
2025-08-02 10:02:49.751390,ProjectA,us-east-1,EC2,73.4018233199639,7.34018233199639,1.5230878338892508
2025-08-02 10:02:49.751390,ProjectA,ap-southeast-1,RDS,41.440157385078734,6.21602360776181,1.3053649576299802
2025-08-02 10:02:49.751390,ProjectA,ap-southeast-1,S3,193.24249152337453,4.444577305037615,0.04058092321990865
2025-08-02 10:02:49.751390,ProjectA,us-east-1,DataTransfer,504.496806306972,10.08993612613944,0.020936617461739335
2025-08-02 10:02:49.751390,ProjectB,eu-west-1,EC2,86.024177098959,8.602417709895901,1.0236877074776123
2025-08-02 10:02:49.751390,ProjectB,ap-southeast-1,RDS,48.87243811843476,7.330865717765214,1.5394818007306947
2025-08-02 10:02:49.751390,ProjectB,ap-southeast-1,S3,154.60398553441996,3.555891667291659,0.03246683696222819
2025-08-02 10:02:49.751390,ProjectB,us-east-1,DataTransfer,371.8953166250647,7.437906332501294,0.015433655639940187
2025-08-02 10:02:49.751390,ProjectC,eu-west-1,EC2,92.52132428390986,9.252132428390986,1.1010037589785273
2025-08-02 10:02:49.751390,ProjectC,eu-west-1,RDS,46.87217135579236,7.030825703368854,0.8366682587008936
2025-08-02 10:02:49.751390,ProjectC,us-east-1,S3,150.1472209313491,3.453386081421029,0.031155548343254937
2025-08-02 10:02:49.751390,ProjectC,us-east-1,DataTransfer,420.0251650068881,8.400503300137762,0.017431044347785855
2025-08-02 10:02:49.751390,ProjectD,us-east-1,EC2,100.60237287263442,10.060237287263442,2.0874992371071643
2025-08-02 10:02:49.751390,ProjectD,us-east-1,RDS,41.42360712231038,6.213541068346557,1.2893097716819106
2025-08-02 10:02:49.751390,ProjectD,us-east-1,S3,198.47280828648292,4.564874590589108,0.0411831077194452
2025-08-02 10:02:49.751390,ProjectD,ap-southeast-1,DataTransfer,346.54918802364153,6.930983760472831,0.014555065896992948
2025-08-03 10:02:49.751390,ProjectA,us-east-1,EC2,95.71756468453589,9.57175646845359,1.9861394672041193
2025-08-03 10:02:49.751390,ProjectA,ap-southeast-1,RDS,38.77730862552329,5.816596293828494,1.2214852217039835
2025-08-03 10:02:49.751390,ProjectA,eu-west-1,S3,186.07123701055636,4.279638451242795,0.022142477204256206
2025-08-03 10:02:49.751390,ProjectA,us-east-1,DataTransfer,363.2533885186438,7.265067770372877,0.015075015623523718
2025-08-03 10:02:49.751390,ProjectB,us-east-1,EC2,89.55583548890822,8.955583548890822,1.8582835863948455
2025-08-03 10:02:49.751390,ProjectB,eu-west-1,RDS,39.51730973457426,5.927596460186139,0.7053839787621505
2025-08-03 10:02:49.751390,ProjectB,ap-southeast-1,S3,199.99407881454027,4.5998638127344265,0.04199875655105345
2025-08-03 10:02:49.751390,ProjectB,eu-west-1,DataTransfer,431.3855240212569,8.627710480425138,0.010266975471705915
2025-08-03 10:02:49.751390,ProjectC,eu-west-1,EC2,87.3222299856373,8.732222998563731,1.039134536829084
2025-08-03 10:02:49.751390,ProjectC,ap-southeast-1,RDS,38.25456707308656,5.7381850609629845,1.2050188628022267
2025-08-03 10:02:49.751390,ProjectC,eu-west-1,S3,169.95615721904116,3.9089916160379463,0.0202247827090659
2025-08-03 10:02:49.751390,ProjectC,ap-southeast-1,DataTransfer,449.9773890963507,8.999547781927014,0.018899050342046732
2025-08-03 10:02:49.751390,ProjectD,eu-west-1,EC2,80.15433272785404,8.015433272785405,0.9538365594614632
2025-08-03 10:02:49.751390,ProjectD,eu-west-1,RDS,38.47578478080856,5.771367717121284,0.6867927583374327
2025-08-03 10:02:49.751390,ProjectD,ap-southeast-1,S3,174.5232453547505,4.0140346431592615,0.0366498815244976
2025-08-03 10:02:49.751390,ProjectD,us-east-1,DataTransfer,365.7173774307469,7.314347548614939,0.015177271163375996
2025-08-04 10:02:49.751390,ProjectA,ap-southeast-1,EC2,94.47586306093775,9.447586306093775,1.9839931242796929
2025-08-04 10:02:49.751390,ProjectA,ap-southeast-1,RDS,44.76370000288399,6.714555000432599,1.4100565500908457
2025-08-04 10:02:49.751390,ProjectA,eu-west-1,S3,179.00543675545163,4.117125045375388,0.021301646973898743
2025-08-04 10:02:49.751390,ProjectA,us-east-1,DataTransfer,435.1499257933332,8.702998515866664,0.01805872192042333
2025-08-04 10:02:49.751390,ProjectB,us-east-1,EC2,72.87206521657806,7.287206521657807,1.512095353243995
2025-08-04 10:02:49.751390,ProjectB,us-east-1,RDS,38.12631709861471,5.718947564792207,1.186681619694383
2025-08-04 10:02:49.751390,ProjectB,eu-west-1,S3,188.10376022743705,4.326386485231052,0.022384347467065007
2025-08-04 10:02:49.751390,ProjectB,eu-west-1,DataTransfer,495.2999894444323,9.905999788888646,0.01178813974877749
2025-08-04 10:02:49.751390,ProjectC,us-east-1,EC2,85.44471337617986,8.544471337617987,1.7729778025557321
2025-08-04 10:02:49.751390,ProjectC,ap-southeast-1,RDS,45.17135188987503,6.775702783481254,1.4228975845310632
2025-08-04 10:02:49.751390,ProjectC,us-east-1,S3,172.25833055328542,3.961941602725565,0.03574360358980672
2025-08-04 10:02:49.751390,ProjectC,us-east-1,DataTransfer,457.4730506757597,9.149461013515197,0.01898513160304403
2025-08-04 10:02:49.751390,ProjectD,eu-west-1,EC2,70.80503296449136,7.080503296449137,0.8425798922774471
2025-08-04 10:02:49.751390,ProjectD,eu-west-1,RDS,46.698551887414304,7.004782783112145,0.8335691511903452
2025-08-04 10:02:49.751390,ProjectD,us-east-1,S3,194.58496243256485,4.475454135948992,0.0403763797047572
2025-08-04 10:02:49.751390,ProjectD,ap-southeast-1,DataTransfer,403.70696472645216,8.074139294529044,0.016955692518510992
2025-08-05 10:02:49.751390,ProjectA,eu-west-1,EC2,77.0637128871775,7.706371288717751,0.9170581833574122
2025-08-05 10:02:49.751390,ProjectA,ap-southeast-1,RDS,49.2004554215311,7.380068313229665,1.5498143457782296
2025-08-05 10:02:49.751390,ProjectA,us-east-1,S3,142.56117134334949,3.278906940897038,0.029581443053745014
2025-08-05 10:02:49.751390,ProjectA,eu-west-1,DataTransfer,498.8583349403248,9.977166698806496,0.011872828371579729
2025-08-05 10:02:49.751390,ProjectB,eu-west-1,EC2,66.66596060172583,6.666596060172584,0.7933249311605373
2025-08-05 10:02:49.751390,ProjectB,ap-southeast-1,RDS,40.00959786405621,6.00143967960843,1.2603023327177707
2025-08-05 10:02:49.751390,ProjectB,eu-west-1,S3,182.8303409489609,4.205097841826101,0.021756810572926343
2025-08-05 10:02:49.751390,ProjectB,us-east-1,DataTransfer,441.1643953175875,8.82328790635175,0.01830832240567988
2025-08-05 10:02:49.751390,ProjectC,us-east-1,EC2,83.329263340098,8.3329263340098,1.729082214307033
2025-08-05 10:02:49.751390,ProjectC,ap-southeast-1,RDS,43.6727892396482,6.55091838594723,1.3756928610489185
2025-08-05 10:02:49.751390,ProjectC,eu-west-1,S3,188.29386960360367,4.3307590008828845,0.022406970482828834
2025-08-05 10:02:49.751390,ProjectC,us-east-1,DataTransfer,437.2284881364277,8.744569762728554,0.01814498225766175
2025-08-05 10:02:49.751390,ProjectD,eu-west-1,EC2,87.45491314980148,8.745491314980148,1.0407134664826376
2025-08-05 10:02:49.751390,ProjectD,us-east-1,RDS,37.262131303177725,5.589319695476658,1.1597838368114066
2025-08-05 10:02:49.751390,ProjectD,eu-west-1,S3,153.61637064355693,3.533176524801809,0.018280348106583275
2025-08-05 10:02:49.751390,ProjectD,ap-southeast-1,DataTransfer,381.0914832335006,7.621829664670011,0.016005842295807027
2025-08-06 10:02:49.751390,ProjectA,us-east-1,EC2,76.07521775542736,7.607521775542736,1.5785607684251177
2025-08-06 10:02:49.751390,ProjectA,us-east-1,RDS,33.43348906036723,5.015023359055085,1.04061734700393
2025-08-06 10:02:49.751390,ProjectA,eu-west-1,S3,181.3579057569774,4.17123183241048,0.02158159078508031
2025-08-06 10:02:49.751390,ProjectA,ap-southeast-1,DataTransfer,457.4088586084739,9.14817717216948,0.019211172061555905
2025-08-06 10:02:49.751390,ProjectB,us-east-1,EC2,72.04339872823633,7.204339872823633,1.4949005236109036
2025-08-06 10:02:49.751390,ProjectB,ap-southeast-1,RDS,40.51013761416513,6.07652064212477,1.2760693348462016
2025-08-06 10:02:49.751390,ProjectB,eu-west-1,S3,198.4797598916635,4.56503447750826,0.023619091427107955
2025-08-06 10:02:49.751390,ProjectB,us-east-1,DataTransfer,358.1265176437168,7.162530352874336,0.014862250482214246
2025-08-06 10:02:49.751390,ProjectC,eu-west-1,EC2,95.32844684470416,9.532844684470415,1.1344085174519793
2025-08-06 10:02:49.751390,ProjectC,us-east-1,RDS,38.48819523270844,5.773229284906265,1.1979450766180502
2025-08-06 10:02:49.751390,ProjectC,ap-southeast-1,S3,139.44442553874606,3.2072217873911595,0.02928332936313667
2025-08-06 10:02:49.751390,ProjectC,us-east-1,DataTransfer,419.32888739650286,8.386577747930058,0.01740214882695487
2025-08-06 10:02:49.751390,ProjectD,us-east-1,EC2,86.05329836949274,8.605329836949274,1.7856059411669742
2025-08-06 10:02:49.751390,ProjectD,us-east-1,RDS,33.97975221641892,5.096962832462837,1.057619787736039
2025-08-06 10:02:49.751390,ProjectD,eu-west-1,S3,148.6127225600263,3.4180926188806047,0.01768491398464313
2025-08-06 10:02:49.751390,ProjectD,ap-southeast-1,DataTransfer,407.7532334931107,8.155064669862215,0.01712563580671065
2025-08-07 10:02:49.751390,ProjectA,us-east-1,EC2,75.28753213094815,7.528753213094816,1.562216291717174
2025-08-07 10:02:49.751390,ProjectA,ap-southeast-1,RDS,33.20895851073805,4.981343776610707,1.0460821930882485
2025-08-07 10:02:49.751390,ProjectA,us-east-1,S3,164.97457492140003,3.7944152231922006,0.0342322242961905
2025-08-07 10:02:49.751390,ProjectA,eu-west-1,DataTransfer,478.44284333194616,9.568856866638924,0.01138693967130032
2025-08-07 10:02:49.751390,ProjectB,ap-southeast-1,EC2,89.85629736849488,8.985629736849488,1.8869822447383924
2025-08-07 10:02:49.751390,ProjectB,ap-southeast-1,RDS,44.15513088752295,6.623269633128443,1.390886622956973
2025-08-07 10:02:49.751390,ProjectB,us-east-1,S3,157.56983524598013,3.624106210657543,0.032695740813540874
2025-08-07 10:02:49.751390,ProjectB,us-east-1,DataTransfer,453.37991971575616,9.067598394315125,0.018815266668203882
2025-08-07 10:02:49.751390,ProjectC,us-east-1,EC2,89.22693050573882,8.922693050573882,1.8514588079940804
2025-08-07 10:02:49.751390,ProjectC,ap-southeast-1,RDS,39.33504073668399,5.900256110502598,1.2390537832055457
2025-08-07 10:02:49.751390,ProjectC,eu-west-1,S3,151.36030201154688,3.481286946265578,0.01801187593937408
2025-08-07 10:02:49.751390,ProjectC,ap-southeast-1,DataTransfer,467.356253165802,9.34712506331604,0.019628962632963685
2025-08-07 10:02:49.751390,ProjectD,ap-southeast-1,EC2,84.74832356067579,8.474832356067578,1.7797147947741914
2025-08-07 10:02:49.751390,ProjectD,ap-southeast-1,RDS,37.13657848049301,5.570486772073952,1.1698022221355298
2025-08-07 10:02:49.751390,ProjectD,ap-southeast-1,S3,167.25414726933548,3.846845387194716,0.03512337092656045
2025-08-07 10:02:49.751390,ProjectD,us-east-1,DataTransfer,397.7670407166818,7.955340814333636,0.01650733218974229
2025-08-08 10:02:49.751390,ProjectA,eu-west-1,EC2,96.67356662943313,9.667356662943313,1.1504154428902542
2025-08-08 10:02:49.751390,ProjectA,us-east-1,RDS,41.13079328575501,6.16961899286325,1.2801959410191246
2025-08-08 10:02:49.751390,ProjectA,us-east-1,S3,190.7132037443264,4.386403686119508,0.039572989776947724
2025-08-08 10:02:49.751390,ProjectA,us-east-1,DataTransfer,487.03125140715,9.740625028143,0.020211796933396725
2025-08-08 10:02:49.751390,ProjectB,eu-west-1,EC2,87.655198873135,8.7655198873135,1.0430968665903066
2025-08-08 10:02:49.751390,ProjectB,ap-southeast-1,RDS,45.73993599764329,6.860990399646494,1.4408079839257637
2025-08-08 10:02:49.751390,ProjectB,ap-southeast-1,S3,145.05678232077477,3.33630599337782,0.030461924287362697
2025-08-08 10:02:49.751390,ProjectB,ap-southeast-1,DataTransfer,429.4798855717312,8.589597711434624,0.01803815519401271
2025-08-08 10:02:49.751390,ProjectC,ap-southeast-1,EC2,79.87217028255485,7.987217028255485,1.6773155759336518
2025-08-08 10:02:49.751390,ProjectC,us-east-1,RDS,35.1762816267324,5.27644224400986,1.0948617656320458
2025-08-08 10:02:49.751390,ProjectC,ap-southeast-1,S3,187.64483359697005,4.315831172730311,0.039405415055363706
2025-08-08 10:02:49.751390,ProjectC,ap-southeast-1,DataTransfer,372.8923111681728,7.457846223363456,0.01566147706906326
2025-08-08 10:02:49.751390,ProjectD,us-east-1,EC2,88.01448256427598,8.801448256427598,1.8263005132087264
2025-08-08 10:02:49.751390,ProjectD,ap-southeast-1,RDS,36.42837301353424,5.464255952030135,1.1474937499263285
2025-08-08 10:02:49.751390,ProjectD,eu-west-1,S3,146.04058776017197,3.3589335184839557,0.017378829943460464
2025-08-08 10:02:49.751390,ProjectD,eu-west-1,DataTransfer,386.1362340919153,7.722724681838306,0.009190042371387585
2025-08-09 10:02:49.751390,ProjectA,us-east-1,EC2,91.34317989989692,9.134317989989691,1.8953709829228613
2025-08-09 10:02:49.751390,ProjectA,us-east-1,RDS,44.81130878918255,6.721696318377382,1.3947519860633066
2025-08-09 10:02:49.751390,ProjectA,us-east-1,S3,164.23880840443107,3.7774925933019134,0.034079552743919446
2025-08-09 10:02:49.751390,ProjectA,eu-west-1,DataTransfer,411.3623061063142,8.227246122126283,0.009790422885330278
2025-08-09 10:02:49.751390,ProjectB,eu-west-1,EC2,81.30348670331423,8.130348670331424,0.9675114917694394
2025-08-09 10:02:49.751390,ProjectB,ap-southeast-1,RDS,45.541839434249496,6.831275915137424,1.4345679421788593
2025-08-09 10:02:49.751390,ProjectB,us-east-1,S3,139.09978447627708,3.1992950429543727,0.028863205278827492
2025-08-09 10:02:49.751390,ProjectB,us-east-1,DataTransfer,439.3190504259462,8.786381008518925,0.01823174059267677
2025-08-09 10:02:49.751390,ProjectC,us-east-1,EC2,95.19334100646404,9.519334100646404,1.9752618258841288
2025-08-09 10:02:49.751390,ProjectC,eu-west-1,RDS,46.69438317085383,7.004157475628074,0.8334947395997409
2025-08-09 10:02:49.751390,ProjectC,us-east-1,S3,170.64106001236712,3.924744380284444,0.03540801995256618
2025-08-09 10:02:49.751390,ProjectC,eu-west-1,DataTransfer,373.49232997787,7.4698465995574,0.008889117453473306
2025-08-09 10:02:49.751390,ProjectD,us-east-1,EC2,77.39806055888509,7.73980605588851,1.6060097565968654
2025-08-09 10:02:49.751390,ProjectD,us-east-1,RDS,43.16742335135568,6.475113502703352,1.3435860518109455
2025-08-09 10:02:49.751390,ProjectD,ap-southeast-1,S3,141.48778788835077,3.2542191214320675,0.02971243545655366
2025-08-09 10:02:49.751390,ProjectD,ap-southeast-1,DataTransfer,486.4284701546619,9.72856940309324,0.020429995746495802
2025-08-10 10:02:49.751390,ProjectA,us-east-1,EC2,94.69216815032075,9.469216815032077,1.9648624891191555
2025-08-10 10:02:49.751390,ProjectA,eu-west-1,RDS,45.66049054326401,6.849073581489601,0.8150397561972627
2025-08-10 10:02:49.751390,ProjectA,eu-west-1,S3,174.92223883817948,4.023211493278128,0.02081574642174336
2025-08-10 10:02:49.751390,ProjectA,eu-west-1,DataTransfer,388.12253539532014,7.762450707906403,0.00923731634240862
2025-08-10 10:02:49.751390,ProjectB,ap-southeast-1,EC2,87.44366144034389,8.74436614403439,1.8363168902472216
2025-08-10 10:02:49.751390,ProjectB,eu-west-1,RDS,38.68794389054271,5.803191583581405,0.6905797984461874
2025-08-10 10:02:49.751390,ProjectB,eu-west-1,S3,172.9302194714012,3.977395047842227,0.020578696117096743
2025-08-10 10:02:49.751390,ProjectB,ap-southeast-1,DataTransfer,396.811437600896,7.93622875201792,0.016666080379237634
2025-08-10 10:02:49.751390,ProjectC,us-east-1,EC2,91.14627491799176,9.114627491799176,1.891285204548329
2025-08-10 10:02:49.751390,ProjectC,us-east-1,RDS,47.98192849436965,7.197289274155448,1.4934375243872553
2025-08-10 10:02:49.751390,ProjectC,eu-west-1,S3,191.18990753504892,4.397367873306126,0.02275159899667082
2025-08-10 10:02:49.751390,ProjectC,us-east-1,DataTransfer,401.74876515439496,8.034975303087899,0.01667257375390739
2025-08-10 10:02:49.751390,ProjectD,eu-west-1,EC2,70.60237155610194,7.060237155610195,0.8401682215176131
2025-08-10 10:02:49.751390,ProjectD,us-east-1,RDS,32.85010606413506,4.927515909620259,1.0224595512462038
2025-08-10 10:02:49.751390,ProjectD,eu-west-1,S3,190.70173800654297,4.386139974150488,0.02269350682277861
2025-08-10 10:02:49.751390,ProjectD,us-east-1,DataTransfer,409.33992528609866,8.186798505721974,0.016987606899373096
2025-08-11 10:02:49.751390,ProjectA,eu-west-1,EC2,71.4863674265183,7.148636742651831,0.8506877723755677
2025-08-11 10:02:49.751390,ProjectA,eu-west-1,RDS,42.562679634691776,6.384401945203766,0.7597438314792482
2025-08-11 10:02:49.751390,ProjectA,us-east-1,S3,165.06420589372905,3.796476735555768,0.03425082272294878
2025-08-11 10:02:49.751390,ProjectA,ap-southeast-1,DataTransfer,349.8956023297167,6.997912046594335,0.014695615297848104
2025-08-11 10:02:49.751390,ProjectB,eu-west-1,EC2,66.41974822167883,6.641974822167883,0.790395003837978
2025-08-11 10:02:49.751390,ProjectB,eu-west-1,RDS,39.5163936535387,5.927459048030805,0.7053676267156658
2025-08-11 10:02:49.751390,ProjectB,ap-southeast-1,S3,162.63688252851156,3.740648298155766,0.034153745330987424
2025-08-11 10:02:49.751390,ProjectB,us-east-1,DataTransfer,385.40806829019215,7.708161365803843,0.015994434834042975
2025-08-11 10:02:49.751390,ProjectC,us-east-1,EC2,66.81227270206823,6.681227270206823,1.3863546585679156
2025-08-11 10:02:49.751390,ProjectC,ap-southeast-1,RDS,35.23429103935829,5.285143655903744,1.109880167739786
2025-08-11 10:02:49.751390,ProjectC,ap-southeast-1,S3,186.93852000766245,4.299585960176236,0.03925708920160911
2025-08-11 10:02:49.751390,ProjectC,eu-west-1,DataTransfer,357.1707893934612,7.143415787869223,0.008500664787564375
2025-08-11 10:02:49.751390,ProjectD,ap-southeast-1,EC2,77.51871942233184,7.751871942233184,1.6278931078689687
2025-08-11 10:02:49.751390,ProjectD,eu-west-1,RDS,38.70068255200589,5.805102382800884,0.6908071835533051
2025-08-11 10:02:49.751390,ProjectD,eu-west-1,S3,146.66506249175785,3.3732964373104304,0.017453142436519183
2025-08-11 10:02:49.751390,ProjectD,us-east-1,DataTransfer,362.3333064175443,7.246666128350886,0.015036832216328087
2025-08-12 10:02:49.751390,ProjectA,eu-west-1,EC2,84.06951001303268,8.406951001303268,1.0004271691550888
2025-08-12 10:02:49.751390,ProjectA,ap-southeast-1,RDS,43.97060936136744,6.595591404205115,1.3850741948830743
2025-08-12 10:02:49.751390,ProjectA,ap-southeast-1,S3,160.73217684794812,3.696840067502807,0.03375375713806911
2025-08-12 10:02:49.751390,ProjectA,ap-southeast-1,DataTransfer,479.8066263155503,9.596132526311006,0.020151878305253116
2025-08-12 10:02:49.751390,ProjectB,eu-west-1,EC2,88.12602775823387,8.812602775823388,1.0486997303229828
2025-08-12 10:02:49.751390,ProjectB,ap-southeast-1,RDS,42.91987426309705,6.437981139464557,1.351976039287557
2025-08-12 10:02:49.751390,ProjectB,us-east-1,S3,179.21766282159845,4.122006244896764,0.037187665035481675
2025-08-12 10:02:49.751390,ProjectB,ap-southeast-1,DataTransfer,382.333948303057,7.64667896606114,0.016058025828728395
2025-08-12 10:02:49.751390,ProjectC,us-east-1,EC2,73.0310559372652,7.30310559372652,1.5153944106982526
2025-08-12 10:02:49.751390,ProjectC,us-east-1,RDS,44.25665129661714,6.638497694492571,1.3774882716072085
2025-08-12 10:02:49.751390,ProjectC,us-east-1,S3,129.82411652196984,2.9859546800053063,0.02693850417830874
2025-08-12 10:02:49.751390,ProjectC,eu-west-1,DataTransfer,475.85428562178737,9.517085712435748,0.01132533199779854
2025-08-12 10:02:49.751390,ProjectD,ap-southeast-1,EC2,67.72750516053682,6.772750516053683,1.4222776083712731
2025-08-12 10:02:49.751390,ProjectD,ap-southeast-1,RDS,41.8959801875187,6.284397028127805,1.319723375906839
2025-08-12 10:02:49.751390,ProjectD,eu-west-1,S3,158.7844245678243,3.652041765059959,0.01889534652357109
2025-08-12 10:02:49.751390,ProjectD,us-east-1,DataTransfer,324.70661843452297,6.494132368690459,0.013475324665032703
2025-08-13 10:02:49.751390,ProjectA,ap-southeast-1,EC2,67.34721666002724,6.7347216660027245,1.4142915498605722
2025-08-13 10:02:49.751390,ProjectA,eu-west-1,RDS,33.70786478892858,5.056179718339287,0.6016853864823751
2025-08-13 10:02:49.751390,ProjectA,eu-west-1,S3,141.0943170053378,3.245169291122769,0.0167902237236352
2025-08-13 10:02:49.751390,ProjectA,eu-west-1,DataTransfer,434.7837932319407,8.695675864638813,0.010347854278920189
2025-08-13 10:02:49.751390,ProjectB,us-east-1,EC2,85.7237814647978,8.57237814647978,1.7787684653945544
2025-08-13 10:02:49.751390,ProjectB,us-east-1,RDS,39.58626560817305,5.937939841225957,1.2321225170543864
2025-08-13 10:02:49.751390,ProjectB,ap-southeast-1,S3,177.45148707579096,4.081384202743192,0.037264812285916105
2025-08-13 10:02:49.751390,ProjectB,eu-west-1,DataTransfer,376.7162624953443,7.534325249906886,0.008965847047389196
2025-08-13 10:02:49.751390,ProjectC,eu-west-1,EC2,93.70770906061318,9.37077090606132,1.115121737821297
2025-08-13 10:02:49.751390,ProjectC,us-east-1,RDS,39.6303984921156,5.944559773817339,1.233496153067098
2025-08-13 10:02:49.751390,ProjectC,ap-southeast-1,S3,146.7729704142555,3.3757783195278765,0.030822323786993653
2025-08-13 10:02:49.751390,ProjectC,us-east-1,DataTransfer,458.420668196057,9.16841336392114,0.019024457730136366
2025-08-13 10:02:49.751390,ProjectD,eu-west-1,EC2,95.5120811387342,9.55120811387342,1.136593765550937
2025-08-13 10:02:49.751390,ProjectD,eu-west-1,RDS,39.40498553801556,5.910747830702333,0.7033789918535778
2025-08-13 10:02:49.751390,ProjectD,ap-southeast-1,S3,151.25707400278876,3.4789127020641413,0.03176398554058564
2025-08-13 10:02:49.751390,ProjectD,us-east-1,DataTransfer,441.18889812982815,8.823777962596564,0.018309339272387867
2025-08-14 10:02:49.751390,ProjectA,ap-southeast-1,EC2,74.9164099245947,7.4916409924594705,1.5732446084164886
2025-08-14 10:02:49.751390,ProjectA,eu-west-1,RDS,40.82185518701008,6.123278278051512,0.7286701150881298
2025-08-14 10:02:49.751390,ProjectA,ap-southeast-1,S3,160.02602622579644,3.680598603193318,0.033605465507417255
2025-08-14 10:02:49.751390,ProjectA,eu-west-1,DataTransfer,319.98034580164955,6.399606916032991,0.007615532230079258
2025-08-14 10:02:49.751390,ProjectB,ap-southeast-1,EC2,94.2979373490362,9.42979373490362,1.9802566843297602
2025-08-14 10:02:49.751390,ProjectB,eu-west-1,RDS,42.789486173944496,6.418422926091674,0.7637923282049092
2025-08-14 10:02:49.751390,ProjectB,eu-west-1,S3,131.08546247826882,3.014965637000183,0.015599170034913989
2025-08-14 10:02:49.751390,ProjectB,us-east-1,DataTransfer,441.1587253815138,8.823174507630277,0.018308087103332826
2025-08-14 10:02:49.751390,ProjectC,eu-west-1,EC2,82.64861746611379,8.264861746611379,0.9835185478467541
2025-08-14 10:02:49.751390,ProjectC,ap-southeast-1,RDS,31.83658000287384,4.775487000431076,1.0028522700905258
2025-08-14 10:02:49.751390,ProjectC,eu-west-1,S3,136.95481582149216,3.1499607638943194,0.016297623082757565
2025-08-14 10:02:49.751390,ProjectC,eu-west-1,DataTransfer,427.8405728970536,8.556811457941073,0.010182605634949876
2025-08-14 10:02:49.751390,ProjectD,us-east-1,EC2,71.82199892679778,7.182199892679778,1.4903064777310537
2025-08-14 10:02:49.751390,ProjectD,ap-southeast-1,RDS,43.78639176142711,6.567958764214066,1.3792713404849541
2025-08-14 10:02:49.751390,ProjectD,eu-west-1,S3,168.8042170601674,3.88249699238385,0.020087701830159916
2025-08-14 10:02:49.751390,ProjectD,us-east-1,DataTransfer,342.65397277158326,6.853079455431665,0.014220139870020704
2025-08-15 10:02:49.751390,ProjectA,us-east-1,EC2,72.13869473428139,7.213869473428139,1.4968779157363388
2025-08-15 10:02:49.751390,ProjectA,us-east-1,RDS,36.77114309547772,5.515671464321658,1.144501828846744
2025-08-15 10:02:49.751390,ProjectA,us-east-1,S3,132.19114243544183,3.040396276015162,0.02742966205535418
2025-08-15 10:02:49.751390,ProjectA,us-east-1,DataTransfer,358.5400709466038,7.170801418932077,0.014879412944284059
2025-08-15 10:02:49.751390,ProjectB,ap-southeast-1,EC2,79.10401777845543,7.910401777845543,1.661184373347564
2025-08-15 10:02:49.751390,ProjectB,ap-southeast-1,RDS,43.19215308712841,6.478822963069262,1.3605528222445447
2025-08-15 10:02:49.751390,ProjectB,ap-southeast-1,S3,132.23524256005845,3.041410578881344,0.027769400937612272
2025-08-15 10:02:49.751390,ProjectB,us-east-1,DataTransfer,360.85957224771846,7.217191444954369,0.014975672248280317
2025-08-15 10:02:49.751390,ProjectC,us-east-1,EC2,86.1310100856159,8.61310100856159,1.7872184592765297
2025-08-15 10:02:49.751390,ProjectC,ap-southeast-1,RDS,37.88227372505892,5.682341058758838,1.1932916223393562
2025-08-15 10:02:49.751390,ProjectC,ap-southeast-1,S3,129.4479927356009,2.9773038329188206,0.027184078474476188
2025-08-15 10:02:49.751390,ProjectC,ap-southeast-1,DataTransfer,326.18095183462145,6.52361903669243,0.013699599977054102
2025-08-15 10:02:49.751390,ProjectD,eu-west-1,EC2,70.4163590500149,7.041635905001491,0.8379546726951774
2025-08-15 10:02:49.751390,ProjectD,ap-southeast-1,RDS,43.46312912990252,6.519469369485377,1.369088567591929
2025-08-15 10:02:49.751390,ProjectD,ap-southeast-1,S3,142.64753331576537,3.280893266262604,0.029955981996310728
2025-08-15 10:02:49.751390,ProjectD,us-east-1,DataTransfer,324.40361495387464,6.488072299077493,0.013462750020585796
2025-08-16 10:02:49.751390,ProjectA,ap-southeast-1,EC2,75.33122278207885,7.533122278207886,1.581955678423656
2025-08-16 10:02:49.751390,ProjectA,us-east-1,RDS,38.775448562722566,5.816317284408385,1.2068858365147397
2025-08-16 10:02:49.751390,ProjectA,ap-southeast-1,S3,143.15459607066936,3.292555709625395,0.030062465174840562
2025-08-16 10:02:49.751390,ProjectA,eu-west-1,DataTransfer,401.9354654031538,8.038709308063076,0.00956606407659506
2025-08-16 10:02:49.751390,ProjectB,ap-southeast-1,EC2,66.4014333891788,6.6401433389178806,1.3944301011727547
2025-08-16 10:02:49.751390,ProjectB,eu-west-1,RDS,36.84392475182599,5.526588712773898,0.6576640568200939
2025-08-16 10:02:49.751390,ProjectB,us-east-1,S3,126.67425512152914,2.91350786779517,0.026284907937717292
2025-08-16 10:02:49.751390,ProjectB,us-east-1,DataTransfer,398.39528721292464,7.967905744258493,0.016533404419336373
2025-08-16 10:02:49.751390,ProjectC,eu-west-1,EC2,88.74092686036677,8.874092686036677,1.0560170296383644
2025-08-16 10:02:49.751390,ProjectC,us-east-1,RDS,42.70925779418624,6.406388669127936,1.3293256488440468
2025-08-16 10:02:49.751390,ProjectC,eu-west-1,S3,140.89055119665923,3.240482677523162,0.016765975592402445
2025-08-16 10:02:49.751390,ProjectC,us-east-1,DataTransfer,331.84182393021763,6.636836478604352,0.013771435693104033
2025-08-16 10:02:49.751390,ProjectD,us-east-1,EC2,82.4349915556231,8.24349915556231,1.710526074779179
2025-08-16 10:02:49.751390,ProjectD,us-east-1,RDS,45.63667654378899,6.845501481568348,1.4204415574254323
2025-08-16 10:02:49.751390,ProjectD,ap-southeast-1,S3,161.2872541541353,3.709606845545112,0.033870323372368415
2025-08-16 10:02:49.751390,ProjectD,ap-southeast-1,DataTransfer,466.3389170435544,9.326778340871089,0.019586234515829283
2025-08-17 10:02:49.751390,ProjectA,ap-southeast-1,EC2,81.22131955069946,8.122131955069946,1.7056477105646886
2025-08-17 10:02:49.751390,ProjectA,us-east-1,RDS,32.29024399633306,4.843536599449959,1.0050338443858664
2025-08-17 10:02:49.751390,ProjectA,ap-southeast-1,S3,177.53563933887455,4.083319704794114,0.03728248426116365
2025-08-17 10:02:49.751390,ProjectA,eu-west-1,DataTransfer,468.8526199648837,9.377052399297671,0.011158692355164231
2025-08-17 10:02:49.751390,ProjectB,eu-west-1,EC2,80.96830057656976,8.096830057656977,0.9635227768611802
2025-08-17 10:02:49.751390,ProjectB,eu-west-1,RDS,43.56736516076434,6.535104774114651,0.7776774681196434
2025-08-17 10:02:49.751390,ProjectB,eu-west-1,S3,176.49258091631742,4.0593293610753,0.02100261712904177
2025-08-17 10:02:49.751390,ProjectB,us-east-1,DataTransfer,460.1731891355174,9.20346378271035,0.019097187349123974
2025-08-17 10:02:49.751390,ProjectC,eu-west-1,EC2,67.04850980200129,6.7048509802001295,0.7978772666438153
2025-08-17 10:02:49.751390,ProjectC,eu-west-1,RDS,39.92475519693471,5.988713279540207,0.7126568802652846
2025-08-17 10:02:49.751390,ProjectC,us-east-1,S3,162.4298775156716,3.735887182860447,0.033704199584501854
2025-08-17 10:02:49.751390,ProjectC,us-east-1,DataTransfer,460.5118039747819,9.21023607949564,0.019111239864953448
2025-08-17 10:02:49.751390,ProjectD,eu-west-1,EC2,82.3546765876827,8.23546765876827,0.9800206513934241
2025-08-17 10:02:49.751390,ProjectD,ap-southeast-1,RDS,44.74598826504728,6.711898239757091,1.4094986303489894
2025-08-17 10:02:49.751390,ProjectD,ap-southeast-1,S3,157.27488444986903,3.617322342346988,0.0330277257344725
2025-08-17 10:02:49.751390,ProjectD,ap-southeast-1,DataTransfer,315.25799573701454,6.305159914740291,0.013240835820954611
2025-08-18 10:02:49.751390,ProjectA,eu-west-1,EC2,92.74395141507428,9.27439514150743,1.1036530218393839
2025-08-18 10:02:49.751390,ProjectA,ap-southeast-1,RDS,40.21181104972825,6.031771657459237,1.2666720480664397
2025-08-18 10:02:49.751390,ProjectA,ap-southeast-1,S3,144.1673074420893,3.315848071168054,0.030275134562838753
2025-08-18 10:02:49.751390,ProjectA,eu-west-1,DataTransfer,415.900873132624,8.31801746265248,0.00989844078055645
2025-08-18 10:02:49.751390,ProjectB,ap-southeast-1,EC2,67.08100723871802,6.708100723871802,1.4087011520130783
2025-08-18 10:02:49.751390,ProjectB,eu-west-1,RDS,42.7637263443002,6.414558951645029,0.7633325152457585
2025-08-18 10:02:49.751390,ProjectB,ap-southeast-1,S3,138.72102382722676,3.1905835480262152,0.029131415003717617
2025-08-18 10:02:49.751390,ProjectB,ap-southeast-1,DataTransfer,446.7099342248839,8.934198684497677,0.018761817237445123
2025-08-18 10:02:49.751390,ProjectC,ap-southeast-1,EC2,62.8963053593566,6.28963053593566,1.3208224125464885
2025-08-18 10:02:49.751390,ProjectC,eu-west-1,RDS,33.65538398712904,5.048307598069356,0.6007486041702533
2025-08-18 10:02:49.751390,ProjectC,eu-west-1,S3,134.67850295512773,3.0976055679679377,0.016026741851660198
2025-08-18 10:02:49.751390,ProjectC,eu-west-1,DataTransfer,412.388725350148,8.24777450700296,0.009814851663333521
2025-08-18 10:02:49.751390,ProjectD,us-east-1,EC2,68.65107317288755,6.865107317288755,1.4245097683374166
2025-08-18 10:02:49.751390,ProjectD,eu-west-1,RDS,41.19764383298817,6.179646574948225,0.7353779424188388
2025-08-18 10:02:49.751390,ProjectD,us-east-1,S3,129.43448992845512,2.976993268354468,0.02685765666015444
2025-08-18 10:02:49.751390,ProjectD,ap-southeast-1,DataTransfer,361.3198436052727,7.226396872105454,0.015175433431421451
2025-08-19 10:02:49.751390,ProjectA,us-east-1,EC2,80.0786680966978,8.00786680966978,1.6616323630064793
2025-08-19 10:02:49.751390,ProjectA,ap-southeast-1,RDS,39.69926295836384,5.954889443754576,1.2505267831884608
2025-08-19 10:02:49.751390,ProjectA,us-east-1,S3,137.34202862155286,3.1588666582957154,0.028498470938972217
2025-08-19 10:02:49.751390,ProjectA,ap-southeast-1,DataTransfer,440.2593033086874,8.805186066173748,0.01849089073896487
2025-08-19 10:02:49.751390,ProjectB,ap-southeast-1,EC2,90.16567447833036,9.016567447833038,1.8934791640449375
2025-08-19 10:02:49.751390,ProjectB,ap-southeast-1,RDS,36.25469517703673,5.438204276555509,1.1420228980766571
2025-08-19 10:02:49.751390,ProjectB,eu-west-1,S3,175.41630998186127,4.03457512958281,0.020874540887841492
2025-08-19 10:02:49.751390,ProjectB,ap-southeast-1,DataTransfer,456.7636577090657,9.135273154181316,0.01918407362378076
2025-08-19 10:02:49.751390,ProjectC,eu-west-1,EC2,77.8181509690082,7.781815096900821,0.9260359965311976
2025-08-19 10:02:49.751390,ProjectC,eu-west-1,RDS,40.21557004614888,6.0323355069223314,0.7178479253237575
2025-08-19 10:02:49.751390,ProjectC,ap-southeast-1,S3,136.8174173765359,3.1468005996603257,0.02873165764907254
2025-08-19 10:02:49.751390,ProjectC,ap-southeast-1,DataTransfer,420.3256844985398,8.406513689970796,0.01765367874893867
2025-08-19 10:02:49.751390,ProjectD,eu-west-1,EC2,68.77150574729245,6.877150574729246,0.8183809183927802
2025-08-19 10:02:49.751390,ProjectD,eu-west-1,RDS,45.36277201475104,6.804415802212657,0.8097254804633061
2025-08-19 10:02:49.751390,ProjectD,us-east-1,S3,159.15638599522262,3.66059687789012,0.03302495009400869
2025-08-19 10:02:49.751390,ProjectD,ap-southeast-1,DataTransfer,411.303592447404,8.22607184894808,0.01727475088279097
2025-08-20 10:02:49.751390,ProjectA,us-east-1,EC2,75.51775802899694,7.551775802899694,1.5669934791016866
2025-08-20 10:02:49.751390,ProjectA,us-east-1,RDS,33.50032803256972,5.025049204885458,1.0426977100137322
2025-08-20 10:02:49.751390,ProjectA,eu-west-1,S3,169.12056158930275,3.889772916553963,0.020125346829127026
2025-08-20 10:02:49.751390,ProjectA,us-east-1,DataTransfer,344.5216281541781,6.890432563083562,0.014297647568398388
2025-08-20 10:02:49.751390,ProjectB,eu-west-1,EC2,71.34660138398512,7.134660138398512,0.8490245564694229
2025-08-20 10:02:49.751390,ProjectB,eu-west-1,RDS,35.651158773448984,5.347673816017347,0.6363731841060644
2025-08-20 10:02:49.751390,ProjectB,us-east-1,S3,154.90584520136792,3.5628344396314624,0.032142962879283844
2025-08-20 10:02:49.751390,ProjectB,us-east-1,DataTransfer,352.40053262736217,7.048010652547244,0.014624622104035529
2025-08-20 10:02:49.751390,ProjectC,ap-southeast-1,EC2,72.95749387192141,7.295749387192142,1.5321073713103497
2025-08-20 10:02:49.751390,ProjectC,ap-southeast-1,RDS,34.771105266699486,5.215665790004922,1.0952898159010338
2025-08-20 10:02:49.751390,ProjectC,us-east-1,S3,135.0030872607673,3.105071006997648,0.028013140606609213
2025-08-20 10:02:49.751390,ProjectC,us-east-1,DataTransfer,453.0842538841336,9.061685077682672,0.018802996536191545
2025-08-20 10:02:49.751390,ProjectD,ap-southeast-1,EC2,69.20261920342708,6.920261920342708,1.4532550032719687
2025-08-20 10:02:49.751390,ProjectD,ap-southeast-1,RDS,33.47223543204882,5.020835314807322,1.0543754161095378
2025-08-20 10:02:49.751390,ProjectD,ap-southeast-1,S3,181.59844389384975,4.176764209558545,0.03813567321770844
2025-08-20 10:02:49.751390,ProjectD,ap-southeast-1,DataTransfer,447.6424948314785,8.952849896629571,0.018800984782922095
2025-08-21 10:02:49.751390,ProjectA,us-east-1,EC2,67.5307026147469,6.75307026147469,1.4012620792559982
2025-08-21 10:02:49.751390,ProjectA,ap-southeast-1,RDS,33.45905050960841,5.0188575764412615,1.053960091052665
2025-08-21 10:02:49.751390,ProjectA,us-east-1,S3,143.77161072291028,3.3067470466269366,0.029832609225003883
2025-08-21 10:02:49.751390,ProjectA,ap-southeast-1,DataTransfer,399.69705588534254,7.993941117706851,0.016787276347184386
2025-08-21 10:02:49.751390,ProjectB,us-east-1,EC2,80.62813504829165,8.062813504829165,1.6730338022520517
2025-08-21 10:02:49.751390,ProjectB,eu-west-1,RDS,32.89688135414741,4.934532203122111,0.5872093321715312
2025-08-21 10:02:49.751390,ProjectB,us-east-1,S3,175.5555771858129,4.037778275273697,0.03642778226605617
2025-08-21 10:02:49.751390,ProjectB,us-east-1,DataTransfer,373.1135709080773,7.462271418161545,0.015484213192685208
2025-08-21 10:02:49.751390,ProjectC,ap-southeast-1,EC2,71.36074298332322,7.136074298332322,1.4985756026497874
2025-08-21 10:02:49.751390,ProjectC,ap-southeast-1,RDS,34.52237506544804,5.178356259817206,1.0874548145616132
2025-08-21 10:02:49.751390,ProjectC,eu-west-1,S3,134.59474800508386,3.0956792041169288,0.01601677501260498
2025-08-21 10:02:49.751390,ProjectC,eu-west-1,DataTransfer,392.2514033494741,7.845028066989482,0.009335583399717483
2025-08-21 10:02:49.751390,ProjectD,eu-west-1,EC2,82.96498187758345,8.296498187758345,0.9872832843432431
2025-08-21 10:02:49.751390,ProjectD,eu-west-1,RDS,32.0883507913097,4.813252618696455,0.5727770616248782
2025-08-21 10:02:49.751390,ProjectD,ap-southeast-1,S3,174.21205316915166,4.006877222890488,0.03658453116552185
2025-08-21 10:02:49.751390,ProjectD,ap-southeast-1,DataTransfer,314.23482004686514,6.284696400937303,0.013197862441968336
2025-08-22 10:02:49.751390,ProjectA,ap-southeast-1,EC2,66.90897619890937,6.690897619890937,1.4050885001770965
2025-08-22 10:02:49.751390,ProjectA,us-east-1,RDS,33.41265972561572,5.011898958842358,1.0399690339597891
2025-08-22 10:02:49.751390,ProjectA,us-east-1,S3,164.05918138608715,3.773361171880005,0.03404228013761308
2025-08-22 10:02:49.751390,ProjectA,eu-west-1,DataTransfer,334.0993414725797,6.681986829451594,0.007951564327047397
2025-08-22 10:02:49.751390,ProjectB,us-east-1,EC2,88.91429581164574,8.891429581164575,1.8449716380916492
2025-08-22 10:02:49.751390,ProjectB,ap-southeast-1,RDS,39.64197209796022,5.946295814694033,1.2487221210857467
2025-08-22 10:02:49.751390,ProjectB,eu-west-1,S3,158.5710075041573,3.647133172595618,0.01886994989299472
2025-08-22 10:02:49.751390,ProjectB,us-east-1,DataTransfer,406.8244843535602,8.136489687071204,0.01688321610067275
2025-08-22 10:02:49.751390,ProjectC,us-east-1,EC2,82.06828460457663,8.206828460457663,1.7029169055449653
2025-08-22 10:02:49.751390,ProjectC,eu-west-1,RDS,39.507614955405,5.926142243310751,0.7052109269539792
2025-08-22 10:02:49.751390,ProjectC,ap-southeast-1,S3,146.23092719259964,3.3633113254297915,0.030708494710445924
2025-08-22 10:02:49.751390,ProjectC,us-east-1,DataTransfer,394.3505190736417,7.887010381472834,0.016365546541556128
2025-08-22 10:02:49.751390,ProjectD,us-east-1,EC2,87.27146014934473,8.727146014934474,1.810882798098903
2025-08-22 10:02:49.751390,ProjectD,eu-west-1,RDS,41.76492023033548,6.264738034550321,0.7455038261114881
2025-08-22 10:02:49.751390,ProjectD,eu-west-1,S3,156.04949211929133,3.5891383187437005,0.018569889562195668
2025-08-22 10:02:49.751390,ProjectD,eu-west-1,DataTransfer,441.9544169206341,8.839088338412683,0.01051851512271109
2025-08-23 10:02:49.751390,ProjectA,us-east-1,EC2,75.50789769913219,7.550789769913219,1.566788877256993
2025-08-23 10:02:49.751390,ProjectA,eu-west-1,RDS,45.76279067021364,6.864418600532046,0.8168658134633134
2025-08-23 10:02:49.751390,ProjectA,eu-west-1,S3,122.99617598617095,2.828912047681932,0.014636544942354342
2025-08-23 10:02:49.751390,ProjectA,eu-west-1,DataTransfer,427.1373689800103,8.542747379600206,0.010165869381724245
2025-08-23 10:02:49.751390,ProjectB,eu-west-1,EC2,72.91918403418805,7.291918403418805,0.8677382900068378
2025-08-23 10:02:49.751390,ProjectB,eu-west-1,RDS,37.39853068707505,5.6097796030612574,0.6675637727642897
2025-08-23 10:02:49.751390,ProjectB,us-east-1,S3,176.43680640023496,4.058046547205404,0.03661063732804875
2025-08-23 10:02:49.751390,ProjectB,eu-west-1,DataTransfer,324.9545765607693,6.499091531215385,0.007733918922146308
2025-08-23 10:02:49.751390,ProjectC,ap-southeast-1,EC2,83.91614314750711,8.391614314750711,1.7622390060976494
2025-08-23 10:02:49.751390,ProjectC,us-east-1,RDS,44.53444273324392,6.680166409986587,1.386134530072217
2025-08-23 10:02:49.751390,ProjectC,us-east-1,S3,152.60191033609257,3.509843937730129,0.03166489639473921
2025-08-23 10:02:49.751390,ProjectC,eu-west-1,DataTransfer,401.6112232226918,8.032224464453837,0.009558347112700065
2025-08-23 10:02:49.751390,ProjectD,eu-west-1,EC2,75.80872153273734,7.580872153273734,0.9021237862395742
2025-08-23 10:02:49.751390,ProjectD,us-east-1,RDS,42.7737674471998,6.416065117079969,1.3313335117940939
2025-08-23 10:02:49.751390,ProjectD,us-east-1,S3,166.03792430330788,3.818872258976081,0.03445286929293638
2025-08-23 10:02:49.751390,ProjectD,us-east-1,DataTransfer,331.1494525074515,6.62298905014903,0.013742702279059238
2025-08-24 10:02:49.751390,ProjectA,ap-southeast-1,EC2,73.1346577861025,7.31346577861025,1.5358278135081525
2025-08-24 10:02:49.751390,ProjectA,eu-west-1,RDS,32.961790734083365,4.944268610112505,0.588367964603388
2025-08-24 10:02:49.751390,ProjectA,eu-west-1,S3,146.04181262512466,3.358961690377867,0.017378975702389835
2025-08-24 10:02:49.751390,ProjectA,us-east-1,DataTransfer,448.5815421485886,8.971630842971772,0.018616133999166427
2025-08-24 10:02:49.751390,ProjectB,ap-southeast-1,EC2,64.09896332869943,6.409896332869943,1.3460782299026879
2025-08-24 10:02:49.751390,ProjectB,ap-southeast-1,RDS,42.77118643082535,6.415677964623803,1.3472923725709984
2025-08-24 10:02:49.751390,ProjectB,us-east-1,S3,165.92641157705123,3.8163074662721783,0.03442973040223813
2025-08-24 10:02:49.751390,ProjectB,ap-southeast-1,DataTransfer,446.60831028950673,8.932166205790136,0.01875754903215928
2025-08-24 10:02:49.751390,ProjectC,ap-southeast-1,EC2,87.95219890688767,8.795219890688768,1.8469961770446413
2025-08-24 10:02:49.751390,ProjectC,eu-west-1,RDS,31.056523021960427,4.658478453294064,0.5543589359419936
2025-08-24 10:02:49.751390,ProjectC,ap-southeast-1,S3,123.895974499645,2.8496074134918348,0.02601815464492545
2025-08-24 10:02:49.751390,ProjectC,eu-west-1,DataTransfer,361.27958671595087,7.225591734319018,0.00859845416383963
2025-08-24 10:02:49.751390,ProjectD,us-east-1,EC2,82.548421040478,8.254842104047801,1.7128797365899184
2025-08-24 10:02:49.751390,ProjectD,eu-west-1,RDS,32.93265874580798,4.939898811871196,0.5878479586126724
2025-08-24 10:02:49.751390,ProjectD,us-east-1,S3,128.84691186566255,2.9634789729102384,0.026735734212124978
2025-08-24 10:02:49.751390,ProjectD,us-east-1,DataTransfer,333.03249812790443,6.660649962558089,0.013820848672308034
2025-08-25 10:02:49.751390,ProjectA,ap-southeast-1,EC2,80.77139959471089,8.077139959471088,1.6961993914889284
2025-08-25 10:02:49.751390,ProjectA,ap-southeast-1,RDS,43.12367129017177,6.468550693525765,1.3583956456404107
2025-08-25 10:02:49.751390,ProjectA,us-east-1,S3,149.19611978050983,3.4315107549517263,0.03095819485445579
2025-08-25 10:02:49.751390,ProjectA,ap-southeast-1,DataTransfer,317.1877932608379,6.343755865216759,0.01332188731695519
2025-08-25 10:02:49.751390,ProjectB,eu-west-1,EC2,80.05620733985005,8.005620733985005,0.9526688673442155
2025-08-25 10:02:49.751390,ProjectB,us-east-1,RDS,35.26672406720679,5.290008610081018,1.0976767865918113
2025-08-25 10:02:49.751390,ProjectB,us-east-1,S3,161.18717720132602,3.7073050756304986,0.03344633926927515
2025-08-25 10:02:49.751390,ProjectB,ap-southeast-1,DataTransfer,306.9499571346014,6.138999142692028,0.012891898199653258
2025-08-25 10:02:49.751390,ProjectC,eu-west-1,EC2,80.32170195312395,8.032170195312395,0.9558282532421749
2025-08-25 10:02:49.751390,ProjectC,us-east-1,RDS,35.22002401809557,5.283003602714335,1.0962232475632248
2025-08-25 10:02:49.751390,ProjectC,us-east-1,S3,128.37614266710204,2.9526512813433468,0.026638049603423673
2025-08-25 10:02:49.751390,ProjectC,ap-southeast-1,DataTransfer,378.6476544315539,7.5729530886310785,0.015903201486125264
2025-08-25 10:02:49.751390,ProjectD,eu-west-1,EC2,72.71489141198175,7.271489141198176,0.8653072078025829
2025-08-25 10:02:49.751390,ProjectD,us-east-1,RDS,42.3002821793993,6.345042326909894,1.3165962828338031
2025-08-25 10:02:49.751390,ProjectD,ap-southeast-1,S3,178.14748429078108,4.097392138687964,0.03741097170106403
2025-08-25 10:02:49.751390,ProjectD,ap-southeast-1,DataTransfer,369.2154161301229,7.3843083226024575,0.01550704747746516
2025-08-26 10:02:49.751390,ProjectA,us-east-1,EC2,73.10009776398168,7.310009776398168,1.5168270286026198
2025-08-26 10:02:49.751390,ProjectA,eu-west-1,RDS,38.089195194883615,5.713379279232542,0.6798921342286725
2025-08-26 10:02:49.751390,ProjectA,ap-southeast-1,S3,180.4715734020785,4.150846188247806,0.03789903041443648
2025-08-26 10:02:49.751390,ProjectA,eu-west-1,DataTransfer,322.3996449962504,6.4479928999250085,0.007673111550910759
2025-08-26 10:02:49.751390,ProjectB,ap-southeast-1,EC2,87.8880598656167,8.78880598656167,1.845649257177951
2025-08-26 10:02:49.751390,ProjectB,eu-west-1,RDS,42.56481363164094,6.38472204474614,0.7597819233247907
2025-08-26 10:02:49.751390,ProjectB,eu-west-1,S3,170.00826749647837,3.9101901524190015,0.020230983832080926
2025-08-26 10:02:49.751390,ProjectB,ap-southeast-1,DataTransfer,401.0169861727703,8.020339723455406,0.016842713419256358
2025-08-26 10:02:49.751390,ProjectC,ap-southeast-1,EC2,63.425020790608784,6.342502079060878,1.3319254366027844
2025-08-26 10:02:49.751390,ProjectC,eu-west-1,RDS,35.40838047049698,5.3112570705745465,0.632039591398371
2025-08-26 10:02:49.751390,ProjectC,eu-west-1,S3,155.79511850370375,3.583287725585186,0.018539619101940748
2025-08-26 10:02:49.751390,ProjectC,us-east-1,DataTransfer,398.50673884700507,7.970134776940101,0.016538029662150712
2025-08-26 10:02:49.751390,ProjectD,eu-west-1,EC2,62.70239938109901,6.270239938109902,0.7461585526350781
2025-08-26 10:02:49.751390,ProjectD,eu-west-1,RDS,42.96894992968261,6.445342489452391,0.7669957562448345
2025-08-26 10:02:49.751390,ProjectD,ap-southeast-1,S3,135.54306565893634,3.117490510155536,0.02846404378837663
2025-08-26 10:02:49.751390,ProjectD,us-east-1,DataTransfer,366.0087151669275,7.3201743033385505,0.015189361679427494
2025-08-27 10:02:49.751390,ProjectA,ap-southeast-1,EC2,73.82952992490402,7.382952992490402,1.5504201284229842
2025-08-27 10:02:49.751390,ProjectA,eu-west-1,RDS,38.85637992814635,5.828456989221952,0.6935863817174124
2025-08-27 10:02:49.751390,ProjectA,us-east-1,S3,180.4117509383661,4.149470271582421,0.03743543831971097
2025-08-27 10:02:49.751390,ProjectA,ap-southeast-1,DataTransfer,346.49162168831646,6.929832433766329,0.014552648110909292
2025-08-27 10:02:49.751390,ProjectB,us-east-1,EC2,64.32732624310059,6.432732624310059,1.334792019544337
2025-08-27 10:02:49.751390,ProjectB,us-east-1,RDS,33.57376343815448,5.036064515723171,1.0449833870125582
2025-08-27 10:02:49.751390,ProjectB,us-east-1,S3,128.5330967924081,2.956261226225386,0.02667061758442468
2025-08-27 10:02:49.751390,ProjectB,ap-southeast-1,DataTransfer,302.90659313157965,6.058131862631593,0.012722076911526345
2025-08-27 10:02:49.751390,ProjectC,us-east-1,EC2,89.05211510995161,8.905211510995162,1.8478313885314956
2025-08-27 10:02:49.751390,ProjectC,eu-west-1,RDS,38.0856240350514,5.712843605257709,0.6798283890256676
2025-08-27 10:02:49.751390,ProjectC,us-east-1,S3,146.20211042483652,3.36264853977124,0.03033693791315358
2025-08-27 10:02:49.751390,ProjectC,eu-west-1,DataTransfer,370.6127756922128,7.412255513844257,0.008820584061474665
2025-08-27 10:02:49.751390,ProjectD,us-east-1,EC2,82.56530155525981,8.256530155525981,1.713230007271641
2025-08-27 10:02:49.751390,ProjectD,us-east-1,RDS,42.150393515696926,6.322559027354539,1.3119309981760665
2025-08-27 10:02:49.751390,ProjectD,us-east-1,S3,153.0277700202504,3.5196387104657587,0.03175326227920196
2025-08-27 10:02:49.751390,ProjectD,us-east-1,DataTransfer,437.1764049891365,8.74352809978273,0.018142820807049168
2025-08-28 10:02:49.751390,ProjectA,ap-southeast-1,EC2,80.11093842502675,8.011093842502675,1.6823297069255616
2025-08-28 10:02:49.751390,ProjectA,ap-southeast-1,RDS,30.164896402115776,4.524734460317366,0.9501942366666468
2025-08-28 10:02:49.751390,ProjectA,ap-southeast-1,S3,155.88506193777698,3.5853564245688707,0.032735863006933166
2025-08-28 10:02:49.751390,ProjectA,eu-west-1,DataTransfer,414.2544485583852,8.285088971167703,0.009859255875689569
2025-08-28 10:02:49.751390,ProjectB,us-east-1,EC2,73.33235489504902,7.333235489504903,1.521646364072267
2025-08-28 10:02:49.751390,ProjectB,ap-southeast-1,RDS,40.18944498403639,6.028416747605458,1.2659675169971465
2025-08-28 10:02:49.751390,ProjectB,us-east-1,S3,152.67604828026,3.51154911044598,0.031680280018153956
2025-08-28 10:02:49.751390,ProjectB,us-east-1,DataTransfer,361.26371773027137,7.225274354605427,0.014992444285806263
2025-08-28 10:02:49.751390,ProjectC,eu-west-1,EC2,66.9752055516747,6.697520555167471,0.797004946064929
2025-08-28 10:02:49.751390,ProjectC,eu-west-1,RDS,43.381347853793386,6.507202178069008,0.774357059190212
2025-08-28 10:02:49.751390,ProjectC,ap-southeast-1,S3,120.22671860481536,2.7652145279107527,0.025247610907011223
2025-08-28 10:02:49.751390,ProjectC,ap-southeast-1,DataTransfer,383.2081684837514,7.664163369675029,0.016094743076317558
2025-08-28 10:02:49.751390,ProjectD,ap-southeast-1,EC2,68.56527832368361,6.856527832368362,1.4398708447973558
2025-08-28 10:02:49.751390,ProjectD,us-east-1,RDS,39.8103013900626,5.971545208509389,1.2390956307656982
2025-08-28 10:02:49.751390,ProjectD,us-east-1,S3,177.76979598057162,4.088705307553147,0.036887232665968606
2025-08-28 10:02:49.751390,ProjectD,eu-west-1,DataTransfer,367.4586009540192,7.349172019080385,0.008745514702705655
2025-08-29 10:02:49.751390,ProjectA,eu-west-1,EC2,79.02278912500532,7.902278912500532,0.9403711905875632
2025-08-29 10:02:49.751390,ProjectA,ap-southeast-1,RDS,35.11525512199835,5.267288268299753,1.1061305363429481
2025-08-29 10:02:49.751390,ProjectA,eu-west-1,S3,168.8014290419855,3.8824328679656666,0.020087370055996274
2025-08-29 10:02:49.751390,ProjectA,ap-southeast-1,DataTransfer,310.3742387433684,6.207484774867368,0.013035718027221472
2025-08-29 10:02:49.751390,ProjectB,us-east-1,EC2,76.26538181985808,7.626538181985808,1.5825066727620551
2025-08-29 10:02:49.751390,ProjectB,ap-southeast-1,RDS,43.2524262631215,6.487863939468225,1.3624514272883272
2025-08-29 10:02:49.751390,ProjectB,eu-west-1,S3,137.61958487730652,3.16525045217805,0.016376730600399476
2025-08-29 10:02:49.751390,ProjectB,us-east-1,DataTransfer,432.25944712885337,8.645188942577068,0.017938767055847415
2025-08-29 10:02:49.751390,ProjectC,eu-west-1,EC2,72.17961145186185,7.217961145186185,0.8589373762771559
2025-08-29 10:02:49.751390,ProjectC,us-east-1,RDS,34.37707434484344,5.156561151726517,1.069986438983252
2025-08-29 10:02:49.751390,ProjectC,ap-southeast-1,S3,142.32255429160884,3.2734187487070034,0.029887736401237854
2025-08-29 10:02:49.751390,ProjectC,eu-west-1,DataTransfer,396.1446934316245,7.92289386863249,0.009428243703672665
2025-08-29 10:02:49.751390,ProjectD,eu-west-1,EC2,78.0996256232347,7.80996256232347,0.929385544916493
2025-08-29 10:02:49.751390,ProjectD,us-east-1,RDS,30.266803563841584,4.540020534576238,0.9420542609245692
2025-08-29 10:02:49.751390,ProjectD,us-east-1,S3,160.91284721888186,3.700995486034283,0.03338941579791798
2025-08-29 10:02:49.751390,ProjectD,eu-west-1,DataTransfer,299.8739681090056,5.997479362180112,0.007137000440994333
2025-08-30 10:02:49.751390,ProjectA,ap-southeast-1,EC2,67.50360270914477,6.750360270914477,1.4175756568920401
2025-08-30 10:02:49.751390,ProjectA,eu-west-1,RDS,38.262379994131706,5.739356999119756,0.6829834828952509
2025-08-30 10:02:49.751390,ProjectA,eu-west-1,S3,133.82777735048327,3.0780388790611157,0.015925505504707508
2025-08-30 10:02:49.751390,ProjectA,eu-west-1,DataTransfer,429.6137219224182,8.592274438448365,0.010224806581753555
2025-08-30 10:02:49.751390,ProjectB,us-east-1,EC2,78.66051909038836,7.866051909038837,1.6322057711255584
2025-08-30 10:02:49.751390,ProjectB,us-east-1,RDS,43.92633173628281,6.588949760442421,1.3672070752918024
2025-08-30 10:02:49.751390,ProjectB,ap-southeast-1,S3,176.77968346209582,4.065932719628203,0.03712373352704012
2025-08-30 10:02:49.751390,ProjectB,ap-southeast-1,DataTransfer,306.6979640265867,6.133959280531734,0.012881314489116643
2025-08-30 10:02:49.751390,ProjectC,us-east-1,EC2,86.56740224147052,8.656740224147052,1.7962735965105132
2025-08-30 10:02:49.751390,ProjectC,eu-west-1,RDS,40.373920145530754,6.056088021829613,0.7206744745977239
2025-08-30 10:02:49.751390,ProjectC,us-east-1,S3,141.25131143142363,3.2487801629227437,0.029309647122020402
2025-08-30 10:02:49.751390,ProjectC,eu-west-1,DataTransfer,299.62850615514367,5.992570123102873,0.00713115844649242
2025-08-30 10:02:49.751390,ProjectD,ap-southeast-1,EC2,63.81315798461698,6.381315798461698,1.3400763176769566
2025-08-30 10:02:49.751390,ProjectD,us-east-1,RDS,43.22995555522585,6.484493333283877,1.3455323666564045
2025-08-30 10:02:49.751390,ProjectD,us-east-1,S3,157.93622486146282,3.6325331718136447,0.03277176665875354
2025-08-30 10:02:49.751390,ProjectD,eu-west-1,DataTransfer,304.80589227911656,6.096117845582332,0.007254380236242974
2025-08-31 10:02:49.751390,ProjectA,eu-west-1,EC2,63.61093131260127,6.361093131260127,0.756970082619955
2025-08-31 10:02:49.751390,ProjectA,ap-southeast-1,RDS,39.61367347457239,5.942051021185858,1.2478307144490302
2025-08-31 10:02:49.751390,ProjectA,ap-southeast-1,S3,156.47935923255724,3.5990252623488166,0.03286066543883702
2025-08-31 10:02:49.751390,ProjectA,us-east-1,DataTransfer,313.3196286084259,6.266392572168518,0.013002764587249674
2025-08-31 10:02:49.751390,ProjectB,ap-southeast-1,EC2,67.16683620360777,6.716683620360778,1.4105035602757632
2025-08-31 10:02:49.751390,ProjectB,us-east-1,RDS,31.885395497654333,4.78280932464815,0.9924329348644911
2025-08-31 10:02:49.751390,ProjectB,us-east-1,S3,149.48566644549268,3.438170328246332,0.031018275787439733
2025-08-31 10:02:49.751390,ProjectB,us-east-1,DataTransfer,324.3503690273683,6.487007380547366,0.013460540314635784
2025-08-31 10:02:49.751390,ProjectC,ap-southeast-1,EC2,77.87318084695467,7.7873180846954675,1.635336797786048
2025-08-31 10:02:49.751390,ProjectC,ap-southeast-1,RDS,35.76711594278241,5.365067391417361,1.126664152197646
2025-08-31 10:02:49.751390,ProjectC,us-east-1,S3,151.15139692857605,3.476482129357249,0.031363914862679525
2025-08-31 10:02:49.751390,ProjectC,eu-west-1,DataTransfer,431.80509871039374,8.636101974207875,0.010276961349307372
2025-08-31 10:02:49.751390,ProjectD,us-east-1,EC2,67.56770405245021,6.756770405245021,1.4020298590883418
2025-08-31 10:02:49.751390,ProjectD,us-east-1,RDS,42.303059189281335,6.3454588783922,1.3166827172663813
2025-08-31 10:02:49.751390,ProjectD,ap-southeast-1,S3,177.01459196889866,4.071335615284669,0.037173064313468715
2025-08-31 10:02:49.751390,ProjectD,ap-southeast-1,DataTransfer,320.26131148995137,6.405226229799028,0.013450975082577959
2025-09-01 10:02:49.751390,ProjectA,ap-southeast-1,EC2,60.516466411912994,6.0516466411913,1.270845794650173
2025-09-01 10:02:49.751390,ProjectA,ap-southeast-1,RDS,32.270878876379655,4.840631831456948,1.016532684605959
2025-09-01 10:02:49.751390,ProjectA,eu-west-1,S3,143.7295396438778,3.305779411809189,0.017103815217621457
2025-09-01 10:02:49.751390,ProjectA,us-east-1,DataTransfer,435.1555478007144,8.703110956014289,0.01805895523372965
2025-09-01 10:02:49.751390,ProjectB,eu-west-1,EC2,64.89589398111042,6.489589398111042,0.772261138375214
2025-09-01 10:02:49.751390,ProjectB,ap-southeast-1,RDS,41.38170510775622,6.207255766163432,1.303523710894321
2025-09-01 10:02:49.751390,ProjectB,eu-west-1,S3,125.99174959868986,2.897810240769867,0.014993018202244093
2025-09-01 10:02:49.751390,ProjectB,us-east-1,DataTransfer,354.3228433962735,7.08645686792547,0.014704398000945348
2025-09-01 10:02:49.751390,ProjectC,eu-west-1,EC2,82.69955703914471,8.269955703914471,0.984124728765822
2025-09-01 10:02:49.751390,ProjectC,eu-west-1,RDS,35.04615721002684,5.256923581504026,0.6255739061989791
2025-09-01 10:02:49.751390,ProjectC,ap-southeast-1,S3,152.0657473021507,3.497512187949466,0.031933806933451644
2025-09-01 10:02:49.751390,ProjectC,eu-west-1,DataTransfer,310.8788298382299,6.217576596764598,0.007398916150149871
2025-09-01 10:02:49.751390,ProjectD,us-east-1,EC2,69.00340569277792,6.900340569277792,1.4318206681251415
2025-09-01 10:02:49.751390,ProjectD,ap-southeast-1,RDS,31.85479007322126,4.778218510983189,1.0034258873064696
2025-09-01 10:02:49.751390,ProjectD,ap-southeast-1,S3,162.66632316785967,3.741325432860772,0.03415992786525053
2025-09-01 10:02:49.751390,ProjectD,ap-southeast-1,DataTransfer,328.3293697768527,6.566587395537054,0.013789833530627814
2025-09-02 10:02:49.751390,ProjectA,ap-southeast-1,EC2,77.72845200544688,7.772845200544689,1.6322974921143845
2025-09-02 10:02:49.751390,ProjectA,eu-west-1,RDS,33.10315791652645,4.965473687478967,0.590891368809997
2025-09-02 10:02:49.751390,ProjectA,us-east-1,S3,159.8990093402264,3.677677214825207,0.03317904443809698
2025-09-02 10:02:49.751390,ProjectA,ap-southeast-1,DataTransfer,368.2023913366581,7.364047826733163,0.015464500436139637
2025-09-02 10:02:49.751390,ProjectB,eu-west-1,EC2,75.88366533969885,7.588366533969886,0.9030156175424163
2025-09-02 10:02:49.751390,ProjectB,us-east-1,RDS,41.884940376475946,6.282741056471392,1.3036687692178137
2025-09-02 10:02:49.751390,ProjectB,ap-southeast-1,S3,152.30404699973425,3.502993080993888,0.031983849869944195
2025-09-02 10:02:49.751390,ProjectB,ap-southeast-1,DataTransfer,352.5366466707673,7.050732933415347,0.014806539160172227
2025-09-02 10:02:49.751390,ProjectC,ap-southeast-1,EC2,86.2988245350754,8.62988245350754,1.8122753152365831
2025-09-02 10:02:49.751390,ProjectC,us-east-1,RDS,35.15249689808719,5.272874534713079,1.094121465952964
2025-09-02 10:02:49.751390,ProjectC,ap-southeast-1,S3,133.12933125152225,3.0619746187850114,0.027957159562819668
2025-09-02 10:02:49.751390,ProjectC,us-east-1,DataTransfer,387.9307993738916,7.758615987477833,0.016099128174016503
2025-09-02 10:02:49.751390,ProjectD,eu-west-1,EC2,66.79556198138332,6.679556198138332,0.7948671875784614
2025-09-02 10:02:49.751390,ProjectD,ap-southeast-1,RDS,37.09798218948431,5.564697328422645,1.168586438968756
2025-09-02 10:02:49.751390,ProjectD,ap-southeast-1,S3,170.03659146550393,3.9108416037065914,0.03570768420775582
2025-09-02 10:02:49.751390,ProjectD,us-east-1,DataTransfer,354.3039326662592,7.086078653325184,0.014703613205649757
2025-09-03 10:02:49.751390,ProjectA,us-east-1,EC2,66.58761941816923,6.658761941816923,1.3816931029270114
2025-09-03 10:02:49.751390,ProjectA,us-east-1,RDS,41.86369143532205,6.279553715298308,1.3030073959243988
2025-09-03 10:02:49.751390,ProjectA,ap-southeast-1,S3,171.96557988974112,3.955208337464046,0.03611277177684563
2025-09-03 10:02:49.751390,ProjectA,us-east-1,DataTransfer,396.75811839067376,7.935162367813476,0.01646546191321296
2025-09-03 10:02:49.751390,ProjectB,ap-southeast-1,EC2,63.73653206369806,6.373653206369806,1.3384671733376592
2025-09-03 10:02:49.751390,ProjectB,ap-southeast-1,RDS,32.07427191039583,4.811140786559374,1.0103395651774687
2025-09-03 10:02:49.751390,ProjectB,ap-southeast-1,S3,145.90737986685255,3.3558697369376085,0.030640549772039033
2025-09-03 10:02:49.751390,ProjectB,ap-southeast-1,DataTransfer,324.98153858139995,6.499630771627999,0.013649224620418796
2025-09-03 10:02:49.751390,ProjectC,eu-west-1,EC2,60.75711627380419,6.07571162738042,0.7230096836582699
2025-09-03 10:02:49.751390,ProjectC,eu-west-1,RDS,39.185324039503485,5.8777986059255225,0.6994580341051372
2025-09-03 10:02:49.751390,ProjectC,ap-southeast-1,S3,174.14689156666802,4.005378506033364,0.03657084722900028
2025-09-03 10:02:49.751390,ProjectC,ap-southeast-1,DataTransfer,368.6565779068814,7.373131558137628,0.015483576272089017
2025-09-03 10:02:49.751390,ProjectD,eu-west-1,EC2,85.62899322521545,8.562899322521545,1.0189850193800638
2025-09-03 10:02:49.751390,ProjectD,eu-west-1,RDS,32.73378902571341,4.910068353857012,0.5842981341089845
2025-09-03 10:02:49.751390,ProjectD,us-east-1,S3,134.0057409598969,3.082132042077629,0.02780619124917861
2025-09-03 10:02:49.751390,ProjectD,eu-west-1,DataTransfer,312.9303601776909,6.258607203553818,0.007447742572229043
2025-09-04 10:02:49.751390,ProjectA,us-east-1,EC2,61.61222982705382,6.161222982705382,1.2784537689113666
2025-09-04 10:02:49.751390,ProjectA,eu-west-1,RDS,41.03940291852548,6.155910437778821,0.7325533420956798
2025-09-04 10:02:49.751390,ProjectA,us-east-1,S3,126.98699286972597,2.920700836003697,0.02634980102046814
2025-09-04 10:02:49.751390,ProjectA,eu-west-1,DataTransfer,405.69543299633415,8.113908659926683,0.009655551305312753
2025-09-04 10:02:49.751390,ProjectB,ap-southeast-1,EC2,87.63128886546555,8.763128886546555,1.8402570661747766
2025-09-04 10:02:49.751390,ProjectB,eu-west-1,RDS,35.05749075769813,5.25862361365472,0.6257762100249116
2025-09-04 10:02:49.751390,ProjectB,ap-southeast-1,S3,155.58731729599427,3.578508297807868,0.032673336632158795
2025-09-04 10:02:49.751390,ProjectB,ap-southeast-1,DataTransfer,302.5160858777166,6.050321717554332,0.012705675606864097
2025-09-04 10:02:49.751390,ProjectC,ap-southeast-1,EC2,63.56090121820914,6.356090121820914,1.3347789255823919
2025-09-04 10:02:49.751390,ProjectC,us-east-1,RDS,39.2255206681475,5.883828100222125,1.220894330796091
2025-09-04 10:02:49.751390,ProjectC,ap-southeast-1,S3,129.75329297756176,2.9843257384839204,0.027248191525287967
2025-09-04 10:02:49.751390,ProjectC,ap-southeast-1,DataTransfer,353.4373532857797,7.068747065715594,0.014844368838002747
2025-09-04 10:02:49.751390,ProjectD,ap-southeast-1,EC2,80.19523817760053,8.019523817760053,1.684100001729611
2025-09-04 10:02:49.751390,ProjectD,ap-southeast-1,RDS,43.20138275345688,6.480207413018531,1.360843556733892
2025-09-04 10:02:49.751390,ProjectD,eu-west-1,S3,160.64002744521588,3.694720631239965,0.01911616326598069
2025-09-04 10:02:49.751390,ProjectD,eu-west-1,DataTransfer,345.6917733298486,6.913835466596972,0.008227464205250397
2025-09-05 10:02:49.751390,ProjectA,us-east-1,EC2,67.26082306142145,6.726082306142145,1.395662078524495
2025-09-05 10:02:49.751390,ProjectA,ap-southeast-1,RDS,39.01447315604474,5.852170973406712,1.2289559044154093
2025-09-05 10:02:49.751390,ProjectA,ap-southeast-1,S3,165.89334812875393,3.815547006961341,0.034837603107038324
2025-09-05 10:02:49.751390,ProjectA,eu-west-1,DataTransfer,386.5448439739645,7.730896879479291,0.009199767286580356
2025-09-05 10:02:49.751390,ProjectB,eu-west-1,EC2,77.89332292813869,7.789332292813869,0.9269305428448503
2025-09-05 10:02:49.751390,ProjectB,ap-southeast-1,RDS,38.43712278443398,5.765568417665097,1.2107693677096705
2025-09-05 10:02:49.751390,ProjectB,eu-west-1,S3,166.7732385749545,3.835784487223953,0.019846015390419584
2025-09-05 10:02:49.751390,ProjectB,us-east-1,DataTransfer,366.49745695516776,7.3299491391033555,0.015209644463639463
2025-09-05 10:02:49.751390,ProjectC,eu-west-1,EC2,75.25018811737873,7.525018811737873,0.8954772385968068
2025-09-05 10:02:49.751390,ProjectC,us-east-1,RDS,33.086786904397215,4.963018035659582,1.0298262423993632
2025-09-05 10:02:49.751390,ProjectC,us-east-1,S3,166.8985370822191,3.838666352891039,0.03463144644456046
2025-09-05 10:02:49.751390,ProjectC,ap-southeast-1,DataTransfer,317.72625042616016,6.354525008523203,0.013344502517898725
2025-09-05 10:02:49.751390,ProjectD,us-east-1,EC2,60.38356028498412,6.038356028498413,1.2529588759134205
2025-09-05 10:02:49.751390,ProjectD,ap-southeast-1,RDS,32.99262224265529,4.948893336398293,1.0392676006436414
2025-09-05 10:02:49.751390,ProjectD,eu-west-1,S3,168.03082522582005,3.864708980193861,0.019995668201872586
2025-09-05 10:02:49.751390,ProjectD,us-east-1,DataTransfer,368.791128804806,7.37582257609612,0.01530483184539945
2025-09-06 10:02:49.751390,ProjectA,ap-southeast-1,EC2,74.98544666633553,7.498544666633554,1.5746943799930462
2025-09-06 10:02:49.751390,ProjectA,eu-west-1,RDS,41.86962512618669,6.280443768928003,0.7473728085024325
2025-09-06 10:02:49.751390,ProjectA,eu-west-1,S3,134.61068236510906,3.096045694397508,0.016018671201447978
2025-09-06 10:02:49.751390,ProjectA,eu-west-1,DataTransfer,398.971776390468,7.97943552780936,0.009495528278093138
2025-09-06 10:02:49.751390,ProjectB,us-east-1,EC2,77.19994085332354,7.719994085332354,1.6018987727064635
2025-09-06 10:02:49.751390,ProjectB,us-east-1,RDS,33.19856196496555,4.9797842947448325,1.0333052411595527
2025-09-06 10:02:49.751390,ProjectB,us-east-1,S3,174.40104141055707,4.011223952442813,0.03618821609269059
2025-09-06 10:02:49.751390,ProjectB,us-east-1,DataTransfer,388.0026510908712,7.760053021817423,0.016102110020271156
2025-09-06 10:02:49.751390,ProjectC,eu-west-1,EC2,76.58614962241529,7.658614962241529,0.9113751805067418
2025-09-06 10:02:49.751390,ProjectC,us-east-1,RDS,41.947010137632354,6.292051520644853,1.305600690533807
2025-09-06 10:02:49.751390,ProjectC,ap-southeast-1,S3,126.07281815852316,2.8996748176460323,0.026475291813289864
2025-09-06 10:02:49.751390,ProjectC,ap-southeast-1,DataTransfer,354.79485656113474,7.095897131222695,0.014901383975567659
2025-09-06 10:02:49.751390,ProjectD,us-east-1,EC2,84.88190729502351,8.488190729502351,1.7612995763717374
2025-09-06 10:02:49.751390,ProjectD,us-east-1,RDS,38.59628383622298,5.789442575433447,1.2013093344024401
2025-09-06 10:02:49.751390,ProjectD,us-east-1,S3,135.48796796958683,3.116223263300497,0.028113753353689267
2025-09-06 10:02:49.751390,ProjectD,ap-southeast-1,DataTransfer,402.7725747845014,8.055451495690027,0.01691644814094906
2025-09-07 10:02:49.751390,ProjectA,eu-west-1,EC2,73.14626600461877,7.314626600461877,0.8704405654549633
2025-09-07 10:02:49.751390,ProjectA,ap-southeast-1,RDS,37.68140421956217,5.652210632934325,1.1869642329162082
2025-09-07 10:02:49.751390,ProjectA,us-east-1,S3,146.34900597715796,3.366027137474633,0.030367418740260277
2025-09-07 10:02:49.751390,ProjectA,eu-west-1,DataTransfer,310.35013944256593,6.207002788851319,0.007386333318733069
2025-09-07 10:02:49.751390,ProjectB,us-east-1,EC2,59.40761372560144,5.940761372560145,1.2327079848062297
2025-09-07 10:02:49.751390,ProjectB,us-east-1,RDS,34.92178883297313,5.238268324945969,1.0869406774262886
2025-09-07 10:02:49.751390,ProjectB,eu-west-1,S3,169.09811491431824,3.88925664302932,0.020122675674803872
2025-09-07 10:02:49.751390,ProjectB,ap-southeast-1,DataTransfer,318.015617710288,6.36031235420576,0.013356655943832096
2025-09-07 10:02:49.751390,ProjectC,us-east-1,EC2,64.4360604087632,6.44360604087632,1.3370482534818364
2025-09-07 10:02:49.751390,ProjectC,us-east-1,RDS,30.944780265633167,4.641717039844975,0.9631562857678323
2025-09-07 10:02:49.751390,ProjectC,us-east-1,S3,172.03620929731903,3.9568328138383375,0.035697513429193695
2025-09-07 10:02:49.751390,ProjectC,eu-west-1,DataTransfer,363.9448420452282,7.278896840904564,0.00866188724067643
2025-09-07 10:02:49.751390,ProjectD,eu-west-1,EC2,60.412543138831325,6.041254313883133,0.7189092633520927
2025-09-07 10:02:49.751390,ProjectD,us-east-1,RDS,39.74025732950266,5.961038599425399,1.2369155093807702
2025-09-07 10:02:49.751390,ProjectD,eu-west-1,S3,143.7902252685225,3.3071751811760177,0.017111036806954177
2025-09-07 10:02:49.751390,ProjectD,eu-west-1,DataTransfer,361.4253962074786,7.228507924149572,0.008601924429737992
2025-09-08 10:02:49.751390,ProjectA,eu-west-1,EC2,77.42402502971066,7.742402502971067,0.9213458978535569
2025-09-08 10:02:49.751390,ProjectA,us-east-1,RDS,31.07575432843492,4.661363149265237,0.9672328534725366
2025-09-08 10:02:49.751390,ProjectA,ap-southeast-1,S3,134.01131048074552,3.082260141057147,0.028142375200956558
2025-09-08 10:02:49.751390,ProjectA,eu-west-1,DataTransfer,360.5607740408429,7.211215480816859,0.008581346422172061
2025-09-08 10:02:49.751390,ProjectB,us-east-1,EC2,64.80829820131093,6.480829820131094,1.3447721876772019
2025-09-08 10:02:49.751390,ProjectB,us-east-1,RDS,30.62197330730707,4.59329599609606,0.9531089191899327
2025-09-08 10:02:49.751390,ProjectB,us-east-1,S3,155.2242968025833,3.570158826459416,0.03220904158653603
2025-09-08 10:02:49.751390,ProjectB,eu-west-1,DataTransfer,327.9824341065182,6.559648682130365,0.0078059819317351335
2025-09-08 10:02:49.751390,ProjectC,ap-southeast-1,EC2,66.91690510932803,6.691690510932803,1.4052550072958887
2025-09-08 10:02:49.751390,ProjectC,eu-west-1,RDS,37.737313025184896,5.660596953777734,0.6736110374995504
2025-09-08 10:02:49.751390,ProjectC,us-east-1,S3,139.64202352375497,3.2117665410463645,0.028975719881179154
2025-09-08 10:02:49.751390,ProjectC,us-east-1,DataTransfer,319.67649346324976,6.393529869264995,0.013266574478724865
2025-09-08 10:02:49.751390,ProjectD,us-east-1,EC2,75.86899269473328,7.586899269473328,1.5742815984157155
2025-09-08 10:02:49.751390,ProjectD,ap-southeast-1,RDS,30.45640240175868,4.568460360263801,0.9593766756553983
2025-09-08 10:02:49.751390,ProjectD,ap-southeast-1,S3,154.77908803317726,3.5599190247630768,0.03250360848696722
2025-09-08 10:02:49.751390,ProjectD,eu-west-1,DataTransfer,432.1715937492075,8.64343187498415,0.01028568393123114
2025-09-09 10:02:49.751390,ProjectA,eu-west-1,EC2,62.776279120904576,6.277627912090458,0.7470377215387644
2025-09-09 10:02:49.751390,ProjectA,ap-southeast-1,RDS,39.35612634263561,5.9034189513953415,1.2397179797930216
2025-09-09 10:02:49.751390,ProjectA,eu-west-1,S3,150.4177303757086,3.4596077986412976,0.017899709914709322
2025-09-09 10:02:49.751390,ProjectA,us-east-1,DataTransfer,334.5683149821884,6.691366299643768,0.013884585071760817
2025-09-09 10:02:49.751390,ProjectB,ap-southeast-1,EC2,80.78947551959537,8.078947551959537,1.6965789859115028
2025-09-09 10:02:49.751390,ProjectB,ap-southeast-1,RDS,42.3475234270846,6.352128514062689,1.333946987953165
2025-09-09 10:02:49.751390,ProjectB,ap-southeast-1,S3,154.9344129865614,3.563491498690912,0.032536226727177896
2025-09-09 10:02:49.751390,ProjectB,eu-west-1,DataTransfer,316.107064616429,6.32214129232858,0.00752334813787101
2025-09-09 10:02:49.751390,ProjectC,eu-west-1,EC2,70.81078139351185,7.081078139351185,0.8426482985827909
2025-09-09 10:02:49.751390,ProjectC,us-east-1,RDS,40.55946662750008,6.083919994125012,1.2624133987809398
2025-09-09 10:02:49.751390,ProjectC,ap-southeast-1,S3,146.82598985243462,3.3769977666059963,0.030833457869011267
2025-09-09 10:02:49.751390,ProjectC,us-east-1,DataTransfer,348.12393781529795,6.962478756305959,0.014447143419334865
2025-09-09 10:02:49.751390,ProjectD,eu-west-1,EC2,72.58951599524028,7.258951599524028,0.8638152403433592
2025-09-09 10:02:49.751390,ProjectD,eu-west-1,RDS,37.66111304637894,5.64916695695684,0.6722508678778639
2025-09-09 10:02:49.751390,ProjectD,eu-west-1,S3,117.92008917012288,2.712162050912826,0.014032490611244623
2025-09-09 10:02:49.751390,ProjectD,ap-southeast-1,DataTransfer,292.9342339475368,5.858684678950737,0.012303237825796547
2025-09-10 10:02:49.751390,ProjectA,us-east-1,EC2,68.36098851373097,6.836098851373098,1.4184905116599176
2025-09-10 10:02:49.751390,ProjectA,ap-southeast-1,RDS,38.60460582555962,5.790690873833943,1.216045083505128
2025-09-10 10:02:49.751390,ProjectA,ap-southeast-1,S3,115.509232418008,2.656712345614184,0.024256938807781677
2025-09-10 10:02:49.751390,ProjectA,eu-west-1,DataTransfer,328.3533323772042,6.567066647544084,0.00781480931057746
2025-09-10 10:02:49.751390,ProjectB,us-east-1,EC2,62.30810441633854,6.230810441633854,1.2928931666390246
2025-09-10 10:02:49.751390,ProjectB,eu-west-1,RDS,32.04805381653135,4.807208072479702,0.5720577606250845
2025-09-10 10:02:49.751390,ProjectB,us-east-1,S3,158.0546692827932,3.635257393504244,0.03279634387617959
2025-09-10 10:02:49.751390,ProjectB,ap-southeast-1,DataTransfer,425.3569390026192,8.507138780052383,0.017864991438110007
2025-09-10 10:02:49.751390,ProjectC,ap-southeast-1,EC2,58.09811182812207,5.809811182812208,1.2200603483905634
2025-09-10 10:02:49.751390,ProjectC,ap-southeast-1,RDS,33.614645721764994,5.042196858264749,1.0588613402355973
2025-09-10 10:02:49.751390,ProjectC,eu-west-1,S3,138.75664177984396,3.191402760936411,0.01651204037180143
2025-09-10 10:02:49.751390,ProjectC,ap-southeast-1,DataTransfer,369.9879601084764,7.399759202169528,0.01553949432455601
2025-09-10 10:02:49.751390,ProjectD,ap-southeast-1,EC2,78.52923274289621,7.852923274289622,1.6491138876008202
2025-09-10 10:02:49.751390,ProjectD,eu-west-1,RDS,37.114552437996345,5.567182865699452,0.6624947610182348
2025-09-10 10:02:49.751390,ProjectD,eu-west-1,S3,129.24201889890324,2.9725664346747744,0.015379800248969485
2025-09-10 10:02:49.751390,ProjectD,ap-southeast-1,DataTransfer,395.08309633318606,7.901661926663722,0.016593490045993815
2025-09-11 10:02:49.751390,ProjectA,us-east-1,EC2,60.867152472407575,6.0867152472407575,1.2629934138024572
2025-09-11 10:02:49.751390,ProjectA,us-east-1,RDS,30.744758427318104,4.611713764097716,0.9569306060502759
2025-09-11 10:02:49.751390,ProjectA,us-east-1,S3,159.397748071924,3.666148205654252,0.03307503272492423
2025-09-11 10:02:49.751390,ProjectA,eu-west-1,DataTransfer,373.3407022705945,7.46681404541189,0.008885508714040148
2025-09-11 10:02:49.751390,ProjectB,us-east-1,EC2,79.06984079777074,7.906984079777074,1.6406991965537427
2025-09-11 10:02:49.751390,ProjectB,us-east-1,RDS,35.92236729501981,5.388355094252971,1.1180836820574915
2025-09-11 10:02:49.751390,ProjectB,ap-southeast-1,S3,168.46118610122093,3.874607280328081,0.03537684908125639
2025-09-11 10:02:49.751390,ProjectB,eu-west-1,DataTransfer,365.51786346893726,7.310357269378746,0.008699325150560705
2025-09-11 10:02:49.751390,ProjectC,ap-southeast-1,EC2,64.2962084379689,6.42962084379689,1.3502203771973469
2025-09-11 10:02:49.751390,ProjectC,us-east-1,RDS,32.067482894160605,4.81012243412409,0.9981004050807487
2025-09-11 10:02:49.751390,ProjectC,us-east-1,S3,165.7218330912216,3.811602161098097,0.03438728036642848
2025-09-11 10:02:49.751390,ProjectC,ap-southeast-1,DataTransfer,417.9954240672765,8.359908481345531,0.017555807810825615
2025-09-11 10:02:49.751390,ProjectD,eu-west-1,EC2,65.66598023105968,6.566598023105968,0.7814251647496101
2025-09-11 10:02:49.751390,ProjectD,us-east-1,RDS,42.87632818951049,6.431449228426573,1.334525714898514
2025-09-11 10:02:49.751390,ProjectD,us-east-1,S3,122.74940204191148,2.823236246963964,0.02547050092369663
2025-09-11 10:02:49.751390,ProjectD,ap-southeast-1,DataTransfer,376.1081458741954,7.522162917483907,0.015796542126716207
2025-09-12 10:02:49.751390,ProjectA,ap-southeast-1,EC2,58.84048696794453,5.884048696794453,1.235650226326835
2025-09-12 10:02:49.751390,ProjectA,us-east-1,RDS,30.336730055225715,4.550509508283857,0.9442307229689002
2025-09-12 10:02:49.751390,ProjectA,ap-southeast-1,S3,166.78205380422278,3.835987237497124,0.035024231298886786
2025-09-12 10:02:49.751390,ProjectA,us-east-1,DataTransfer,320.0052445696677,6.4001048913933545,0.01328021764964121
2025-09-12 10:02:49.751390,ProjectB,ap-southeast-1,EC2,58.697979262646186,5.869797926264619,1.23265756451557
2025-09-12 10:02:49.751390,ProjectB,eu-west-1,RDS,41.76015541529716,6.264023312294573,0.7454187741630544
2025-09-12 10:02:49.751390,ProjectB,us-east-1,S3,157.1725583741218,3.614968842604801,0.03261330586263027
2025-09-12 10:02:49.751390,ProjectB,ap-southeast-1,DataTransfer,355.2543788232377,7.105087576464754,0.014920683910575983
2025-09-12 10:02:49.751390,ProjectC,eu-west-1,EC2,74.38050680887488,7.438050680887489,0.8851280310256112
2025-09-12 10:02:49.751390,ProjectC,us-east-1,RDS,30.791930964042702,4.618789644606406,0.958398851255829
2025-09-12 10:02:49.751390,ProjectC,eu-west-1,S3,152.86671442525153,3.515934431780785,0.01819113901660493
2025-09-12 10:02:49.751390,ProjectC,ap-southeast-1,DataTransfer,401.03449173589314,8.020689834717864,0.016843448652907513
2025-09-12 10:02:49.751390,ProjectD,us-east-1,EC2,57.985807072956426,5.798580707295643,1.2032054967638457
2025-09-12 10:02:49.751390,ProjectD,us-east-1,RDS,41.18484814520217,6.177727221780325,1.2818783985194173
2025-09-12 10:02:49.751390,ProjectD,us-east-1,S3,147.26921744838003,3.387192001312741,0.030558362620538855
2025-09-12 10:02:49.751390,ProjectD,us-east-1,DataTransfer,381.9776861614383,7.639553723228767,0.01585207397569969
2025-09-13 10:02:49.751390,ProjectA,us-east-1,EC2,65.68404844764346,6.568404844764347,1.362944005288602
2025-09-13 10:02:49.751390,ProjectA,eu-west-1,RDS,42.165033271483175,6.324754990722476,0.7526458438959748
2025-09-13 10:02:49.751390,ProjectA,us-east-1,S3,138.56266851719758,3.1869413758955445,0.028751753717318498
2025-09-13 10:02:49.751390,ProjectA,eu-west-1,DataTransfer,309.3523972907325,6.1870479458146495,0.007362587055519433
2025-09-13 10:02:49.751390,ProjectB,us-east-1,EC2,72.0871898513569,7.20871898513569,1.4958091894156555
2025-09-13 10:02:49.751390,ProjectB,us-east-1,RDS,29.054163331014177,4.358124499652126,0.9043108336778161
2025-09-13 10:02:49.751390,ProjectB,ap-southeast-1,S3,145.2592467876951,3.3409626761169875,0.030504441825415972
2025-09-13 10:02:49.751390,ProjectB,us-east-1,DataTransfer,368.7713033211846,7.3754260664236915,0.01530400908782916
2025-09-13 10:02:49.751390,ProjectC,ap-southeast-1,EC2,68.71160581339214,6.871160581339215,1.4429437220812351
2025-09-13 10:02:49.751390,ProjectC,us-east-1,RDS,29.933732162092973,4.490059824313946,0.9316874135451436
2025-09-13 10:02:49.751390,ProjectC,ap-southeast-1,S3,115.66382650805568,2.660268009685281,0.02428940356669169
2025-09-13 10:02:49.751390,ProjectC,ap-southeast-1,DataTransfer,367.9735560040273,7.359471120080546,0.015454889352169147
2025-09-13 10:02:49.751390,ProjectD,eu-west-1,EC2,63.232211583267386,6.323221158326739,0.7524633178408818
2025-09-13 10:02:49.751390,ProjectD,eu-west-1,RDS,29.53929918083966,4.430894877125949,0.527276490377988
2025-09-13 10:02:49.751390,ProjectD,ap-southeast-1,S3,144.2069005257242,3.3167587120916564,0.030283449110402077
2025-09-13 10:02:49.751390,ProjectD,ap-southeast-1,DataTransfer,302.70533514270176,6.054106702854035,0.012713624075993473
2025-09-14 10:02:49.751390,ProjectA,eu-west-1,EC2,76.04774996662894,7.604774996662894,0.9049682246028844
2025-09-14 10:02:49.751390,ProjectA,eu-west-1,RDS,39.88177465633525,5.982266198450287,0.7118896776155843
2025-09-14 10:02:49.751390,ProjectA,eu-west-1,S3,142.10659519518947,3.268451689489358,0.016910684828227548
2025-09-14 10:02:49.751390,ProjectA,us-east-1,DataTransfer,345.85144504944697,6.91702890098894,0.014352834969552052
2025-09-14 10:02:49.751390,ProjectB,us-east-1,EC2,65.03893749379161,6.503893749379161,1.3495579529961759
2025-09-14 10:02:49.751390,ProjectB,eu-west-1,RDS,33.2432848043902,4.986492720658529,0.5933926337583649
2025-09-14 10:02:49.751390,ProjectB,ap-southeast-1,S3,132.49536730709792,3.0473934480632523,0.027824027134490566
2025-09-14 10:02:49.751390,ProjectB,ap-southeast-1,DataTransfer,392.94381563307786,7.858876312661557,0.01650364025658927
2025-09-14 10:02:49.751390,ProjectC,ap-southeast-1,EC2,63.54907094817865,6.354907094817865,1.3345304899117516
2025-09-14 10:02:49.751390,ProjectC,us-east-1,RDS,40.71330862791229,6.106996294186843,1.26720173104377
2025-09-14 10:02:49.751390,ProjectC,ap-southeast-1,S3,164.3119591983393,3.779175061561804,0.03450551143165125
2025-09-14 10:02:49.751390,ProjectC,us-east-1,DataTransfer,383.0480643383363,7.660961286766726,0.015896494670040957
2025-09-14 10:02:49.751390,ProjectD,eu-west-1,EC2,62.05465957525599,6.2054659575256,0.7384504489455463
2025-09-14 10:02:49.751390,ProjectD,us-east-1,RDS,42.33609271217007,6.35041390682551,1.3177108856662936
2025-09-14 10:02:49.751390,ProjectD,us-east-1,S3,158.88591291491431,3.654375997043029,0.032968826929844715
2025-09-14 10:02:49.751390,ProjectD,us-east-1,DataTransfer,363.0414035623254,7.260828071246508,0.015066218247836504
2025-09-15 10:02:49.751390,ProjectA,us-east-1,EC2,68.88436115114513,6.888436115114513,1.4293504938862613
2025-09-15 10:02:49.751390,ProjectA,us-east-1,RDS,30.229873454606604,4.534481018190991,0.9409048112746304
2025-09-15 10:02:49.751390,ProjectA,eu-west-1,S3,122.6919937684735,2.8219158566748903,0.014600347258448346
2025-09-15 10:02:49.751390,ProjectA,ap-southeast-1,DataTransfer,298.79875339088017,5.975975067817603,0.012549547642416966
2025-09-15 10:02:49.751390,ProjectB,us-east-1,EC2,58.02983324638583,5.802983324638583,1.2041190398625057
2025-09-15 10:02:49.751390,ProjectB,ap-southeast-1,RDS,29.220644667761245,4.383096700164186,0.920450307034479
2025-09-15 10:02:49.751390,ProjectB,eu-west-1,S3,161.27742101051064,3.709380683241744,0.019192013100250763
2025-09-15 10:02:49.751390,ProjectB,us-east-1,DataTransfer,338.63773915121004,6.772754783024201,0.014053466174775217
2025-09-15 10:02:49.751390,ProjectC,eu-west-1,EC2,73.73373106307798,7.373373106307799,0.8774313996506279
2025-09-15 10:02:49.751390,ProjectC,eu-west-1,RDS,36.70122915404638,5.505184373106957,0.6551169403997279
2025-09-15 10:02:49.751390,ProjectC,us-east-1,S3,166.7816833157623,3.835978716262533,0.03460719928802068
2025-09-15 10:02:49.751390,ProjectC,us-east-1,DataTransfer,311.5838312648521,6.231676625297042,0.012930728997491363
2025-09-15 10:02:49.751390,ProjectD,us-east-1,EC2,74.3154157892233,7.43154157892233,1.5420448776263833
2025-09-15 10:02:49.751390,ProjectD,eu-west-1,RDS,34.201271206396704,5.1301906809595055,0.6104926910341811
2025-09-15 10:02:49.751390,ProjectD,ap-southeast-1,S3,141.91398665544577,3.264021693075253,0.02980193719764361
2025-09-15 10:02:49.751390,ProjectD,eu-west-1,DataTransfer,392.0354965033452,7.840709930066904,0.009330444816779615
2025-09-16 10:02:49.751390,ProjectA,ap-southeast-1,EC2,60.82509736496269,6.082509736496269,1.2773270446642162
2025-09-16 10:02:49.751390,ProjectA,ap-southeast-1,RDS,39.974695588164366,5.996204338224655,1.2592029110271774
2025-09-16 10:02:49.751390,ProjectA,eu-west-1,S3,167.19854012951427,3.845566422978828,0.019896626275412197
2025-09-16 10:02:49.751390,ProjectA,ap-southeast-1,DataTransfer,382.7478606513407,7.654957213026814,0.01607541014735631
2025-09-16 10:02:49.751390,ProjectB,us-east-1,EC2,71.0933186379966,7.10933186379966,1.4751863617384295
2025-09-16 10:02:49.751390,ProjectB,ap-southeast-1,RDS,40.73590519890347,6.11038577983552,1.2831810137654593
2025-09-16 10:02:49.751390,ProjectB,ap-southeast-1,S3,151.00061814860894,3.473014217418005,0.031710129811207875
2025-09-16 10:02:49.751390,ProjectB,ap-southeast-1,DataTransfer,408.2590984763313,8.165181969526627,0.017146882136005917
2025-09-16 10:02:49.751390,ProjectC,us-east-1,EC2,76.86922362160564,7.686922362160565,1.595036390148317
2025-09-16 10:02:49.751390,ProjectC,ap-southeast-1,RDS,31.193271670576813,4.678990750586522,0.9825880576231697
2025-09-16 10:02:49.751390,ProjectC,ap-southeast-1,S3,126.63884172220862,2.9126933596107984,0.026594156761663813
2025-09-16 10:02:49.751390,ProjectC,ap-southeast-1,DataTransfer,364.6337600657566,7.292675201315132,0.015314617922761774
2025-09-16 10:02:49.751390,ProjectD,ap-southeast-1,EC2,60.10242949922274,6.010242949922274,1.2621510194836774
2025-09-16 10:02:49.751390,ProjectD,eu-west-1,RDS,33.375530555708075,5.006329583356211,0.5957532204193892
2025-09-16 10:02:49.751390,ProjectD,eu-west-1,S3,148.52741468278006,3.4161305377039413,0.017674762347250825
2025-09-16 10:02:49.751390,ProjectD,ap-southeast-1,DataTransfer,328.37074718598694,6.567414943719739,0.013791571381811451
2025-09-17 10:02:49.751390,ProjectA,eu-west-1,EC2,80.70738091569044,8.070738091569044,0.9604178328967162
2025-09-17 10:02:49.751390,ProjectA,us-east-1,RDS,33.659688552307784,5.048953282846168,1.0476578061905797
2025-09-17 10:02:49.751390,ProjectA,us-east-1,S3,140.33744275249666,3.227761183307423,0.029120019371143054
2025-09-17 10:02:49.751390,ProjectA,us-east-1,DataTransfer,293.6256862032736,5.872513724065471,0.012185465977435852
2025-09-17 10:02:49.751390,ProjectB,ap-southeast-1,EC2,65.34151919097127,6.534151919097127,1.3721719030103965
2025-09-17 10:02:49.751390,ProjectB,eu-west-1,RDS,35.93269866264099,5.389904799396148,0.6413986711281416
2025-09-17 10:02:49.751390,ProjectB,eu-west-1,S3,164.23701359169087,3.77745131260889,0.019544204617411215
2025-09-17 10:02:49.751390,ProjectB,us-east-1,DataTransfer,366.4755170132708,7.329510340265415,0.015208733956050737
2025-09-17 10:02:49.751390,ProjectC,us-east-1,EC2,61.029071347411744,6.102907134741175,1.2663532304587937
2025-09-17 10:02:49.751390,ProjectC,ap-southeast-1,RDS,40.39482201882019,6.059223302823029,1.272436893592836
2025-09-17 10:02:49.751390,ProjectC,eu-west-1,S3,125.73330854104296,2.891866096443988,0.01496226371638411
2025-09-17 10:02:49.751390,ProjectC,us-east-1,DataTransfer,414.4342021021717,8.288684042043434,0.017199019387240125
2025-09-17 10:02:49.751390,ProjectD,eu-west-1,EC2,57.32053209585142,5.732053209585143,0.682114331940632
2025-09-17 10:02:49.751390,ProjectD,us-east-1,RDS,32.816394537536894,4.922459180630534,1.0214102799808358
2025-09-17 10:02:49.751390,ProjectD,ap-southeast-1,S3,136.76909120802262,3.14568909778452,0.028721509153684748
2025-09-17 10:02:49.751390,ProjectD,ap-southeast-1,DataTransfer,284.0116391729865,5.68023278345973,0.011928488845265435
2025-09-18 10:02:49.751390,ProjectA,ap-southeast-1,EC2,67.8672402689138,6.786724026891381,1.4252120456471897
2025-09-18 10:02:49.751390,ProjectA,us-east-1,RDS,38.3158694891816,5.747380423377239,1.192581437850777
2025-09-18 10:02:49.751390,ProjectA,us-east-1,S3,114.71295536919573,2.638397973491501,0.02380293823910811
2025-09-18 10:02:49.751390,ProjectA,eu-west-1,DataTransfer,325.9916509109034,6.519833018218068,0.007758601291679501
2025-09-18 10:02:49.751390,ProjectB,us-east-1,EC2,65.47291615917878,6.547291615917878,1.3585630103029596
2025-09-18 10:02:49.751390,ProjectB,us-east-1,RDS,41.84178101409967,6.276267152114951,1.3023254340638524
2025-09-18 10:02:49.751390,ProjectB,eu-west-1,S3,131.97327219656435,3.03538526052098,0.015704819391391157
2025-09-18 10:02:49.751390,ProjectB,us-east-1,DataTransfer,346.188581122775,6.923771622455501,0.014366826116595163
2025-09-18 10:02:49.751390,ProjectC,us-east-1,EC2,57.4541798369178,5.74541798369178,1.1921742316160444
2025-09-18 10:02:49.751390,ProjectC,ap-southeast-1,RDS,36.63550168043674,5.495325252065511,1.1540183029337572
2025-09-18 10:02:49.751390,ProjectC,us-east-1,S3,148.78640147447547,3.422087233912936,0.03087317830595366
2025-09-18 10:02:49.751390,ProjectC,eu-west-1,DataTransfer,419.05407015964073,8.381081403192814,0.00997348686979945
2025-09-18 10:02:49.751390,ProjectD,eu-west-1,EC2,65.90938883501624,6.590938883501625,0.7843217271366932
2025-09-18 10:02:49.751390,ProjectD,ap-southeast-1,RDS,37.2555518919371,5.588332783790565,1.1735498845960186
2025-09-18 10:02:49.751390,ProjectD,us-east-1,S3,126.08167974955462,2.8998786342397564,0.026161948548032582
2025-09-18 10:02:49.751390,ProjectD,ap-southeast-1,DataTransfer,355.5299652966938,7.110599305933875,0.014932258542461139
2025-09-19 10:02:49.751390,ProjectA,ap-southeast-1,EC2,78.2620391425235,7.826203914252351,1.6435028219929937
2025-09-19 10:02:49.751390,ProjectA,eu-west-1,RDS,32.00599182919804,4.800898774379705,0.571306954151185
2025-09-19 10:02:49.751390,ProjectA,us-east-1,S3,167.0534301104968,3.8422288925414265,0.034663586747928084
2025-09-19 10:02:49.751390,ProjectA,eu-west-1,DataTransfer,371.3094746520348,7.426189493040696,0.00883716549671843
2025-09-19 10:02:49.751390,ProjectB,us-east-1,EC2,83.8575676847095,8.38575676847095,1.740044529457722
2025-09-19 10:02:49.751390,ProjectB,us-east-1,RDS,31.722208623804335,4.7583312935706505,0.9873537434159098
2025-09-19 10:02:49.751390,ProjectB,us-east-1,S3,142.37836468100096,3.274702387663022,0.0295435106713077
2025-09-19 10:02:49.751390,ProjectB,us-east-1,DataTransfer,413.0342742377173,8.260685484754346,0.017140922380865266
2025-09-19 10:02:49.751390,ProjectC,eu-west-1,EC2,63.121426458289896,6.31214264582899,0.7511449748536497
2025-09-19 10:02:49.751390,ProjectC,ap-southeast-1,RDS,35.7972078364555,5.3695811754683245,1.1276120468483481
2025-09-19 10:02:49.751390,ProjectC,eu-west-1,S3,141.4243192810992,3.2527593434652817,0.016829493994450804
2025-09-19 10:02:49.751390,ProjectC,eu-west-1,DataTransfer,293.4808533037027,5.869617066074055,0.006984844308628124
2025-09-19 10:02:49.751390,ProjectD,ap-southeast-1,EC2,72.27605463208512,7.227605463208512,1.5177971472737875
2025-09-19 10:02:49.751390,ProjectD,ap-southeast-1,RDS,37.1602309169716,5.57403463754574,1.1705472738846054
2025-09-19 10:02:49.751390,ProjectD,eu-west-1,S3,120.5944091430046,2.7736714102891056,0.014350734688017546
2025-09-19 10:02:49.751390,ProjectD,ap-southeast-1,DataTransfer,305.87555731673604,6.117511146334721,0.012846773407302912
2025-09-20 10:02:49.751390,ProjectA,us-east-1,EC2,58.03237569557871,5.803237569557871,1.204171795683258
2025-09-20 10:02:49.751390,ProjectA,eu-west-1,RDS,36.37267715522844,5.455901573284265,0.6492522872208275
2025-09-20 10:02:49.751390,ProjectA,ap-southeast-1,S3,118.19254396441448,2.718428511181533,0.02482043423252704
2025-09-20 10:02:49.751390,ProjectA,eu-west-1,DataTransfer,389.6614625660242,7.793229251320485,0.009273942809071378
2025-09-20 10:02:49.751390,ProjectB,us-east-1,EC2,66.40123368694243,6.640123368694244,1.3778255990040553
2025-09-20 10:02:49.751390,ProjectB,eu-west-1,RDS,28.230688856230064,4.23460332843451,0.5039177960837067
2025-09-20 10:02:49.751390,ProjectB,eu-west-1,S3,112.9836059674476,2.598622937251295,0.013445049110126263
2025-09-20 10:02:49.751390,ProjectB,eu-west-1,DataTransfer,310.5759533268962,6.211519066537924,0.007391707689180129
2025-09-20 10:02:49.751390,ProjectC,ap-southeast-1,EC2,75.29517249372905,7.529517249372906,1.5811986223683099
2025-09-20 10:02:49.751390,ProjectC,us-east-1,RDS,30.79318475761571,4.618977713642356,0.9584378755807889
2025-09-20 10:02:49.751390,ProjectC,us-east-1,S3,162.46112946056436,3.73660597759298,0.03371068436306711
2025-09-20 10:02:49.751390,ProjectC,eu-west-1,DataTransfer,345.3963393630572,6.907926787261143,0.008220432876840763
2025-09-20 10:02:49.751390,ProjectD,ap-southeast-1,EC2,69.17871551352005,6.917871551352005,1.452753025783921
2025-09-20 10:02:49.751390,ProjectD,ap-southeast-1,RDS,32.84143128910408,4.926214693365612,1.0345050856067786
2025-09-20 10:02:49.751390,ProjectD,eu-west-1,S3,143.7522422117102,3.306301570869335,0.017106516823193516
2025-09-20 10:02:49.751390,ProjectD,us-east-1,DataTransfer,316.77289540826536,6.335457908165307,0.013146075159443011
2025-09-21 10:02:49.751390,ProjectA,us-east-1,EC2,73.00538424921741,7.300538424921742,1.5148617231712613
2025-09-21 10:02:49.751390,ProjectA,eu-west-1,RDS,30.683445722276844,4.602516858341526,0.5476995061426416
2025-09-21 10:02:49.751390,ProjectA,us-east-1,S3,131.58434101516477,3.02643984334879,0.02730375076064669
2025-09-21 10:02:49.751390,ProjectA,us-east-1,DataTransfer,293.24467722098103,5.864893544419621,0.012169654104670713
2025-09-21 10:02:49.751390,ProjectB,us-east-1,EC2,76.67151673408854,7.6671516734088545,1.5909339722323372
2025-09-21 10:02:49.751390,ProjectB,us-east-1,RDS,29.062560291155688,4.359384043673353,0.9045721890622208
2025-09-21 10:02:49.751390,ProjectB,eu-west-1,S3,164.2834702394298,3.778519815506885,0.019549732958492144
2025-09-21 10:02:49.751390,ProjectB,eu-west-1,DataTransfer,305.6062102785865,6.11212420557173,0.007273427804630359
2025-09-21 10:02:49.751390,ProjectC,us-east-1,EC2,66.23851555863497,6.623851555863498,1.3744491978416757
2025-09-21 10:02:49.751390,ProjectC,ap-southeast-1,RDS,37.74960066568064,5.662440099852096,1.18911242096894
2025-09-21 10:02:49.751390,ProjectC,eu-west-1,S3,146.3017853242314,3.364941062457322,0.017409912453583535
2025-09-21 10:02:49.751390,ProjectC,ap-southeast-1,DataTransfer,316.6446195585179,6.332892391170358,0.013299074021457752
2025-09-21 10:02:49.751390,ProjectD,ap-southeast-1,EC2,56.7722477487489,5.67722477487489,1.192217202723727
2025-09-21 10:02:49.751390,ProjectD,us-east-1,RDS,31.96698394398769,4.795047591598154,0.9949723752566167
2025-09-21 10:02:49.751390,ProjectD,eu-west-1,S3,147.67633250765192,3.396555647675994,0.017573483568410576
2025-09-21 10:02:49.751390,ProjectD,ap-southeast-1,DataTransfer,408.368951151222,8.16737902302444,0.017151495948351324
2025-09-22 10:02:49.751390,ProjectA,ap-southeast-1,EC2,77.0695529648134,7.70695529648134,1.6184606122610812
2025-09-22 10:02:49.751390,ProjectA,ap-southeast-1,RDS,41.22407550752059,6.183611326128088,1.2985583784868984
2025-09-22 10:02:49.751390,ProjectA,ap-southeast-1,S3,158.84263970203787,3.653380713146871,0.033356954337427955
2025-09-22 10:02:49.751390,ProjectA,ap-southeast-1,DataTransfer,324.3429373142009,6.486858746284018,0.01362240336719644
2025-09-22 10:02:49.751390,ProjectB,eu-west-1,EC2,64.78848280323012,6.478848280323013,0.7709829453584385
2025-09-22 10:02:49.751390,ProjectB,eu-west-1,RDS,32.45593020190996,4.8683895302864935,0.5793383541040928
2025-09-22 10:02:49.751390,ProjectB,us-east-1,S3,123.7140550344984,2.8454232657934635,0.025670666419658417
2025-09-22 10:02:49.751390,ProjectB,ap-southeast-1,DataTransfer,387.8566768246882,7.757133536493765,0.016289980426636905
2025-09-22 10:02:49.751390,ProjectC,eu-west-1,EC2,74.51817602227402,7.451817602227402,0.8867662946650609
2025-09-22 10:02:49.751390,ProjectC,us-east-1,RDS,29.00202892926933,4.350304339390399,0.9026881504235077
2025-09-22 10:02:49.751390,ProjectC,eu-west-1,S3,146.208058649547,3.3627853489395814,0.017398758979296092
2025-09-22 10:02:49.751390,ProjectC,eu-west-1,DataTransfer,327.0076229382564,6.540152458765127,0.007782781425930502
2025-09-22 10:02:49.751390,ProjectD,ap-southeast-1,EC2,72.1190032335158,7.21190032335158,1.5144990679038315
2025-09-22 10:02:49.751390,ProjectD,us-east-1,RDS,42.05186267600969,6.307779401401453,1.3088642257908014
2025-09-22 10:02:49.751390,ProjectD,us-east-1,S3,151.78374462430924,3.491026126359112,0.03149512700954417
2025-09-22 10:02:49.751390,ProjectD,eu-west-1,DataTransfer,353.1640827791032,7.063281655582064,0.008405305170142655
2025-09-23 10:02:49.751390,ProjectA,ap-southeast-1,EC2,56.6588818579982,5.665888185799821,1.1898365190179623
2025-09-23 10:02:49.751390,ProjectA,eu-west-1,RDS,38.83418396781836,5.825127595172754,0.6931901838255576
2025-09-23 10:02:49.751390,ProjectA,us-east-1,S3,129.52863883105576,2.9791586931142824,0.026877192557444068
2025-09-23 10:02:49.751390,ProjectA,eu-west-1,DataTransfer,297.27526728647337,5.945505345729467,0.007075151361418066
2025-09-23 10:02:49.751390,ProjectB,ap-southeast-1,EC2,60.9914440188376,6.09914440188376,1.2808203243955896
2025-09-23 10:02:49.751390,ProjectB,eu-west-1,RDS,29.25699850834521,4.388549776251781,0.522237423373962
2025-09-23 10:02:49.751390,ProjectB,us-east-1,S3,112.53198428728602,2.5882356386075784,0.023350386739611848
2025-09-23 10:02:49.751390,ProjectB,eu-west-1,DataTransfer,312.26248881306225,6.245249776261245,0.007431847233750882
2025-09-23 10:02:49.751390,ProjectC,ap-southeast-1,EC2,81.34922765024588,8.134922765024589,1.7083337806551633
2025-09-23 10:02:49.751390,ProjectC,eu-west-1,RDS,35.8664131264366,5.37996196896549,0.6402154743068933
2025-09-23 10:02:49.751390,ProjectC,us-east-1,S3,145.93842281129582,3.356583724659804,0.03028222273334388
2025-09-23 10:02:49.751390,ProjectC,us-east-1,DataTransfer,329.3411629650306,6.586823259300612,0.013667658263048771
2025-09-23 10:02:49.751390,ProjectD,ap-southeast-1,EC2,83.97020367142666,8.397020367142666,1.7633742770999599
2025-09-23 10:02:49.751390,ProjectD,eu-west-1,RDS,30.42909663708766,4.564364495563149,0.5431593749720147
2025-09-23 10:02:49.751390,ProjectD,eu-west-1,S3,136.90011333995272,3.148702606818913,0.016291113487454375
2025-09-23 10:02:49.751390,ProjectD,eu-west-1,DataTransfer,362.6847142379153,7.253694284758307,0.008631896198862385
2025-09-24 10:02:49.751390,ProjectA,us-east-1,EC2,78.74767895369787,7.8747678953697875,1.6340143382892307
2025-09-24 10:02:49.751390,ProjectA,ap-southeast-1,RDS,34.95361122653309,5.243041683979963,1.1010387536357924
2025-09-24 10:02:49.751390,ProjectA,us-east-1,S3,117.7017779727917,2.707140893374209,0.024423118929354278
2025-09-24 10:02:49.751390,ProjectA,us-east-1,DataTransfer,334.9526196909288,6.699052393818577,0.013900533717173548
2025-09-24 10:02:49.751390,ProjectB,us-east-1,EC2,76.9499662254889,7.6949966225488895,1.5967117991788944
2025-09-24 10:02:49.751390,ProjectB,eu-west-1,RDS,30.2866966060455,4.543004490906824,0.540617534417912
2025-09-24 10:02:49.751390,ProjectB,ap-southeast-1,S3,122.72534198769468,2.822682865716978,0.025772321817415882
2025-09-24 10:02:49.751390,ProjectB,ap-southeast-1,DataTransfer,392.9383911756684,7.858767823513369,0.016503412429378077
2025-09-24 10:02:49.751390,ProjectC,eu-west-1,EC2,73.59269270869356,7.359269270869357,0.8757530432334533
2025-09-24 10:02:49.751390,ProjectC,us-east-1,RDS,34.15110140054152,5.122665210081228,1.062953031091855
2025-09-24 10:02:49.751390,ProjectC,eu-west-1,S3,126.1356085487812,2.9011189966219675,0.015010137417304961
2025-09-24 10:02:49.751390,ProjectC,eu-west-1,DataTransfer,371.62328284750674,7.432465656950135,0.008844634131770661
2025-09-24 10:02:49.751390,ProjectD,ap-southeast-1,EC2,57.86495030514197,5.786495030514197,1.2151639564079812
2025-09-24 10:02:49.751390,ProjectD,eu-west-1,RDS,28.87157547414938,4.330736321122407,0.5153576222135665
2025-09-24 10:02:49.751390,ProjectD,eu-west-1,S3,149.1624313807383,3.430735921756981,0.017750329334307854
2025-09-24 10:02:49.751390,ProjectD,ap-southeast-1,DataTransfer,413.6311522083416,8.272623044166831,0.017372508392750348
2025-09-25 10:02:49.751390,ProjectA,ap-southeast-1,EC2,81.45446945935772,8.145446945935772,1.710543858646512
2025-09-25 10:02:49.751390,ProjectA,eu-west-1,RDS,36.48806604993128,5.473209907489691,0.6513119789912732
2025-09-25 10:02:49.751390,ProjectA,ap-southeast-1,S3,153.83856005819237,3.5382868813384243,0.0323060976122204
2025-09-25 10:02:49.751390,ProjectA,ap-southeast-1,DataTransfer,295.78550257932824,5.915710051586565,0.012422991108331786
2025-09-25 10:02:49.751390,ProjectB,ap-southeast-1,EC2,58.522164249334416,5.852216424933442,1.2289654492360227
2025-09-25 10:02:49.751390,ProjectB,us-east-1,RDS,31.86396238457606,4.779594357686409,0.9917658292199298
2025-09-25 10:02:49.751390,ProjectB,us-east-1,S3,143.8016276085378,3.3074374349963698,0.029838837728771595
2025-09-25 10:02:49.751390,ProjectB,eu-west-1,DataTransfer,280.9250307127562,5.618500614255124,0.006686015730963598
2025-09-25 10:02:49.751390,ProjectC,eu-west-1,EC2,67.53253021883464,6.753253021883464,0.8036371096041321
2025-09-25 10:02:49.751390,ProjectC,ap-southeast-1,RDS,28.082948850754644,4.212442327613196,0.8846128887987712
2025-09-25 10:02:49.751390,ProjectC,eu-west-1,S3,155.9776012058152,3.587484827733749,0.018561334543492007
2025-09-25 10:02:49.751390,ProjectC,us-east-1,DataTransfer,340.1009548808576,6.802019097617152,0.014114189627555592
2025-09-25 10:02:49.751390,ProjectD,ap-southeast-1,EC2,73.60054668999307,7.360054668999307,1.5456114804898544
2025-09-25 10:02:49.751390,ProjectD,us-east-1,RDS,33.07530108781259,4.961295163171888,1.0294687463581669
2025-09-25 10:02:49.751390,ProjectD,eu-west-1,S3,140.32416512908318,3.227455797968913,0.016698575650360897
2025-09-25 10:02:49.751390,ProjectD,ap-southeast-1,DataTransfer,418.3610062330469,8.367220124660939,0.01757116226178797
2025-09-26 10:02:49.751390,ProjectA,us-east-1,EC2,75.80673195745996,7.580673195745996,1.5729896881172942
2025-09-26 10:02:49.751390,ProjectA,eu-west-1,RDS,31.102907141132288,4.665436071169843,0.5551868924692114
2025-09-26 10:02:49.751390,ProjectA,eu-west-1,S3,165.49556997336703,3.8063981093874415,0.019693972826830677
2025-09-26 10:02:49.751390,ProjectA,eu-west-1,DataTransfer,324.5308891516154,6.490617783032308,0.007723835161808445
2025-09-26 10:02:49.751390,ProjectB,ap-southeast-1,EC2,68.0514953104738,6.80514953104738,1.4290814015199498
2025-09-26 10:02:49.751390,ProjectB,eu-west-1,RDS,41.0535198665217,6.158027979978255,0.7328053296174123
2025-09-26 10:02:49.751390,ProjectB,us-east-1,S3,121.65629989283268,2.798094897535152,0.02524368222776278
2025-09-26 10:02:49.751390,ProjectB,eu-west-1,DataTransfer,314.4240114149089,6.2884802282981775,0.0074832914716748316
2025-09-26 10:02:49.751390,ProjectC,us-east-1,EC2,82.29264260757226,8.229264260757226,1.7075723341071243
2025-09-26 10:02:49.751390,ProjectC,eu-west-1,RDS,38.34913723037806,5.752370584556709,0.6845320995622484
2025-09-26 10:02:49.751390,ProjectC,us-east-1,S3,128.1384504352423,2.947184360010573,0.026588728465312777
2025-09-26 10:02:49.751390,ProjectC,ap-southeast-1,DataTransfer,305.435924056302,6.10871848112604,0.012828308810364683
2025-09-26 10:02:49.751390,ProjectD,eu-west-1,EC2,73.51143067651161,7.3511430676511615,0.8747860250504881
2025-09-26 10:02:49.751390,ProjectD,ap-southeast-1,RDS,34.63067068317432,5.194600602476148,1.090866126519991
2025-09-26 10:02:49.751390,ProjectD,ap-southeast-1,S3,156.94205829745457,3.609667340841455,0.03295783224246546
2025-09-26 10:02:49.751390,ProjectD,eu-west-1,DataTransfer,296.5050950319596,5.930101900639193,0.007056821261760639
2025-09-27 10:02:49.751390,ProjectA,us-east-1,EC2,69.82939515071021,6.982939515071021,1.448959949377237
2025-09-27 10:02:49.751390,ProjectA,ap-southeast-1,RDS,30.639329656603064,4.595899448490459,0.9651388841829965
2025-09-27 10:02:49.751390,ProjectA,us-east-1,S3,136.0641306931653,3.129475005942802,0.0282333071188318
2025-09-27 10:02:49.751390,ProjectA,eu-west-1,DataTransfer,288.11060799509784,5.7622121599019565,0.006857032470283329
2025-09-27 10:02:49.751390,ProjectB,ap-southeast-1,EC2,68.28733358647594,6.828733358647594,1.4340340053159948
2025-09-27 10:02:49.751390,ProjectB,ap-southeast-1,RDS,29.68256709707509,4.452385064561264,0.9350008635578653
2025-09-27 10:02:49.751390,ProjectB,us-east-1,S3,130.2854322211121,2.996564941085578,0.02703422718588076
2025-09-27 10:02:49.751390,ProjectB,ap-southeast-1,DataTransfer,402.9018481911038,8.058036963822076,0.016921877624026357
2025-09-27 10:02:49.751390,ProjectC,eu-west-1,EC2,62.12319528171215,6.212319528171215,0.7392660238523746
2025-09-27 10:02:49.751390,ProjectC,us-east-1,RDS,41.00664548162996,6.150996822244494,1.2763318406157325
2025-09-27 10:02:49.751390,ProjectC,eu-west-1,S3,142.2842263260227,3.272537205498522,0.0169318229327967
2025-09-27 10:02:49.751390,ProjectC,ap-southeast-1,DataTransfer,350.2687778772155,7.00537555754431,0.01471128867084305
2025-09-27 10:02:49.751390,ProjectD,ap-southeast-1,EC2,61.22993335058601,6.122993335058601,1.285828600362306
2025-09-27 10:02:49.751390,ProjectD,us-east-1,RDS,39.22885451941598,5.884328177912397,1.2209980969168224
2025-09-27 10:02:49.751390,ProjectD,eu-west-1,S3,148.21670904209702,3.408984307968232,0.017637788376009544
2025-09-27 10:02:49.751390,ProjectD,ap-southeast-1,DataTransfer,321.7340954182905,6.43468190836581,0.013512832007568202
2025-09-28 10:02:49.751390,ProjectA,eu-west-1,EC2,75.46519017381247,7.546519017381247,0.8980357630683683
2025-09-28 10:02:49.751390,ProjectA,eu-west-1,RDS,37.13251953054517,5.569877929581776,0.6628154736202312
2025-09-28 10:02:49.751390,ProjectA,eu-west-1,S3,119.42199179398897,2.7467058112617457,0.014211217023484686
2025-09-28 10:02:49.751390,ProjectA,ap-southeast-1,DataTransfer,341.62521909754355,6.832504381950871,0.01434825920209683
2025-09-28 10:02:49.751390,ProjectB,ap-southeast-1,EC2,80.41242407783074,8.041242407783074,1.6886609056344455
2025-09-28 10:02:49.751390,ProjectB,us-east-1,RDS,39.513378536720126,5.927006780508019,1.2298539069554137
2025-09-28 10:02:49.751390,ProjectB,ap-southeast-1,S3,150.1258891021797,3.4528954493501334,0.03152643671145774
2025-09-28 10:02:49.751390,ProjectB,eu-west-1,DataTransfer,343.906881676383,6.87813763352766,0.008184983783897915
2025-09-28 10:02:49.751390,ProjectC,us-east-1,EC2,65.3409466902755,6.53409466902755,1.3558246438232167
2025-09-28 10:02:49.751390,ProjectC,eu-west-1,RDS,28.65407409765109,4.298111114647663,0.5114752226430719
2025-09-28 10:02:49.751390,ProjectC,ap-southeast-1,S3,126.9942335990635,2.9208673727784604,0.026668789055803336
2025-09-28 10:02:49.751390,ProjectC,ap-southeast-1,DataTransfer,405.99259805509087,8.119851961101817,0.01705168911831382
2025-09-28 10:02:49.751390,ProjectD,eu-west-1,EC2,64.83936428547378,6.483936428547378,0.7715884349971379
2025-09-28 10:02:49.751390,ProjectD,us-east-1,RDS,33.22724412410478,4.9840866186157164,1.034197973362761
2025-09-28 10:02:49.751390,ProjectD,us-east-1,S3,127.81072868343246,2.939646759718946,0.026520726201812235
2025-09-28 10:02:49.751390,ProjectD,us-east-1,DataTransfer,296.3582817423909,5.927165634847817,0.012298868692309223
2025-09-29 10:02:49.751390,ProjectA,eu-west-1,EC2,81.99985632638014,8.199985632638015,0.9757982902839237
2025-09-29 10:02:49.751390,ProjectA,us-east-1,RDS,40.83249833468211,6.124874750202316,1.2709115106669806
2025-09-29 10:02:49.751390,ProjectA,us-east-1,S3,163.16023351902894,3.7526853709376655,0.0338557484551985
2025-09-29 10:02:49.751390,ProjectA,eu-west-1,DataTransfer,338.1408521559485,6.76281704311897,0.008047752281311573
2025-09-29 10:02:49.751390,ProjectB,ap-southeast-1,EC2,76.82149289809985,7.682149289809985,1.6132513508600967
2025-09-29 10:02:49.751390,ProjectB,eu-west-1,RDS,35.71531940385797,5.357297910578695,0.6375184513588646
2025-09-29 10:02:49.751390,ProjectB,eu-west-1,S3,138.64919133780373,3.188931400769486,0.016499253769198644
2025-09-29 10:02:49.751390,ProjectB,ap-southeast-1,DataTransfer,345.29077184834347,6.905815436966869,0.014502212417630425
2025-09-29 10:02:49.751390,ProjectC,us-east-1,EC2,72.46194088058309,7.246194088058309,1.5035852732720991
2025-09-29 10:02:49.751390,ProjectC,us-east-1,RDS,34.56643642350665,5.184965463525997,1.0758803336816443
2025-09-29 10:02:49.751390,ProjectC,ap-southeast-1,S3,120.4851318763436,2.7711580331559027,0.025301877694032155
2025-09-29 10:02:49.751390,ProjectC,ap-southeast-1,DataTransfer,385.3917587436961,7.707835174873922,0.01618645386723524
2025-09-29 10:02:49.751390,ProjectD,ap-southeast-1,EC2,77.16068471800708,7.716068471800708,1.6203743790781486
2025-09-29 10:02:49.751390,ProjectD,us-east-1,RDS,39.55687090224401,5.933530635336601,1.2312076068323448
2025-09-29 10:02:49.751390,ProjectD,eu-west-1,S3,139.27830149542265,3.203400934394721,0.016574117877955295
2025-09-29 10:02:49.751390,ProjectD,ap-southeast-1,DataTransfer,344.0067463484394,6.880134926968788,0.014448283346634455
2025-09-30 10:02:49.751390,ProjectA,ap-southeast-1,EC2,76.48299947008941,7.648299947008941,1.6061429888718775
2025-09-30 10:02:49.751390,ProjectA,us-east-1,RDS,39.485096091000806,5.92276441365012,1.2289736158324
2025-09-30 10:02:49.751390,ProjectA,eu-west-1,S3,112.5050317479473,2.587615730202788,0.013388098778005727
2025-09-30 10:02:49.751390,ProjectA,eu-west-1,DataTransfer,311.99177653556137,6.239835530711227,0.00742540428154636
2025-09-30 10:02:49.751390,ProjectB,eu-west-1,EC2,65.84053792785427,6.584053792785428,0.7835024013414659
2025-09-30 10:02:49.751390,ProjectB,us-east-1,RDS,38.09827903336196,5.714741855004293,1.185808934913391
2025-09-30 10:02:49.751390,ProjectB,ap-southeast-1,S3,166.7497880552076,3.835245125269775,0.035017455491593595
2025-09-30 10:02:49.751390,ProjectB,us-east-1,DataTransfer,382.474056993155,7.6494811398630995,0.01587267336521593
2025-09-30 10:02:49.751390,ProjectC,us-east-1,EC2,74.81299093298654,7.481299093298654,1.5523695618594706
2025-09-30 10:02:49.751390,ProjectC,eu-west-1,RDS,30.27107329302474,4.540660993953711,0.5403386582804917
2025-09-30 10:02:49.751390,ProjectC,us-east-1,S3,131.28497074757732,3.019554327194278,0.02724163143012229
2025-09-30 10:02:49.751390,ProjectC,eu-west-1,DataTransfer,282.7221894110878,5.654443788221756,0.00672878810798389
2025-09-30 10:02:49.751390,ProjectD,ap-southeast-1,EC2,82.15371123014737,8.215371123014737,1.7252279358330949
2025-09-30 10:02:49.751390,ProjectD,ap-southeast-1,RDS,39.96320304723292,5.994480457084938,1.258840895987837
2025-09-30 10:02:49.751390,ProjectD,us-east-1,S3,133.68484745286656,3.074751491415931,0.02773960584646981
2025-09-30 10:02:49.751390,ProjectD,ap-southeast-1,DataTransfer,365.2660160752358,7.305320321504716,0.015341172675159902
2025-10-01 10:02:49.751390,ProjectA,ap-southeast-1,EC2,80.25288331054337,8.025288331054337,1.685310549521411
2025-10-01 10:02:49.751390,ProjectA,us-east-1,RDS,29.14293669567364,4.371440504351046,0.907073904652842
2025-10-01 10:02:49.751390,ProjectA,eu-west-1,S3,149.37172348013365,3.435549640043074,0.017775235094135904
2025-10-01 10:02:49.751390,ProjectA,ap-southeast-1,DataTransfer,377.3937926664988,7.547875853329977,0.01585053929199295
2025-10-01 10:02:49.751390,ProjectB,ap-southeast-1,EC2,56.819969270991415,5.681996927099142,1.1932193546908196
2025-10-01 10:02:49.751390,ProjectB,eu-west-1,RDS,28.88396604295933,4.332594906443899,0.5155787938668239
2025-10-01 10:02:49.751390,ProjectB,eu-west-1,S3,165.73827308315526,3.811980280912571,0.019722854496895474
2025-10-01 10:02:49.751390,ProjectB,ap-southeast-1,DataTransfer,369.6493057277016,7.392986114554032,0.015525270840563465
2025-10-01 10:02:49.751390,ProjectC,us-east-1,EC2,72.87571332839575,7.287571332839575,1.5121710515642117
2025-10-01 10:02:49.751390,ProjectC,ap-southeast-1,RDS,40.773075545450055,6.115961331817508,1.2843518796816766
2025-10-01 10:02:49.751390,ProjectC,ap-southeast-1,S3,143.7240412217393,3.305652948100004,0.03018204865656525
2025-10-01 10:02:49.751390,ProjectC,us-east-1,DataTransfer,416.2860010585596,8.325720021171191,0.017275869043930223
2025-10-01 10:02:49.751390,ProjectD,eu-west-1,EC2,61.56005491928835,6.156005491928835,0.7325646535395314
2025-10-01 10:02:49.751390,ProjectD,eu-west-1,RDS,31.93033517726693,4.789550276590039,0.5699564829142146
2025-10-01 10:02:49.751390,ProjectD,us-east-1,S3,159.5532263341774,3.66972420568608,0.03310729446434181
2025-10-01 10:02:49.751390,ProjectD,us-east-1,DataTransfer,354.5337890468731,7.090675780937462,0.014713152245445234
2025-10-02 10:02:49.751390,ProjectA,eu-west-1,EC2,57.40029096278496,5.740029096278496,0.683063462457141
2025-10-02 10:02:49.751390,ProjectA,us-east-1,RDS,33.34492620037867,5.001738930056801,1.0378608279867862
2025-10-02 10:02:49.751390,ProjectA,ap-southeast-1,S3,129.56963960880904,2.980101711002608,0.027209624317849897
2025-10-02 10:02:49.751390,ProjectA,eu-west-1,DataTransfer,347.309450208163,6.94618900416326,0.00826596491495428
2025-10-02 10:02:49.751390,ProjectB,ap-southeast-1,EC2,76.04514627472842,7.604514627472843,1.596948071769297
2025-10-02 10:02:49.751390,ProjectB,ap-southeast-1,RDS,35.12659628395133,5.268989442592699,1.1064877829444668
2025-10-02 10:02:49.751390,ProjectB,eu-west-1,S3,112.48836520286896,2.5872323996659863,0.013386115459141406
2025-10-02 10:02:49.751390,ProjectB,ap-southeast-1,DataTransfer,337.82585249262985,6.756517049852597,0.014188685804690454
2025-10-02 10:02:49.751390,ProjectC,ap-southeast-1,EC2,57.44505268831701,5.744505268831702,1.2063461064546572
2025-10-02 10:02:49.751390,ProjectC,ap-southeast-1,RDS,29.387398167006783,4.408109725051017,0.9257030422607135
2025-10-02 10:02:49.751390,ProjectC,eu-west-1,S3,115.12161204665964,2.647797077073172,0.013699471833552496
2025-10-02 10:02:49.751390,ProjectC,eu-west-1,DataTransfer,360.0469687010754,7.200939374021508,0.008569117855085595
2025-10-02 10:02:49.751390,ProjectD,ap-southeast-1,EC2,73.1676758251969,7.31676758251969,1.5365211923291346
2025-10-02 10:02:49.751390,ProjectD,ap-southeast-1,RDS,30.386876627495305,4.558031494124296,0.9571866137661021
2025-10-02 10:02:49.751390,ProjectD,eu-west-1,S3,115.73869795480924,2.661990052960612,0.013772905056622297
2025-10-02 10:02:49.751390,ProjectD,us-east-1,DataTransfer,413.4140142725208,8.268280285450416,0.01715668159230961
2025-10-03 10:02:49.751390,ProjectA,eu-west-1,EC2,83.72796553689544,8.372796553689545,0.9963627898890558
2025-10-03 10:02:49.751390,ProjectA,ap-southeast-1,RDS,30.24828188119129,4.537242282178693,0.9528208792575255
2025-10-03 10:02:49.751390,ProjectA,us-east-1,S3,158.8068188940926,3.65255683456413,0.03295241492052421
2025-10-03 10:02:49.751390,ProjectA,us-east-1,DataTransfer,315.05863746436086,6.301172749287217,0.013074933454770976
2025-10-03 10:02:49.751390,ProjectB,eu-west-1,EC2,83.43636809078401,8.343636809078403,0.9928927802803299
2025-10-03 10:02:49.751390,ProjectB,ap-southeast-1,RDS,30.35774773559528,4.553662160339292,0.9562690536712511
2025-10-03 10:02:49.751390,ProjectB,ap-southeast-1,S3,154.45825012090407,3.5525397527807936,0.03243623252538985
2025-10-03 10:02:49.751390,ProjectB,ap-southeast-1,DataTransfer,399.8879309680275,7.99775861936055,0.016795293100657156
2025-10-03 10:02:49.751390,ProjectC,ap-southeast-1,EC2,65.94671223083456,6.5946712230834565,1.3848809568475258
2025-10-03 10:02:49.751390,ProjectC,eu-west-1,RDS,38.29273358675628,5.743910038013442,0.6835252945235996
2025-10-03 10:02:49.751390,ProjectC,us-east-1,S3,166.96989130462038,3.840307500006269,0.03464625244570872
2025-10-03 10:02:49.751390,ProjectC,eu-west-1,DataTransfer,391.3468351449668,7.826936702899335,0.00931405467645021
2025-10-03 10:02:49.751390,ProjectD,us-east-1,EC2,72.92299917386515,7.292299917386515,1.513152232857702
2025-10-03 10:02:49.751390,ProjectD,us-east-1,RDS,37.17309432492336,5.575964148738503,1.1570125608632396
2025-10-03 10:02:49.751390,ProjectD,eu-west-1,S3,156.24480622422155,3.5936305431570954,0.018593131940682364
2025-10-03 10:02:49.751390,ProjectD,ap-southeast-1,DataTransfer,299.2151708779228,5.984303417558455,0.012567037176872757
2025-10-04 10:02:49.751390,ProjectA,eu-west-1,EC2,64.02227523520784,6.402227523520785,0.7618650752989734
2025-10-04 10:02:49.751390,ProjectA,us-east-1,RDS,31.95743175769984,4.793614763654976,0.9946750634584074
2025-10-04 10:02:49.751390,ProjectA,eu-west-1,S3,156.89500252291668,3.608585058027084,0.018670505300227087
2025-10-04 10:02:49.751390,ProjectA,us-east-1,DataTransfer,291.23778948294745,5.8247557896589495,0.012086368263542318
2025-10-04 10:02:49.751390,ProjectB,eu-west-1,EC2,59.434585386861976,5.943458538686198,0.7072715661036575
2025-10-04 10:02:49.751390,ProjectB,ap-southeast-1,RDS,40.16234811193576,6.024352216790363,1.2651139655259764
2025-10-04 10:02:49.751390,ProjectB,ap-southeast-1,S3,152.94491288846913,3.51773299643479,0.032118431706578514
2025-10-04 10:02:49.751390,ProjectB,us-east-1,DataTransfer,401.7907747884581,8.035815495769162,0.01667431715372101
2025-10-04 10:02:49.751390,ProjectC,eu-west-1,EC2,75.56314392351298,7.556314392351298,0.8992014126898044
2025-10-04 10:02:49.751390,ProjectC,us-east-1,RDS,28.107324300135726,4.216098645020359,0.8748404688417245
2025-10-04 10:02:49.751390,ProjectC,eu-west-1,S3,166.94862290415466,3.839818326795557,0.019866886125594403
2025-10-04 10:02:49.751390,ProjectC,eu-west-1,DataTransfer,397.9526590202778,7.959053180405556,0.009471273284682611
2025-10-04 10:02:49.751390,ProjectD,eu-west-1,EC2,64.37026816120165,6.437026816120166,0.7660061911182996
2025-10-04 10:02:49.751390,ProjectD,ap-southeast-1,RDS,35.87493615033938,5.381240422550907,1.1300604887356904
2025-10-04 10:02:49.751390,ProjectD,ap-southeast-1,S3,149.93728284567615,3.4485575054505517,0.03148682939759199
2025-10-04 10:02:49.751390,ProjectD,ap-southeast-1,DataTransfer,406.7599049725433,8.135198099450866,0.017083916008846817
2025-10-05 10:02:49.751390,ProjectA,eu-west-1,EC2,58.10186316545766,5.810186316545766,0.6914121716689462
2025-10-05 10:02:49.751390,ProjectA,us-east-1,RDS,35.686411835979534,5.35296177539693,1.1107395683948629
2025-10-05 10:02:49.751390,ProjectA,us-east-1,S3,162.83928230678143,3.7453034930559728,0.03378915107865715
2025-10-05 10:02:49.751390,ProjectA,us-east-1,DataTransfer,382.05305174431527,7.641061034886306,0.015855201647389083
2025-10-05 10:02:49.751390,ProjectB,us-east-1,EC2,73.04508317221652,7.304508317221653,1.5156854758234928
2025-10-05 10:02:49.751390,ProjectB,eu-west-1,RDS,34.668029810636106,5.200204471595415,0.6188243321198545
2025-10-05 10:02:49.751390,ProjectB,eu-west-1,S3,149.9565271142215,3.449000123627094,0.017844826726592357
2025-10-05 10:02:49.751390,ProjectB,eu-west-1,DataTransfer,284.1439020177639,5.682878040355278,0.0067626248680227805
2025-10-05 10:02:49.751390,ProjectC,ap-southeast-1,EC2,78.69642007746114,7.869642007746115,1.6526248216266841
2025-10-05 10:02:49.751390,ProjectC,eu-west-1,RDS,34.93011280544169,5.239516920816253,0.6235025135771342
2025-10-05 10:02:49.751390,ProjectC,us-east-1,S3,116.74462976316552,2.685126484552807,0.024224510675856844
2025-10-05 10:02:49.751390,ProjectC,eu-west-1,DataTransfer,391.7294434832274,7.834588869664548,0.009323160754900812
2025-10-05 10:02:49.751390,ProjectD,us-east-1,EC2,74.10852689680978,7.410852689680978,1.537751933108803
2025-10-05 10:02:49.751390,ProjectD,ap-southeast-1,RDS,41.79365462193184,6.269048193289776,1.316500120590853
2025-10-05 10:02:49.751390,ProjectD,ap-southeast-1,S3,157.36954089722906,3.619499440636268,0.0330476035884181
2025-10-05 10:02:49.751390,ProjectD,eu-west-1,DataTransfer,346.0399735588501,6.920799471177002,0.008235751370700631
2025-10-06 10:02:49.751390,ProjectA,ap-southeast-1,EC2,66.65155192491027,6.665155192491027,1.3996825904231154
2025-10-06 10:02:49.751390,ProjectA,ap-southeast-1,RDS,30.55613984499684,4.583420976749526,0.9625184051174004
2025-10-06 10:02:49.751390,ProjectA,us-east-1,S3,115.04225241813482,2.645971805617101,0.023871267376762973
2025-10-06 10:02:49.751390,ProjectA,us-east-1,DataTransfer,287.5763029704653,5.751526059409306,0.01193441657327431
2025-10-06 10:02:49.751390,ProjectB,ap-southeast-1,EC2,80.66063810688887,8.066063810688886,1.693873400244666
2025-10-06 10:02:49.751390,ProjectB,ap-southeast-1,RDS,30.2430116686976,4.536451750304639,0.9526548675639744
2025-10-06 10:02:49.751390,ProjectB,us-east-1,S3,137.85523447129273,3.1706703928397326,0.028604961152793238
2025-10-06 10:02:49.751390,ProjectB,eu-west-1,DataTransfer,354.01356886033744,7.080271377206749,0.008425522938876032
2025-10-06 10:02:49.751390,ProjectC,us-east-1,EC2,58.75842786182866,5.875842786182866,1.2192373781329446
2025-10-06 10:02:49.751390,ProjectC,ap-southeast-1,RDS,41.08012795943176,6.162019193914763,1.2940240307221005
2025-10-06 10:02:49.751390,ProjectC,eu-west-1,S3,128.65861865450233,2.959148229053554,0.015310375619885777
2025-10-06 10:02:49.751390,ProjectC,ap-southeast-1,DataTransfer,284.56719479417376,5.691343895883476,0.011951822181355298
2025-10-06 10:02:49.751390,ProjectD,ap-southeast-1,EC2,56.752498568118135,5.6752498568118135,1.1918024699304808
2025-10-06 10:02:49.751390,ProjectD,eu-west-1,RDS,41.99232213845614,6.29884832076842,0.749562950171442
2025-10-06 10:02:49.751390,ProjectD,us-east-1,S3,145.20451710046586,3.339703893310715,0.030129937298346666
2025-10-06 10:02:49.751390,ProjectD,ap-southeast-1,DataTransfer,307.8768437087203,6.157536874174406,0.012930827435766252
2025-10-07 10:02:49.751390,ProjectA,ap-southeast-1,EC2,75.18513947462745,7.518513947462745,1.5788879289671764
2025-10-07 10:02:49.751390,ProjectA,us-east-1,RDS,35.019174042580545,5.252876106387082,1.0899717920753194
2025-10-07 10:02:49.751390,ProjectA,us-east-1,S3,151.2901192790955,3.4796727434191967,0.03139269975041231
2025-10-07 10:02:49.751390,ProjectA,us-east-1,DataTransfer,356.1140249451594,7.122280498903187,0.014778732035224113
2025-10-07 10:02:49.751390,ProjectB,us-east-1,EC2,64.12785329157968,6.412785329157969,1.3306529558002784
2025-10-07 10:02:49.751390,ProjectB,eu-west-1,RDS,34.63078560796204,5.194617841194305,0.6181595231021223
2025-10-07 10:02:49.751390,ProjectB,ap-southeast-1,S3,141.58342519043683,3.2564187793800468,0.02973251928999173
2025-10-07 10:02:49.751390,ProjectB,eu-west-1,DataTransfer,385.7212961837327,7.714425923674653,0.009180166849172838
2025-10-07 10:02:49.751390,ProjectC,ap-southeast-1,EC2,78.2704389911918,7.82704389911918,1.6436792188150278
2025-10-07 10:02:49.751390,ProjectC,us-east-1,RDS,40.61264853924941,6.0918972808874114,1.264068685784138
2025-10-07 10:02:49.751390,ProjectC,us-east-1,S3,167.17456583109322,3.845015014115144,0.03468872240995184
2025-10-07 10:02:49.751390,ProjectC,ap-southeast-1,DataTransfer,342.533941630107,6.85067883260214,0.014386425548464494
2025-10-07 10:02:49.751390,ProjectD,eu-west-1,EC2,72.4646690989862,7.246466909898621,0.8623295622779358
2025-10-07 10:02:49.751390,ProjectD,ap-southeast-1,RDS,34.70934895690106,5.206402343535159,1.0933444921423834
2025-10-07 10:02:49.751390,ProjectD,eu-west-1,S3,163.75651935197826,3.7663999450955,0.019487025802885413
2025-10-07 10:02:49.751390,ProjectD,ap-southeast-1,DataTransfer,393.6888398241068,7.873776796482136,0.016534931272612487
2025-10-08 10:02:49.751390,ProjectA,us-east-1,EC2,77.49544887151967,7.749544887151967,1.608030564084033
2025-10-08 10:02:49.751390,ProjectA,eu-west-1,RDS,32.345249759540124,4.851787463931019,0.5773627082077912
2025-10-08 10:02:49.751390,ProjectA,us-east-1,S3,160.9712206166455,3.702338074182846,0.03340152827795394
2025-10-08 10:02:49.751390,ProjectA,eu-west-1,DataTransfer,332.3973506907527,6.647947013815054,0.007911056946439914
2025-10-08 10:02:49.751390,ProjectB,us-east-1,EC2,83.18891672529608,8.318891672529608,1.7261700220498934
2025-10-08 10:02:49.751390,ProjectB,ap-southeast-1,RDS,40.57192527035369,6.085788790553053,1.2780156460161411
2025-10-08 10:02:49.751390,ProjectB,us-east-1,S3,137.39953858433833,3.160189387439781,0.028510404256250205
2025-10-08 10:02:49.751390,ProjectB,us-east-1,DataTransfer,304.7396194207749,6.094792388415498,0.012646694205962157
2025-10-08 10:02:49.751390,ProjectC,us-east-1,EC2,82.86176726010268,8.286176726010268,1.7193816706471305
2025-10-08 10:02:49.751390,ProjectC,eu-west-1,RDS,40.32461021032625,6.048691531548937,0.7197942922543236
2025-10-08 10:02:49.751390,ProjectC,eu-west-1,S3,122.83826332457652,2.8252800564652603,0.014617753335624605
2025-10-08 10:02:49.751390,ProjectC,ap-southeast-1,DataTransfer,388.131973480412,7.762639469608239,0.016301542886177304
2025-10-08 10:02:49.751390,ProjectD,ap-southeast-1,EC2,70.58690333215942,7.058690333215942,1.4823249699753478
2025-10-08 10:02:49.751390,ProjectD,us-east-1,RDS,30.315908782131583,4.547386317319737,0.9435826608438456
2025-10-08 10:02:49.751390,ProjectD,eu-west-1,S3,118.72365862560925,2.7306441483890125,0.014128115376447498
2025-10-08 10:02:49.751390,ProjectD,ap-southeast-1,DataTransfer,376.0030620633138,7.520061241266276,0.01579212860665918
2025-10-09 10:02:49.751390,ProjectA,eu-west-1,EC2,59.43717175545534,5.943717175545534,0.7073023438899185
2025-10-09 10:02:49.751390,ProjectA,ap-southeast-1,RDS,36.35426718420027,5.45314007763004,1.1451594163023082
2025-10-09 10:02:49.751390,ProjectA,eu-west-1,S3,145.57076325920252,3.348127554961658,0.017322920827845097
2025-10-09 10:02:49.751390,ProjectA,ap-southeast-1,DataTransfer,302.10504113857786,6.042100822771557,0.01268841172782027
2025-10-09 10:02:49.751390,ProjectB,us-east-1,EC2,57.79590389006819,5.779590389006819,1.1992650057189147
2025-10-09 10:02:49.751390,ProjectB,eu-west-1,RDS,40.5826753498513,6.087401302477695,0.7244007549948457
2025-10-09 10:02:49.751390,ProjectB,ap-southeast-1,S3,145.3047555921421,3.3420093786192684,0.030513998674349837
2025-10-09 10:02:49.751390,ProjectB,us-east-1,DataTransfer,327.7357039667916,6.554714079335833,0.013601031714621853
2025-10-09 10:02:49.751390,ProjectC,ap-southeast-1,EC2,67.05746972017342,6.705746972017342,1.4082068641236416
2025-10-09 10:02:49.751390,ProjectC,ap-southeast-1,RDS,37.50691735909152,5.626037603863727,1.1814678968113828
2025-10-09 10:02:49.751390,ProjectC,ap-southeast-1,S3,166.87307978904914,3.8380808351481295,0.03504334675570032
2025-10-09 10:02:49.751390,ProjectC,us-east-1,DataTransfer,385.5641421217979,7.711282842435958,0.016000911898054613
2025-10-09 10:02:49.751390,ProjectD,us-east-1,EC2,81.74750109963612,8.174750109963613,1.6962606478174496
2025-10-09 10:02:49.751390,ProjectD,us-east-1,RDS,38.47973754385367,5.771960631578049,1.1976818310524455
2025-10-09 10:02:49.751390,ProjectD,us-east-1,S3,135.48777909890586,3.116218919274835,0.028113714163022965
2025-10-09 10:02:49.751390,ProjectD,ap-southeast-1,DataTransfer,401.3640710159361,8.027281420318722,0.016857290982669318
2025-10-10 10:02:49.751390,ProjectA,ap-southeast-1,EC2,83.6784814630111,8.36784814630111,1.7572481107232332
2025-10-10 10:02:49.751390,ProjectA,eu-west-1,RDS,32.30390100997071,4.845585151495606,0.5766246330279772
2025-10-10 10:02:49.751390,ProjectA,eu-west-1,S3,124.70533526345058,2.868222711059363,0.014839934896350618
2025-10-10 10:02:49.751390,ProjectA,us-east-1,DataTransfer,335.41866981194994,6.708373396238999,0.013919874797195921
2025-10-10 10:02:49.751390,ProjectB,ap-southeast-1,EC2,63.07158198069786,6.307158198069786,1.324503221594655
2025-10-10 10:02:49.751390,ProjectB,ap-southeast-1,RDS,34.66913159092919,5.200369738639378,1.0920776451142693
2025-10-10 10:02:49.751390,ProjectB,ap-southeast-1,S3,141.17898626929608,3.2471166841938097,0.029647587116552174
2025-10-10 10:02:49.751390,ProjectB,ap-southeast-1,DataTransfer,304.421506898772,6.088430137975441,0.012785703289748424
2025-10-10 10:02:49.751390,ProjectC,ap-southeast-1,EC2,60.6450605294759,6.06450605294759,1.2735462711189938
2025-10-10 10:02:49.751390,ProjectC,ap-southeast-1,RDS,36.001710441750824,5.400256566262623,1.134053878915151
2025-10-10 10:02:49.751390,ProjectC,eu-west-1,S3,119.56482370072554,2.7499909451166875,0.014228214020386338
2025-10-10 10:02:49.751390,ProjectC,ap-southeast-1,DataTransfer,282.4768304297273,5.649536608594546,0.011864026878048545
2025-10-10 10:02:49.751390,ProjectD,eu-west-1,EC2,69.2375225456725,6.923752254567251,0.8239265182935028
2025-10-10 10:02:49.751390,ProjectD,us-east-1,RDS,41.205080571572736,6.180762085735911,1.2825081327902013
2025-10-10 10:02:49.751390,ProjectD,ap-southeast-1,S3,143.71098059308628,3.305352553640984,0.030179305924548115
2025-10-10 10:02:49.751390,ProjectD,ap-southeast-1,DataTransfer,298.78288030044644,5.975657606008929,0.01254888097261875
2025-10-11 10:02:49.751390,ProjectA,eu-west-1,EC2,74.24881233186406,7.424881233186406,0.8835608667491822
2025-10-11 10:02:49.751390,ProjectA,us-east-1,RDS,30.019139441922423,4.502870916288363,0.9343457151298353
2025-10-11 10:02:49.751390,ProjectA,eu-west-1,S3,153.27992153623035,3.525438195333298,0.018240310662811413
2025-10-11 10:02:49.751390,ProjectA,us-east-1,DataTransfer,388.8537673490315,7.77707534698063,0.01613743134498481
2025-10-11 10:02:49.751390,ProjectB,eu-west-1,EC2,63.12601296306172,6.312601296306172,0.7511995542604345
2025-10-11 10:02:49.751390,ProjectB,ap-southeast-1,RDS,33.60142448389168,5.040213672583751,1.0584448712425878
2025-10-11 10:02:49.751390,ProjectB,us-east-1,S3,131.3447869219775,3.020930099205482,0.027254043286310328
2025-10-11 10:02:49.751390,ProjectB,ap-southeast-1,DataTransfer,297.80146185037205,5.956029237007441,0.012507661397715628
2025-10-11 10:02:49.751390,ProjectC,us-east-1,EC2,58.87582076529794,5.887582076529794,1.2216732808799322
2025-10-11 10:02:49.751390,ProjectC,us-east-1,RDS,28.3480351531293,4.252205272969395,0.8823325941411494
2025-10-11 10:02:49.751390,ProjectC,eu-west-1,S3,164.2588874078248,3.77795441037997,0.01954680760153115
2025-10-11 10:02:49.751390,ProjectC,ap-southeast-1,DataTransfer,391.743637875473,7.834872757509459,0.016453232790769868
2025-10-11 10:02:49.751390,ProjectD,ap-southeast-1,EC2,81.44224329221801,8.144224329221801,1.710287109136578
2025-10-11 10:02:49.751390,ProjectD,ap-southeast-1,RDS,30.93304950533365,4.639957425800047,0.97439105941801
2025-10-11 10:02:49.751390,ProjectD,ap-southeast-1,S3,159.1072613226134,3.659467010420108,0.03341252487774882
2025-10-11 10:02:49.751390,ProjectD,eu-west-1,DataTransfer,391.70619290514895,7.834123858102979,0.009322607391142546
2025-10-12 10:02:49.751390,ProjectA,ap-southeast-1,EC2,60.625811820004365,6.062581182000437,1.2731420482200917
2025-10-12 10:02:49.751390,ProjectA,us-east-1,RDS,36.70306081555011,5.505459122332517,1.142382767883997
2025-10-12 10:02:49.751390,ProjectA,ap-southeast-1,S3,136.37425253149857,3.136607808224467,0.028638593031614697
2025-10-12 10:02:49.751390,ProjectA,eu-west-1,DataTransfer,419.3493752405788,8.386987504811575,0.009980515130725776
2025-10-12 10:02:49.751390,ProjectB,eu-west-1,EC2,79.98694202411154,7.998694202411155,0.9518446100869273
2025-10-12 10:02:49.751390,ProjectB,eu-west-1,RDS,40.51906589607172,6.077859884410757,0.7232653262448802
2025-10-12 10:02:49.751390,ProjectB,ap-southeast-1,S3,150.12455955449465,3.452864869753377,0.03152615750644388
2025-10-12 10:02:49.751390,ProjectB,eu-west-1,DataTransfer,409.99034442362114,8.199806888472423,0.009757770197282183
2025-10-12 10:02:49.751390,ProjectC,ap-southeast-1,EC2,82.03651297205288,8.203651297205289,1.7227667724131106
2025-10-12 10:02:49.751390,ProjectC,eu-west-1,RDS,35.464903850520656,5.319735577578098,0.6330485337317937
2025-10-12 10:02:49.751390,ProjectC,us-east-1,S3,118.47697504100512,2.7249704259431176,0.02458397232100856
2025-10-12 10:02:49.751390,ProjectC,eu-west-1,DataTransfer,358.4211599840888,7.168423199681776,0.008530423607621313
2025-10-12 10:02:49.751390,ProjectD,ap-southeast-1,EC2,75.9895237981297,7.59895237981297,1.5957799997607234
2025-10-12 10:02:49.751390,ProjectD,ap-southeast-1,RDS,38.60544735898887,5.7908171038483305,1.2160715918081493
2025-10-12 10:02:49.751390,ProjectD,eu-west-1,S3,155.9000372249003,3.585700856172707,0.018552104429763135
2025-10-12 10:02:49.751390,ProjectD,eu-west-1,DataTransfer,333.54423498919164,6.670884699783833,0.007938352792742763
2025-10-13 10:02:49.751390,ProjectA,eu-west-1,EC2,64.11801610630197,6.411801610630197,0.7630043916649933
2025-10-13 10:02:49.751390,ProjectA,eu-west-1,RDS,39.386310925555286,5.907946638833293,0.7030456500211618
2025-10-13 10:02:49.751390,ProjectA,us-east-1,S3,162.54751399878992,3.738592821972168,0.03372860915474891
2025-10-13 10:02:49.751390,ProjectA,ap-southeast-1,DataTransfer,398.5688566702988,7.971377133405975,0.01673989198015255
2025-10-13 10:02:49.751390,ProjectB,us-east-1,EC2,79.14129533793836,7.914129533793837,1.642181878262221
2025-10-13 10:02:49.751390,ProjectB,ap-southeast-1,RDS,34.782227192192344,5.217334078828851,1.0956401565540588
2025-10-13 10:02:49.751390,ProjectB,eu-west-1,S3,131.39426810703762,3.022068166461865,0.015635917904737475
2025-10-13 10:02:49.751390,ProjectB,ap-southeast-1,DataTransfer,285.74996755510466,5.714999351102093,0.012001498637314397
2025-10-13 10:02:49.751390,ProjectC,eu-west-1,EC2,58.43579645976659,5.84357964597666,0.6953859778712224
2025-10-13 10:02:49.751390,ProjectC,ap-southeast-1,RDS,42.273021443016326,6.340953216452449,1.3316001754550142
2025-10-13 10:02:49.751390,ProjectC,eu-west-1,S3,159.76975722760437,3.674704416234901,0.019012601110084917
2025-10-13 10:02:49.751390,ProjectC,us-east-1,DataTransfer,397.45097125074153,7.949019425014831,0.01649421530690577
2025-10-13 10:02:49.751390,ProjectD,ap-southeast-1,EC2,65.07801818061556,6.507801818061556,1.3666383817929266
2025-10-13 10:02:49.751390,ProjectD,eu-west-1,RDS,39.571968148658144,5.935795222298721,0.7063596314535479
2025-10-13 10:02:49.751390,ProjectD,us-east-1,S3,153.37149499638062,3.5275443849167543,0.031824585211748975
2025-10-13 10:02:49.751390,ProjectD,ap-southeast-1,DataTransfer,335.3632068520816,6.707264137041632,0.014085254687787428
2025-10-14 10:02:49.751390,ProjectA,ap-southeast-1,EC2,58.10488029609607,5.810488029609608,1.2202024862180176
2025-10-14 10:02:49.751390,ProjectA,eu-west-1,RDS,40.71718013328106,6.107577019992159,0.7268016653790669
2025-10-14 10:02:49.751390,ProjectA,eu-west-1,S3,147.9071576468802,3.401864625878245,0.017600951759978743
2025-10-14 10:02:49.751390,ProjectA,eu-west-1,DataTransfer,419.3960489129223,8.387920978258446,0.009981625964127551
2025-10-14 10:02:49.751390,ProjectB,ap-southeast-1,EC2,70.74335812709135,7.074335812709136,1.4856105206689183
2025-10-14 10:02:49.751390,ProjectB,us-east-1,RDS,31.5934408595912,4.73901612893868,0.9833458467547762
2025-10-14 10:02:49.751390,ProjectB,eu-west-1,S3,125.32265658569182,2.882421101470912,0.014913396133697325
2025-10-14 10:02:49.751390,ProjectB,eu-west-1,DataTransfer,373.42599127499966,7.468519825499993,0.008887538592344991
2025-10-14 10:02:49.751390,ProjectC,eu-west-1,EC2,74.10838593226494,7.410838593226494,0.8818897925939527
2025-10-14 10:02:49.751390,ProjectC,ap-southeast-1,RDS,28.86985616875628,4.330478425313442,0.9094004693158229
2025-10-14 10:02:49.751390,ProjectC,ap-southeast-1,S3,160.31942188989964,3.687346703467692,0.033667078596878924
2025-10-14 10:02:49.751390,ProjectC,us-east-1,DataTransfer,297.7351128410319,5.954702256820638,0.012356007182902824
2025-10-14 10:02:49.751390,ProjectD,us-east-1,EC2,82.0823757959664,8.20823757959664,1.7032092977663027
2025-10-14 10:02:49.751390,ProjectD,us-east-1,RDS,34.90255817280948,5.235383725921421,1.086342123128695
2025-10-14 10:02:49.751390,ProjectD,eu-west-1,S3,137.7519733698418,3.1682953875063613,0.016392484831011172
2025-10-14 10:02:49.751390,ProjectD,eu-west-1,DataTransfer,387.2656068392116,7.745312136784231,0.009216921442773236
2025-10-15 10:02:49.751390,ProjectA,us-east-1,EC2,71.78915051884495,7.178915051884495,1.4896248732660327
2025-10-15 10:02:49.751390,ProjectA,ap-southeast-1,RDS,29.88938211699589,4.483407317549383,0.9415155366853704
2025-10-15 10:02:49.751390,ProjectA,eu-west-1,S3,166.0388192297364,3.8188928422839368,0.01975861948833863
2025-10-15 10:02:49.751390,ProjectA,ap-southeast-1,DataTransfer,297.364702364885,5.947294047297699,0.01248931749932517
2025-10-15 10:02:49.751390,ProjectB,ap-southeast-1,EC2,72.56743690974828,7.256743690974829,1.5239161751047139
2025-10-15 10:02:49.751390,ProjectB,us-east-1,RDS,34.16635133779055,5.124952700668582,1.063427685388731
2025-10-15 10:02:49.751390,ProjectB,eu-west-1,S3,167.16365199821098,3.8447639959588527,0.019892474587787107
2025-10-15 10:02:49.751390,ProjectB,us-east-1,DataTransfer,400.9758145974698,8.019516291949397,0.016640496305794998
2025-10-15 10:02:49.751390,ProjectC,us-east-1,EC2,72.84830934185065,7.284830934185066,1.511602418843401
2025-10-15 10:02:49.751390,ProjectC,ap-southeast-1,RDS,33.86436038286932,5.079654057430398,1.0667273520603835
2025-10-15 10:02:49.751390,ProjectC,us-east-1,S3,127.83783583491147,2.940270224202964,0.026526350935744132
2025-10-15 10:02:49.751390,ProjectC,ap-southeast-1,DataTransfer,365.35658072016247,7.307131614403249,0.015344976390246822
2025-10-15 10:02:49.751390,ProjectD,eu-west-1,EC2,77.54521044867987,7.754521044867987,0.9227880043392903
2025-10-15 10:02:49.751390,ProjectD,us-east-1,RDS,41.27436989589568,6.191155484384351,1.284664763009753
2025-10-15 10:02:49.751390,ProjectD,eu-west-1,S3,166.74796055135135,3.835203092681081,0.01984300730561081
2025-10-15 10:02:49.751390,ProjectD,eu-west-1,DataTransfer,379.2019683896224,7.584039367792448,0.009025006847673014
2025-10-16 10:02:49.751390,ProjectA,eu-west-1,EC2,76.95421707447085,7.695421707447085,0.915755183186203
2025-10-16 10:02:49.751390,ProjectA,eu-west-1,RDS,41.86621312068864,6.279931968103295,0.7473119042042923
2025-10-16 10:02:49.751390,ProjectA,ap-southeast-1,S3,162.38723210534937,3.734906338423035,0.03410131874212336
2025-10-16 10:02:49.751390,ProjectA,eu-west-1,DataTransfer,418.3947560353519,8.367895120707038,0.009957795193641376
2025-10-16 10:02:49.751390,ProjectB,ap-southeast-1,EC2,59.49012059974546,5.949012059974546,1.2492925325946547
2025-10-16 10:02:49.751390,ProjectB,us-east-1,RDS,30.237414110397403,4.53561211655961,0.9411395141861191
2025-10-16 10:02:49.751390,ProjectB,ap-southeast-1,S3,135.65776541504627,3.120128604546064,0.028488130737159712
2025-10-16 10:02:49.751390,ProjectB,ap-southeast-1,DataTransfer,377.706198648821,7.55412397297642,0.015863660343250482
2025-10-16 10:02:49.751390,ProjectC,eu-west-1,EC2,75.85689980440056,7.585689980440056,0.9026971076723665
2025-10-16 10:02:49.751390,ProjectC,us-east-1,RDS,31.306267972530254,4.695940195879538,0.974407590645004
2025-10-16 10:02:49.751390,ProjectC,ap-southeast-1,S3,143.15809329268467,3.2926361457317475,0.03006319959146378
2025-10-16 10:02:49.751390,ProjectC,us-east-1,DataTransfer,359.0768409901338,7.181536819802676,0.014901688901090553
2025-10-16 10:02:49.751390,ProjectD,ap-southeast-1,EC2,67.52279134164581,6.752279134164581,1.417978618174562
2025-10-16 10:02:49.751390,ProjectD,eu-west-1,RDS,41.53746306123077,6.230619459184616,0.7414437156429692
2025-10-16 10:02:49.751390,ProjectD,us-east-1,S3,159.3862325185814,3.665883347927372,0.03307264324760564
2025-10-16 10:02:49.751390,ProjectD,ap-southeast-1,DataTransfer,367.8209955113634,7.356419910227268,0.015448481811477264
2025-10-17 10:02:49.751390,ProjectA,ap-southeast-1,EC2,57.012148963637415,5.701214896363742,1.1972551282363857
2025-10-17 10:02:49.751390,ProjectA,eu-west-1,RDS,29.49385665480497,4.424078498220745,0.5264653412882687
2025-10-17 10:02:49.751390,ProjectA,us-east-1,S3,117.05519835810745,2.6922695622364707,0.024288953659307295
2025-10-17 10:02:49.751390,ProjectA,eu-west-1,DataTransfer,359.34373418909473,7.186874683781895,0.008552380873700454
2025-10-17 10:02:49.751390,ProjectB,ap-southeast-1,EC2,70.1943316085038,7.01943316085038,1.4740809637785797
2025-10-17 10:02:49.751390,ProjectB,eu-west-1,RDS,36.08445782568566,5.412668673852849,0.644107572188489
2025-10-17 10:02:49.751390,ProjectB,ap-southeast-1,S3,147.8007960111742,3.399418308257007,0.031038167162346583
2025-10-17 10:02:49.751390,ProjectB,us-east-1,DataTransfer,293.06349436459226,5.861269887291845,0.012162135016130579
2025-10-17 10:02:49.751390,ProjectC,eu-west-1,EC2,83.82732429301109,8.38273242930111,0.9975451590868317
2025-10-17 10:02:49.751390,ProjectC,eu-west-1,RDS,31.125875358283537,4.6688813037425305,0.5555968751453612
2025-10-17 10:02:49.751390,ProjectC,ap-southeast-1,S3,168.20914349545984,3.868810300395576,0.03532392013404657
2025-10-17 10:02:49.751390,ProjectC,eu-west-1,DataTransfer,356.2937075196926,7.125874150393852,0.008479790238968684
2025-10-17 10:02:49.751390,ProjectD,eu-west-1,EC2,59.9933092801179,5.999330928011791,0.7139203804334029
2025-10-17 10:02:49.751390,ProjectD,us-east-1,RDS,31.525880862136056,4.728882129320408,0.9812430418339847
2025-10-17 10:02:49.751390,ProjectD,eu-west-1,S3,169.20630525297702,3.891745020818471,0.020135550325104265
2025-10-17 10:02:49.751390,ProjectD,ap-southeast-1,DataTransfer,407.0200510141225,8.14040102028245,0.017094842142593145
2025-10-18 10:02:49.751390,ProjectA,ap-southeast-1,EC2,74.42079265903429,7.44207926590343,1.56283664583972
2025-10-18 10:02:49.751390,ProjectA,us-east-1,RDS,31.26065521985232,4.689098282977848,0.9729878937179035
2025-10-18 10:02:49.751390,ProjectA,eu-west-1,S3,148.5263488791456,3.4161060242203485,0.017674635516618326
2025-10-18 10:02:49.751390,ProjectA,us-east-1,DataTransfer,297.3572456495049,5.9471449129900975,0.012340325694454451
2025-10-18 10:02:49.751390,ProjectB,ap-southeast-1,EC2,83.29930238103694,8.329930238103694,1.7492853500017758
2025-10-18 10:02:49.751390,ProjectB,ap-southeast-1,RDS,29.10839844119336,4.366259766179004,0.9169145508975909
2025-10-18 10:02:49.751390,ProjectB,eu-west-1,S3,164.9547546943297,3.793959357969583,0.019629615808625232
2025-10-18 10:02:49.751390,ProjectB,ap-southeast-1,DataTransfer,320.12014548907393,6.402402909781479,0.013445046110541106
2025-10-18 10:02:49.751390,ProjectC,ap-southeast-1,EC2,69.80164285328961,6.980164285328961,1.4658344999190818
2025-10-18 10:02:49.751390,ProjectC,eu-west-1,RDS,39.0466742875345,5.857001143130175,0.6969831360324908
2025-10-18 10:02:49.751390,ProjectC,eu-west-1,S3,127.68903855290364,2.936847886716784,0.015194995587795534
2025-10-18 10:02:49.751390,ProjectC,us-east-1,DataTransfer,405.6219555168372,8.112439110336744,0.016833311153948743
2025-10-18 10:02:49.751390,ProjectD,ap-southeast-1,EC2,69.14391687986195,6.914391687986195,1.4520222544771009
2025-10-18 10:02:49.751390,ProjectD,us-east-1,RDS,32.2155154723117,4.832327320846755,1.0027079190757018
2025-10-18 10:02:49.751390,ProjectD,us-east-1,S3,144.55666534100592,3.324803302843136,0.02999550805825873
2025-10-18 10:02:49.751390,ProjectD,us-east-1,DataTransfer,311.7311927210478,6.234623854420956,0.012936844497923485
2025-10-19 10:02:49.751390,ProjectA,us-east-1,EC2,80.09343671606413,8.009343671606414,1.6619388118583305
2025-10-19 10:02:49.751390,ProjectA,eu-west-1,RDS,37.26443340178157,5.589665010267235,0.6651701362218009
2025-10-19 10:02:49.751390,ProjectA,ap-southeast-1,S3,137.83840394662244,3.170283290772316,0.028946064828790714
2025-10-19 10:02:49.751390,ProjectA,us-east-1,DataTransfer,339.2402005173388,6.784804010346776,0.01407846832146956
2025-10-19 10:02:49.751390,ProjectB,eu-west-1,EC2,79.67431570826011,7.967431570826012,0.9481243569282952
2025-10-19 10:02:49.751390,ProjectB,ap-southeast-1,RDS,30.08560048909663,4.512840073364495,0.9476964154065438
2025-10-19 10:02:49.751390,ProjectB,us-east-1,S3,115.14724447481444,2.648386622920732,0.023893053228523996
2025-10-19 10:02:49.751390,ProjectB,us-east-1,DataTransfer,375.6159031038735,7.51231806207747,0.01558805997881075
2025-10-19 10:02:49.751390,ProjectC,ap-southeast-1,EC2,63.31242461176556,6.331242461176556,1.3295609168470766
2025-10-19 10:02:49.751390,ProjectC,ap-southeast-1,RDS,37.16274611496899,5.574411917245349,1.1706265026215232
2025-10-19 10:02:49.751390,ProjectC,ap-southeast-1,S3,151.61974550194415,3.4872541465447155,0.03184014655540827
2025-10-19 10:02:49.751390,ProjectC,ap-southeast-1,DataTransfer,337.73178614101295,6.754635722820259,0.014184735017922544
2025-10-19 10:02:49.751390,ProjectD,ap-southeast-1,EC2,81.83048573129209,8.18304857312921,1.7184402003571335
2025-10-19 10:02:49.751390,ProjectD,eu-west-1,RDS,41.4257576998842,6.21386365498263,0.7394497749429331
2025-10-19 10:02:49.751390,ProjectD,ap-southeast-1,S3,142.5638505302773,3.2789685621963782,0.029938408611358235
2025-10-19 10:02:49.751390,ProjectD,us-east-1,DataTransfer,385.011095355892,7.70022190711784,0.01597796045726952
2025-10-20 10:02:49.751390,ProjectA,eu-west-1,EC2,74.02246452763336,7.402246452763336,0.880867327878837
2025-10-20 10:02:49.751390,ProjectA,eu-west-1,RDS,35.90397622721493,5.38559643408224,0.6408859756557865
2025-10-20 10:02:49.751390,ProjectA,us-east-1,S3,171.78340524673152,3.951018320674825,0.03564505658869679
2025-10-20 10:02:49.751390,ProjectA,ap-southeast-1,DataTransfer,373.3678686419675,7.46735737283935,0.015681450482962635
2025-10-20 10:02:49.751390,ProjectB,us-east-1,EC2,72.99283602924058,7.299283602924058,1.514601347606742
2025-10-20 10:02:49.751390,ProjectB,us-east-1,RDS,33.13350257203647,4.97002538580547,1.0312802675546349
2025-10-20 10:02:49.751390,ProjectB,ap-southeast-1,S3,127.61895698577707,2.9352360106728725,0.026799980967013186
2025-10-20 10:02:49.751390,ProjectB,ap-southeast-1,DataTransfer,397.6376683923003,7.9527533678460065,0.016700782072476616
2025-10-20 10:02:49.751390,ProjectC,us-east-1,EC2,81.49828141771746,8.149828141771748,1.6910893394176372
2025-10-20 10:02:49.751390,ProjectC,eu-west-1,RDS,37.37409149729917,5.606113724594875,0.6671275332267901
2025-10-20 10:02:49.751390,ProjectC,us-east-1,S3,149.84756807775187,3.446494065788293,0.031093370376133512
2025-10-20 10:02:49.751390,ProjectC,ap-southeast-1,DataTransfer,374.9844026883416,7.499688053766832,0.01574934491291035
2025-10-20 10:02:49.751390,ProjectD,eu-west-1,EC2,61.672785707506506,6.167278570750651,0.7339061499193275
2025-10-20 10:02:49.751390,ProjectD,us-east-1,RDS,33.601173078205456,5.040175961730818,1.0458365120591446
2025-10-20 10:02:49.751390,ProjectD,us-east-1,S3,154.0846334871719,3.543946570204954,0.03197256144858817
2025-10-20 10:02:49.751390,ProjectD,eu-west-1,DataTransfer,383.2766848862087,7.665533697724173,0.009121985100291767
2025-10-21 10:02:49.751390,ProjectA,us-east-1,EC2,73.56749014764702,7.356749014764702,1.5265254205636756
2025-10-21 10:02:49.751390,ProjectA,ap-southeast-1,RDS,32.04949382082816,4.807424073124224,1.0095590553560871
2025-10-21 10:02:49.751390,ProjectA,us-east-1,S3,134.4676769812949,3.092756570569782,0.027902042973618688
2025-10-21 10:02:49.751390,ProjectA,ap-southeast-1,DataTransfer,410.2558951052637,8.205117902105274,0.017230747594421076
2025-10-21 10:02:49.751390,ProjectB,eu-west-1,EC2,58.81069903956024,5.881069903956025,0.6998473185707668
2025-10-21 10:02:49.751390,ProjectB,ap-southeast-1,RDS,36.64778717319551,5.497168075979326,1.1544052959556586
2025-10-21 10:02:49.751390,ProjectB,us-east-1,S3,125.18358194682288,2.879222384776926,0.025975593253965746
2025-10-21 10:02:49.751390,ProjectB,eu-west-1,DataTransfer,381.73165961824407,7.634633192364881,0.009085213498914209
2025-10-21 10:02:49.751390,ProjectC,us-east-1,EC2,60.87759223769135,6.087759223769135,1.2632100389320955
2025-10-21 10:02:49.751390,ProjectC,us-east-1,RDS,42.21770394633958,6.332655591950937,1.3140260353298194
2025-10-21 10:02:49.751390,ProjectC,ap-southeast-1,S3,153.7494084645516,3.536236394684687,0.03228737577755583
2025-10-21 10:02:49.751390,ProjectC,us-east-1,DataTransfer,321.3690164483222,6.427380328966445,0.013336814182605372
2025-10-21 10:02:49.751390,ProjectD,us-east-1,EC2,81.77103833944616,8.177103833944617,1.696749045543508
2025-10-21 10:02:49.751390,ProjectD,ap-southeast-1,RDS,35.41161427501642,5.311742141252463,1.1154658496630172
2025-10-21 10:02:49.751390,ProjectD,eu-west-1,S3,142.7209416487096,3.282581657920321,0.01698379205619644
2025-10-21 10:02:49.751390,ProjectD,eu-west-1,DataTransfer,395.6405890197496,7.912811780394992,0.009416246018670039
2025-10-22 10:02:49.751390,ProjectA,ap-southeast-1,EC2,82.64649545142733,8.264649545142733,1.735576404479974
2025-10-22 10:02:49.751390,ProjectA,ap-southeast-1,RDS,34.0008453497247,5.100126802458704,1.0710266285163281
2025-10-22 10:02:49.751390,ProjectA,us-east-1,S3,132.2461116796644,3.041660568632281,0.027441068173530363
2025-10-22 10:02:49.751390,ProjectA,eu-west-1,DataTransfer,416.57238331008375,8.331447666201676,0.009914422722779995
2025-10-22 10:02:49.751390,ProjectB,eu-west-1,EC2,72.10941098122801,7.2109410981228015,0.8581019906766133
2025-10-22 10:02:49.751390,ProjectB,eu-west-1,RDS,42.35920209594156,6.353880314391233,0.756111757412557
2025-10-22 10:02:49.751390,ProjectB,us-east-1,S3,158.19582601269053,3.638503998291882,0.03282563389763328
2025-10-22 10:02:49.751390,ProjectB,eu-west-1,DataTransfer,411.89865749808064,8.237973149961613,0.009803188048454318
2025-10-22 10:02:49.751390,ProjectC,eu-west-1,EC2,84.94414031249427,8.494414031249427,1.0108352697186818
2025-10-22 10:02:49.751390,ProjectC,ap-southeast-1,RDS,38.05876328086364,5.708814492129545,1.1988510433472044
2025-10-22 10:02:49.751390,ProjectC,eu-west-1,S3,130.9601242244189,3.012082857161635,0.01558425478270585
2025-10-22 10:02:49.751390,ProjectC,eu-west-1,DataTransfer,323.2562574465948,6.465125148931897,0.007693498927228957
2025-10-22 10:02:49.751390,ProjectD,ap-southeast-1,EC2,78.94279138849865,7.894279138849865,1.6577986191584715
2025-10-22 10:02:49.751390,ProjectD,eu-west-1,RDS,33.53632518985627,5.030448778478441,0.5986234046389344
2025-10-22 10:02:49.751390,ProjectD,ap-southeast-1,S3,128.45569950225715,2.954481088551914,0.026975696895474
2025-10-22 10:02:49.751390,ProjectD,us-east-1,DataTransfer,358.23721651986256,7.164744330397252,0.014866844485574295
2025-10-23 10:02:49.751390,ProjectA,ap-southeast-1,EC2,86.12315208594653,8.612315208594653,1.808586193804877
2025-10-23 10:02:49.751390,ProjectA,us-east-1,RDS,35.89076910920223,5.383615366380335,1.1171001885239193
2025-10-23 10:02:49.751390,ProjectA,eu-west-1,S3,127.1394751530496,2.9242079285201403,0.015129597543212902
2025-10-23 10:02:49.751390,ProjectA,eu-west-1,DataTransfer,342.1570836961956,6.843141673923912,0.008143338591969456
2025-10-23 10:02:49.751390,ProjectB,us-east-1,EC2,75.61736519330293,7.561736519330293,1.5690603277610358
2025-10-23 10:02:49.751390,ProjectB,ap-southeast-1,RDS,28.918972219852755,4.337845832977913,0.9109476249253617
2025-10-23 10:02:49.751390,ProjectB,us-east-1,S3,131.78344900902346,3.0310193272075394,0.027345065669372365
2025-10-23 10:02:49.751390,ProjectB,eu-west-1,DataTransfer,351.263558052888,7.025271161057759,0.008360072681658736
2025-10-23 10:02:49.751390,ProjectC,ap-southeast-1,EC2,70.09640724833362,7.009640724833362,1.472024552215006
2025-10-23 10:02:49.751390,ProjectC,ap-southeast-1,RDS,40.5122752557288,6.07684128835932,1.2761366705554573
2025-10-23 10:02:49.751390,ProjectC,us-east-1,S3,154.90870460977257,3.562900206024769,0.032143556206527805
2025-10-23 10:02:49.751390,ProjectC,us-east-1,DataTransfer,309.00949907461603,6.180189981492321,0.012823894211596566
2025-10-23 10:02:49.751390,ProjectD,us-east-1,EC2,76.6389146839501,7.663891468395011,1.5902574796919646
2025-10-23 10:02:49.751390,ProjectD,ap-southeast-1,RDS,32.788377852449194,4.918256677867379,1.0328339023521496
2025-10-23 10:02:49.751390,ProjectD,us-east-1,S3,117.90843406054682,2.711893983392577,0.024466000067563463
2025-10-23 10:02:49.751390,ProjectD,us-east-1,DataTransfer,320.4768857095756,6.409537714191512,0.013299790756947389
2025-10-24 10:02:49.751390,ProjectA,eu-west-1,EC2,61.422677669879526,6.142267766987953,0.7309298642715664
2025-10-24 10:02:49.751390,ProjectA,ap-southeast-1,RDS,38.02006728668684,5.703010093003026,1.1976321195306354
2025-10-24 10:02:49.751390,ProjectA,eu-west-1,S3,138.73982934766192,3.191016074996224,0.016510039692371768
2025-10-24 10:02:49.751390,ProjectA,us-east-1,DataTransfer,387.0650201330146,7.741300402660292,0.01606319833552011
2025-10-24 10:02:49.751390,ProjectB,ap-southeast-1,EC2,70.6340472883519,7.06340472883519,1.4833149930553897
2025-10-24 10:02:49.751390,ProjectB,eu-west-1,RDS,31.50026244342197,4.725039366513295,0.562279684615082
2025-10-24 10:02:49.751390,ProjectB,eu-west-1,S3,132.9232160826676,3.057233969901355,0.015817862713837446
2025-10-24 10:02:49.751390,ProjectB,eu-west-1,DataTransfer,341.6503705527166,6.833007411054332,0.008131278819154654
2025-10-24 10:02:49.751390,ProjectC,eu-west-1,EC2,81.57101965812176,8.157101965812176,0.9706951339316489
2025-10-24 10:02:49.751390,ProjectC,us-east-1,RDS,29.72356409416481,4.458534614124722,0.9251459324308797
2025-10-24 10:02:49.751390,ProjectC,eu-west-1,S3,116.15188842602136,2.671493433798492,0.01382207472269654
2025-10-24 10:02:49.751390,ProjectC,ap-southeast-1,DataTransfer,391.01854378941545,7.820370875788309,0.01642277883915545
2025-10-24 10:02:49.751390,ProjectD,eu-west-1,EC2,70.92657951445328,7.092657951445329,0.844026296221994
2025-10-24 10:02:49.751390,ProjectD,us-east-1,RDS,34.40299204708151,5.1604488070622265,1.0707931274654119
2025-10-24 10:02:49.751390,ProjectD,ap-southeast-1,S3,150.31026497062732,3.457136094324428,0.031565155643831735
2025-10-24 10:02:49.751390,ProjectD,ap-southeast-1,DataTransfer,433.8346612769653,8.676693225539307,0.018221055773632543
2025-10-25 10:02:49.751390,ProjectA,eu-west-1,EC2,71.25525843776694,7.125525843776694,0.8479375754094266
2025-10-25 10:02:49.751390,ProjectA,eu-west-1,RDS,29.86398744496057,4.479598116744086,0.5330721758925462
2025-10-25 10:02:49.751390,ProjectA,us-east-1,S3,163.19062883452972,3.753384463194184,0.03386205548316492
2025-10-25 10:02:49.751390,ProjectA,ap-southeast-1,DataTransfer,328.4633773131726,6.569267546263452,0.013795461847153249
2025-10-25 10:02:49.751390,ProjectB,ap-southeast-1,EC2,63.983840841993725,6.398384084199373,1.3436606576818682
2025-10-25 10:02:49.751390,ProjectB,eu-west-1,RDS,35.04483024863969,5.256724537295954,0.6255502199382185
2025-10-25 10:02:49.751390,ProjectB,us-east-1,S3,137.37099933432003,3.1595329846893607,0.028504482361871405
2025-10-25 10:02:49.751390,ProjectB,us-east-1,DataTransfer,377.4431259261586,7.548862518523172,0.015663889725935583
2025-10-25 10:02:49.751390,ProjectC,us-east-1,EC2,75.63008765388076,7.563008765388076,1.5693243188180257
2025-10-25 10:02:49.751390,ProjectC,us-east-1,RDS,39.97508670225102,5.996263005337653,1.2442245736075628
2025-10-25 10:02:49.751390,ProjectC,ap-southeast-1,S3,151.3613582964048,3.4813112408173104,0.031785885242245
2025-10-25 10:02:49.751390,ProjectC,eu-west-1,DataTransfer,417.4916374748213,8.349832749496425,0.009936300971900746
2025-10-25 10:02:49.751390,ProjectD,eu-west-1,EC2,63.11225210926359,6.311225210926359,0.7510358001002367
2025-10-25 10:02:49.751390,ProjectD,ap-southeast-1,RDS,37.01845035643827,5.552767553465741,1.1660811862278055
2025-10-25 10:02:49.751390,ProjectD,ap-southeast-1,S3,137.4592858515851,3.161563574586457,0.02886645002883287
2025-10-25 10:02:49.751390,ProjectD,eu-west-1,DataTransfer,352.22258587240367,7.044451717448074,0.008382897543763207
2025-10-26 10:02:49.751390,ProjectA,us-east-1,EC2,84.48914643925156,8.448914643925155,1.75314978861447
2025-10-26 10:02:49.751390,ProjectA,ap-southeast-1,RDS,31.66653006516845,4.749979509775268,0.9974956970528063
2025-10-26 10:02:49.751390,ProjectA,us-east-1,S3,144.08724256642626,3.314006579027804,0.029898102832533444
2025-10-26 10:02:49.751390,ProjectA,eu-west-1,DataTransfer,365.3691175833427,7.307382351666854,0.008695784998483556
2025-10-26 10:02:49.751390,ProjectB,eu-west-1,EC2,76.43902883480985,7.643902883480985,0.9096244431342372
2025-10-26 10:02:49.751390,ProjectB,eu-west-1,RDS,38.53735512885711,5.780603269328566,0.6878917890500993
2025-10-26 10:02:49.751390,ProjectB,us-east-1,S3,134.01517219210828,3.0823489604184906,0.027808148229862467
2025-10-26 10:02:49.751390,ProjectB,ap-southeast-1,DataTransfer,324.54432478949315,6.490886495789863,0.013630861641158712
2025-10-26 10:02:49.751390,ProjectC,eu-west-1,EC2,59.726888354463405,5.972688835446341,0.7107499714181146
2025-10-26 10:02:49.751390,ProjectC,eu-west-1,RDS,36.474858408800735,5.47122876132011,0.6510762225970932
2025-10-26 10:02:49.751390,ProjectC,eu-west-1,S3,165.8678146928566,3.814959737935702,0.019738269948449936
2025-10-26 10:02:49.751390,ProjectC,us-east-1,DataTransfer,422.8396917267684,8.456793834535368,0.01754784720666089
2025-10-26 10:02:49.751390,ProjectD,us-east-1,EC2,66.42863168032561,6.642863168032561,1.3783941073667563
2025-10-26 10:02:49.751390,ProjectD,us-east-1,RDS,42.307660989831554,6.3461491484747325,1.3168259483085072
2025-10-26 10:02:49.751390,ProjectD,us-east-1,S3,135.5273266376393,3.117128512665704,0.028121920277310156
2025-10-26 10:02:49.751390,ProjectD,eu-west-1,DataTransfer,425.6773733300137,8.513547466600274,0.010131121485254328
2025-10-27 10:02:49.751390,ProjectA,eu-west-1,EC2,71.35282320546862,7.135282320546863,0.8490985961450765
2025-10-27 10:02:49.751390,ProjectA,us-east-1,RDS,35.628921023330186,5.344338153499527,1.108950166851152
2025-10-27 10:02:49.751390,ProjectA,us-east-1,S3,162.04047284440006,3.726930875421201,0.03362339811521301
2025-10-27 10:02:49.751390,ProjectA,eu-west-1,DataTransfer,325.44456449561665,6.5088912899123335,0.007745580634995676
2025-10-27 10:02:49.751390,ProjectB,ap-southeast-1,EC2,75.51064123343477,7.551064123343477,1.5857234659021302
2025-10-27 10:02:49.751390,ProjectB,eu-west-1,RDS,36.4072274499531,5.461084117492964,0.6498690099816627
2025-10-27 10:02:49.751390,ProjectB,eu-west-1,S3,163.08182788162048,3.750882041277271,0.019406737517912838
2025-10-27 10:02:49.751390,ProjectB,ap-southeast-1,DataTransfer,322.6815250670438,6.453630501340877,0.01355262405281584
2025-10-27 10:02:49.751390,ProjectC,ap-southeast-1,EC2,84.72765175239994,8.472765175239994,1.7792806868003987
2025-10-27 10:02:49.751390,ProjectC,eu-west-1,RDS,34.50973853623728,5.176460780435591,0.6159988328718354
2025-10-27 10:02:49.751390,ProjectC,ap-southeast-1,S3,159.48776084663132,3.66821849947252,0.03349242977779258
2025-10-27 10:02:49.751390,ProjectC,eu-west-1,DataTransfer,325.30545611165513,6.506109122233103,0.007742269855457392
2025-10-27 10:02:49.751390,ProjectD,ap-southeast-1,EC2,75.87784746873396,7.587784746873396,1.593434796843413
2025-10-27 10:02:49.751390,ProjectD,eu-west-1,RDS,34.426145204908494,5.163921780736274,0.6145066919076165
2025-10-27 10:02:49.751390,ProjectD,eu-west-1,S3,154.7160427442336,3.5584689831173724,0.018411209086563796
2025-10-27 10:02:49.751390,ProjectD,ap-southeast-1,DataTransfer,369.03946062402935,7.380789212480587,0.015499657346209233
2025-10-28 10:02:49.751390,ProjectA,ap-southeast-1,EC2,81.16734945816586,8.116734945816587,1.7045143386214832
2025-10-28 10:02:49.751390,ProjectA,eu-west-1,RDS,31.09076918817217,4.663615378225826,0.5549702300088731
2025-10-28 10:02:49.751390,ProjectA,eu-west-1,S3,120.66103747907157,2.7752038620186457,0.014358663460009517
2025-10-28 10:02:49.751390,ProjectA,ap-southeast-1,DataTransfer,334.52901295712854,6.690580259142571,0.014050218544199399
2025-10-28 10:02:49.751390,ProjectB,eu-west-1,EC2,77.18578276165748,7.718578276165748,0.9185108148637239
2025-10-28 10:02:49.751390,ProjectB,eu-west-1,RDS,40.0069028301323,6.001035424519844,0.7141232155178615
2025-10-28 10:02:49.751390,ProjectB,eu-west-1,S3,139.0184341992526,3.19742398658281,0.016543193669711055
2025-10-28 10:02:49.751390,ProjectB,eu-west-1,DataTransfer,352.990222141005,7.0598044428201,0.008401167286955918
2025-10-28 10:02:49.751390,ProjectC,ap-southeast-1,EC2,72.00689509876065,7.2006895098760655,1.5121447970739736
2025-10-28 10:02:49.751390,ProjectC,us-east-1,RDS,36.53414113530889,5.480121170296334,1.1371251428364892
2025-10-28 10:02:49.751390,ProjectC,eu-west-1,S3,135.5665178039344,3.1180299094904917,0.016132415618668194
2025-10-28 10:02:49.751390,ProjectC,eu-west-1,DataTransfer,400.1679108996505,8.003358217993009,0.009523996279411681
2025-10-28 10:02:49.751390,ProjectD,us-east-1,EC2,80.36285266148955,8.036285266148957,1.667529192725908
2025-10-28 10:02:49.751390,ProjectD,ap-southeast-1,RDS,41.83693951241148,6.275540926861722,1.3178635946409616
2025-10-28 10:02:49.751390,ProjectD,us-east-1,S3,174.086309605153,4.003985120918519,0.03612290924306924
2025-10-28 10:02:49.751390,ProjectD,us-east-1,DataTransfer,413.7903054923753,8.275806109847506,0.017172297677933577
2025-10-29 10:02:49.751390,ProjectA,eu-west-1,EC2,76.54607365466276,7.654607365466276,0.9108982764904868
2025-10-29 10:02:49.751390,ProjectA,eu-west-1,RDS,41.838323486938044,6.275748523040707,0.7468140742418441
2025-10-29 10:02:49.751390,ProjectA,ap-southeast-1,S3,122.59236857892871,2.8196244773153607,0.02574439740157503
2025-10-29 10:02:49.751390,ProjectA,us-east-1,DataTransfer,394.493632880044,7.88987265760088,0.01637148576452183
2025-10-29 10:02:49.751390,ProjectB,eu-west-1,EC2,84.80519972920263,8.480519972920263,1.0091818767775111
2025-10-29 10:02:49.751390,ProjectB,us-east-1,RDS,35.225943591952095,5.283891538792815,1.096407494299509
2025-10-29 10:02:49.751390,ProjectB,us-east-1,S3,156.67293961516611,3.6034776111488207,0.03250963497014697
2025-10-29 10:02:49.751390,ProjectB,us-east-1,DataTransfer,390.47484772922576,7.809496954584516,0.01620470618076287
2025-10-29 10:02:49.751390,ProjectC,eu-west-1,EC2,75.92931512294744,7.592931512294744,0.9035588499630746
2025-10-29 10:02:49.751390,ProjectC,us-east-1,RDS,29.503763230357727,4.425564484553659,0.9183046305448842
2025-10-29 10:02:49.751390,ProjectC,ap-southeast-1,S3,133.2253383637115,3.0641827823653647,0.027977321056379414
2025-10-29 10:02:49.751390,ProjectC,ap-southeast-1,DataTransfer,417.5976198002227,8.351952396004453,0.017539100031609352
2025-10-29 10:02:49.751390,ProjectD,us-east-1,EC2,66.1659660313779,6.616596603137791,1.3729437951510914
2025-10-29 10:02:49.751390,ProjectD,us-east-1,RDS,32.22744695312463,4.8341170429686935,1.0030792864160039
2025-10-29 10:02:49.751390,ProjectD,ap-southeast-1,S3,147.9357171704963,3.402521494921415,0.031066500605804223
2025-10-29 10:02:49.751390,ProjectD,ap-southeast-1,DataTransfer,343.4386190215191,6.868772380430382,0.014424421998903803
2025-10-30 10:02:49.751390,ProjectA,eu-west-1,EC2,65.911907718631,6.591190771863101,0.7843517018517089
2025-10-30 10:02:49.751390,ProjectA,eu-west-1,RDS,32.49849635247727,4.87477445287159,0.5800981598917192
2025-10-30 10:02:49.751390,ProjectA,ap-southeast-1,S3,169.14203913092973,3.890266900011384,0.03551982821749524
2025-10-30 10:02:49.751390,ProjectA,us-east-1,DataTransfer,345.1477595335999,6.902955190671999,0.014323632020644397
2025-10-30 10:02:49.751390,ProjectB,us-east-1,EC2,70.88096489990626,7.088096489990626,1.4707800216730549
2025-10-30 10:02:49.751390,ProjectB,eu-west-1,RDS,35.500979648385375,5.325146947257806,0.633692486723679
2025-10-30 10:02:49.751390,ProjectB,us-east-1,S3,172.47403438294236,3.966902790807674,0.03578836213446054
2025-10-30 10:02:49.751390,ProjectB,eu-west-1,DataTransfer,377.7289503278872,7.554579006557743,0.008989949017803716
2025-10-30 10:02:49.751390,ProjectC,us-east-1,EC2,67.98906045015879,6.79890604501588,1.4107730043407947
2025-10-30 10:02:49.751390,ProjectC,us-east-1,RDS,41.05282880003618,6.157924320005427,1.277769296401126
2025-10-30 10:02:49.751390,ProjectC,eu-west-1,S3,123.6656594838704,2.844310168129019,0.014716213478580577
2025-10-30 10:02:49.751390,ProjectC,eu-west-1,DataTransfer,401.42108786703056,8.028421757340611,0.009553821891235327
2025-10-30 10:02:49.751390,ProjectD,ap-southeast-1,EC2,61.617683766924834,6.161768376692484,1.2939713591054216
2025-10-30 10:02:49.751390,ProjectD,eu-west-1,RDS,43.83657532315216,6.575486298472823,0.7824828695182661
2025-10-30 10:02:49.751390,ProjectD,eu-west-1,S3,165.63710742450746,3.809653470763672,0.019710815783516387
2025-10-30 10:02:49.751390,ProjectD,us-east-1,DataTransfer,394.13098083974864,7.882619616794973,0.01635643570484957
2025-10-31 10:02:49.751390,ProjectA,us-east-1,EC2,61.51835616603565,6.151835616603566,1.2765058904452398
2025-10-31 10:02:49.751390,ProjectA,ap-southeast-1,RDS,39.29930861990269,5.894896292985403,1.2379282215269347
2025-10-31 10:02:49.751390,ProjectA,ap-southeast-1,S3,153.31942745413536,3.5263468314451134,0.032197079765368425
2025-10-31 10:02:49.751390,ProjectA,us-east-1,DataTransfer,371.102712042457,7.42205424084914,0.015400762549761964
2025-10-31 10:02:49.751390,ProjectB,eu-west-1,EC2,62.36748247129019,6.236748247129019,0.7421730414083533
2025-10-31 10:02:49.751390,ProjectB,us-east-1,RDS,30.556349165481485,4.583452374822223,0.9510663677756112
2025-10-31 10:02:49.751390,ProjectB,ap-southeast-1,S3,125.68186997667256,2.890683009463469,0.026393192695101233
2025-10-31 10:02:49.751390,ProjectB,eu-west-1,DataTransfer,425.1705195813345,8.503410391626689,0.010119058366035761
2025-10-31 10:02:49.751390,ProjectC,us-east-1,EC2,68.88151492090986,6.888151492090987,1.4292914346088796
2025-10-31 10:02:49.751390,ProjectC,eu-west-1,RDS,30.613478246646817,4.592021736997022,0.5464505867026457
2025-10-31 10:02:49.751390,ProjectC,eu-west-1,S3,133.71026899599772,3.0753361869079474,0.01591152201052373
2025-10-31 10:02:49.751390,ProjectC,us-east-1,DataTransfer,424.2395573097125,8.484791146194251,0.017605941628353067
2025-10-31 10:02:49.751390,ProjectD,us-east-1,EC2,81.55030326833594,8.155030326833595,1.6921687928179705
2025-10-31 10:02:49.751390,ProjectD,ap-southeast-1,RDS,32.00094418520467,4.800141627780701,1.0080297418339472
2025-10-31 10:02:49.751390,ProjectD,eu-west-1,S3,119.36575670989951,2.745412404327689,0.014204525048478042
2025-10-31 10:02:49.751390,ProjectD,ap-southeast-1,DataTransfer,335.7057786767741,6.714115573535483,0.014099642704424513
2025-11-01 10:02:49.751390,ProjectA,eu-west-1,EC2,88.73249835262033,8.873249835262033,1.0559167303961818
2025-11-01 10:02:49.751390,ProjectA,us-east-1,RDS,35.5313786388698,5.329706795830471,1.1059141601348226
2025-11-01 10:02:49.751390,ProjectA,ap-southeast-1,S3,173.0242257615142,3.9795571925148265,0.03633508740991798
2025-11-01 10:02:49.751390,ProjectA,ap-southeast-1,DataTransfer,341.6191832316541,6.832383664633083,0.014348005695729475
2025-11-01 10:02:49.751390,ProjectB,ap-southeast-1,EC2,76.3170541185353,7.63170541185353,1.6026581364892412
2025-11-01 10:02:49.751390,ProjectB,eu-west-1,RDS,38.44961832061977,5.767442748092965,0.6863256870230628
2025-11-01 10:02:49.751390,ProjectB,eu-west-1,S3,120.68652702610012,2.7757901216003025,0.014361696716105914
2025-11-01 10:02:49.751390,ProjectB,us-east-1,DataTransfer,443.9002284147069,8.878004568294138,0.018421859479210333
2025-11-01 10:02:49.751390,ProjectC,ap-southeast-1,EC2,63.19775848650342,6.319775848650342,1.3271529282165717
2025-11-01 10:02:49.751390,ProjectC,ap-southeast-1,RDS,33.49940775273827,5.02491116291074,1.0552313442112555
2025-11-01 10:02:49.751390,ProjectC,eu-west-1,S3,132.75125481347723,3.0532788607099763,0.01579739932280379
2025-11-01 10:02:49.751390,ProjectC,ap-southeast-1,DataTransfer,363.3773569835847,7.267547139671694,0.015261848993310557
2025-11-01 10:02:49.751390,ProjectD,ap-southeast-1,EC2,66.784090083561,6.6784090083561,1.4024658917547808
2025-11-01 10:02:49.751390,ProjectD,eu-west-1,RDS,34.66422741271556,5.199634111907334,0.6187564593169727
2025-11-01 10:02:49.751390,ProjectD,ap-southeast-1,S3,158.4689442589003,3.644785717954707,0.033278478294369064
2025-11-01 10:02:49.751390,ProjectD,us-east-1,DataTransfer,399.5431501869297,7.990863003738594,0.016581040732757582
2025-11-02 10:02:49.751390,ProjectA,ap-southeast-1,EC2,75.9850938030653,7.59850938030653,1.5956869698643712
2025-11-02 10:02:49.751390,ProjectA,eu-west-1,RDS,30.97212163879722,4.645818245819583,0.5528523712525303
2025-11-02 10:02:49.751390,ProjectA,eu-west-1,S3,146.5075560452062,3.3696737890397426,0.017434399169379538
2025-11-02 10:02:49.751390,ProjectA,ap-southeast-1,DataTransfer,420.775118723617,8.415502374472341,0.017672554986391913
2025-11-02 10:02:49.751390,ProjectB,eu-west-1,EC2,66.35783146063685,6.635783146063685,0.7896581943815785
2025-11-02 10:02:49.751390,ProjectB,ap-southeast-1,RDS,40.717830969596896,6.107674645439534,1.282611675542302
2025-11-02 10:02:49.751390,ProjectB,us-east-1,S3,119.52898582570133,2.7491666739911302,0.024802264558833026
2025-11-02 10:02:49.751390,ProjectB,eu-west-1,DataTransfer,445.3970301628484,8.907940603256968,0.010600449317875793
2025-11-02 10:02:49.751390,ProjectC,eu-west-1,EC2,84.48731211630289,8.448731211630289,1.0053990141840043
2025-11-02 10:02:49.751390,ProjectC,eu-west-1,RDS,43.80547642819002,6.570821464228502,0.7819277542431918
2025-11-02 10:02:49.751390,ProjectC,ap-southeast-1,S3,137.08309189098355,3.152911113492621,0.028787449297106544
2025-11-02 10:02:49.751390,ProjectC,eu-west-1,DataTransfer,360.5849265552571,7.211698531105142,0.00858192125201512
2025-11-02 10:02:49.751390,ProjectD,ap-southeast-1,EC2,84.7871226581201,8.47871226581201,1.7805295758205222
2025-11-02 10:02:49.751390,ProjectD,us-east-1,RDS,31.513894578037117,4.727084186705567,0.9808699687414053
2025-11-02 10:02:49.751390,ProjectD,us-east-1,S3,134.32514757062518,3.089478394124379,0.02787246812090472
2025-11-02 10:02:49.751390,ProjectD,us-east-1,DataTransfer,397.7774989658146,7.955549979316292,0.016507766207081307
2025-11-03 10:02:49.751390,ProjectA,eu-west-1,EC2,73.40037551372232,7.340037551372233,0.8734644686132955
2025-11-03 10:02:49.751390,ProjectA,ap-southeast-1,RDS,39.10732859332258,5.866099288998386,1.231880850689661
2025-11-03 10:02:49.751390,ProjectA,ap-southeast-1,S3,148.04878392574125,3.405122030292049,0.031090244624405662
2025-11-03 10:02:49.751390,ProjectA,eu-west-1,DataTransfer,346.1366715737806,6.922733431475612,0.008238052783455978
2025-11-03 10:02:49.751390,ProjectB,eu-west-1,EC2,74.00153216477149,7.400153216477149,0.8806182327607807
2025-11-03 10:02:49.751390,ProjectB,eu-west-1,RDS,34.21843642006063,5.132765463009094,0.6107990900980822
2025-11-03 10:02:49.751390,ProjectB,ap-southeast-1,S3,140.13870373931647,3.223190186004279,0.029429127785256456
2025-11-03 10:02:49.751390,ProjectB,us-east-1,DataTransfer,441.2825083901656,8.825650167803312,0.018313224098191874
2025-11-03 10:02:49.751390,ProjectC,us-east-1,EC2,74.53495376939165,7.453495376939165,1.5466002907148768
2025-11-03 10:02:49.751390,ProjectC,us-east-1,RDS,38.95319954528088,5.842979931792131,1.2124183358468674
2025-11-03 10:02:49.751390,ProjectC,ap-southeast-1,S3,165.21318611792128,3.7999032807121895,0.03469476908476347
2025-11-03 10:02:49.751390,ProjectC,ap-southeast-1,DataTransfer,446.4194102858591,8.928388205717182,0.018749615232006082
2025-11-03 10:02:49.751390,ProjectD,eu-west-1,EC2,71.43647232245921,7.143647232245922,0.8500940206372647
2025-11-03 10:02:49.751390,ProjectD,ap-southeast-1,RDS,31.621906007003656,4.743285901050548,0.9960900392206151
2025-11-03 10:02:49.751390,ProjectD,us-east-1,S3,162.48119789263225,3.737067551530542,0.03371484856272119
2025-11-03 10:02:49.751390,ProjectD,ap-southeast-1,DataTransfer,338.54004686239347,6.77080093724787,0.014218681968220527
2025-11-04 10:02:49.751390,ProjectA,eu-west-1,EC2,75.3489470649364,7.53489470649364,0.8966524700727431
2025-11-04 10:02:49.751390,ProjectA,ap-southeast-1,RDS,33.13131774583658,4.969697661875487,1.0436365089938522
2025-11-04 10:02:49.751390,ProjectA,ap-southeast-1,S3,172.1126923547599,3.9585919241594776,0.03614366539449958
2025-11-04 10:02:49.751390,ProjectA,ap-southeast-1,DataTransfer,423.3755273045709,8.467510546091418,0.01778177214679198
2025-11-04 10:02:49.751390,ProjectB,us-east-1,EC2,74.66588142452936,7.466588142452936,1.5493170395589841
2025-11-04 10:02:49.751390,ProjectB,us-east-1,RDS,44.01194434125366,6.601791651188049,1.3698717676215202
2025-11-04 10:02:49.751390,ProjectB,us-east-1,S3,152.7722074157227,3.513760770561622,0.03170023303876246
2025-11-04 10:02:49.751390,ProjectB,us-east-1,DataTransfer,408.31882088053663,8.166376417610733,0.016945231066542273
2025-11-04 10:02:49.751390,ProjectC,eu-west-1,EC2,82.67220256407956,8.267220256407956,0.9837992105125467
2025-11-04 10:02:49.751390,ProjectC,eu-west-1,RDS,43.70367522130233,6.55555128319535,0.7801106027002467
2025-11-04 10:02:49.751390,ProjectC,us-east-1,S3,165.88962331199045,3.81546133617578,0.034422096837238014
2025-11-04 10:02:49.751390,ProjectC,eu-west-1,DataTransfer,420.5946653048396,8.411893306096793,0.010010153034255183
2025-11-04 10:02:49.751390,ProjectD,us-east-1,EC2,64.86453262868652,6.486453262868652,1.3459390520452452
2025-11-04 10:02:49.751390,ProjectD,ap-southeast-1,RDS,33.38902935767315,5.008354403650973,1.0517544247667043
2025-11-04 10:02:49.751390,ProjectD,eu-west-1,S3,177.5179062451599,4.082911843638678,0.021124630843174026
2025-11-04 10:02:49.751390,ProjectD,us-east-1,DataTransfer,401.6868216514837,8.033736433029675,0.016670003098536574
2025-11-05 10:02:49.751390,ProjectA,ap-southeast-1,EC2,78.41087522741778,7.841087522741778,1.646628379775773
2025-11-05 10:02:49.751390,ProjectA,us-east-1,RDS,39.38574580561917,5.907861870842876,1.2258813381998965
2025-11-05 10:02:49.751390,ProjectA,us-east-1,S3,150.71719459057093,3.466495475583131,0.031273817877543464
2025-11-05 10:02:49.751390,ProjectA,ap-southeast-1,DataTransfer,368.4663850516899,7.369327701033797,0.015475588172170976
2025-11-05 10:02:49.751390,ProjectB,eu-west-1,EC2,74.35529454466572,7.435529454466573,0.884828005081522
2025-11-05 10:02:49.751390,ProjectB,us-east-1,RDS,41.14682073360719,6.172023110041078,1.280694795333524
2025-11-05 10:02:49.751390,ProjectB,us-east-1,S3,147.9403199230169,3.402627358229388,0.030697616384026006
2025-11-05 10:02:49.751390,ProjectB,eu-west-1,DataTransfer,407.6359785484979,8.152719570969959,0.009701736289454251
2025-11-05 10:02:49.751390,ProjectC,eu-west-1,EC2,81.48331258837658,8.148331258837658,0.9696514198016812
2025-11-05 10:02:49.751390,ProjectC,ap-southeast-1,RDS,33.45909720583529,5.018864580875293,1.0539615619838116
2025-11-05 10:02:49.751390,ProjectC,eu-west-1,S3,149.55125958337592,3.439678970417646,0.017796599890421733
2025-11-05 10:02:49.751390,ProjectC,us-east-1,DataTransfer,317.1072815136069,6.342145630272139,0.013159952182814684
2025-11-05 10:02:49.751390,ProjectD,ap-southeast-1,EC2,69.20230523928421,6.920230523928422,1.4532484100249685
2025-11-05 10:02:49.751390,ProjectD,us-east-1,RDS,33.12885741369088,4.969328612053632,1.0311356870011288
2025-11-05 10:02:49.751390,ProjectD,eu-west-1,S3,154.72597817776537,3.5586974980886037,0.01841239140315408
2025-11-05 10:02:49.751390,ProjectD,eu-west-1,DataTransfer,445.5531768939068,8.911063537878137,0.010604165610074982
2025-11-06 10:02:49.751390,ProjectA,ap-southeast-1,EC2,87.83716946312373,8.783716946312373,1.8445805587255986
2025-11-06 10:02:49.751390,ProjectA,eu-west-1,RDS,44.797684387850616,6.719652658177592,0.7996386663231334
2025-11-06 10:02:49.751390,ProjectA,us-east-1,S3,163.16310973063315,3.7527515238045615,0.03385634526910638
2025-11-06 10:02:49.751390,ProjectA,ap-southeast-1,DataTransfer,409.9782946315769,8.199565892631538,0.01721908837452623
2025-11-06 10:02:49.751390,ProjectB,ap-southeast-1,EC2,86.76213463823187,8.676213463823187,1.822004827402869
2025-11-06 10:02:49.751390,ProjectB,ap-southeast-1,RDS,34.516017926033044,5.177402688904956,1.0872545646700407
2025-11-06 10:02:49.751390,ProjectB,ap-southeast-1,S3,124.37192524280336,2.860554280584477,0.026118104300988702
2025-11-06 10:02:49.751390,ProjectB,eu-west-1,DataTransfer,358.2929729441204,7.165859458882408,0.008527372756070064
2025-11-06 10:02:49.751390,ProjectC,ap-southeast-1,EC2,68.08648078867304,6.8086480788673045,1.4298160965621338
2025-11-06 10:02:49.751390,ProjectC,us-east-1,RDS,40.16290858225383,6.024436287338074,1.2500705296226502
2025-11-06 10:02:49.751390,ProjectC,eu-west-1,S3,147.26321044604663,3.3870538402590724,0.01752432204307955
2025-11-06 10:02:49.751390,ProjectC,ap-southeast-1,DataTransfer,422.6761477787428,8.453522955574856,0.0177523982067072
2025-11-06 10:02:49.751390,ProjectD,eu-west-1,EC2,84.56765248952146,8.456765248952147,1.0063550646253054
2025-11-06 10:02:49.751390,ProjectD,us-east-1,RDS,36.710092455244194,5.506513868286629,1.1426016276694755
2025-11-06 10:02:49.751390,ProjectD,ap-southeast-1,S3,162.0341723027622,3.72678596296353,0.03402717618358005
2025-11-06 10:02:49.751390,ProjectD,ap-southeast-1,DataTransfer,430.6097025870827,8.612194051741655,0.018085607508657474
2025-11-07 10:02:49.751390,ProjectA,ap-southeast-1,EC2,73.81764305871909,7.381764305871909,1.5501705042331009
2025-11-07 10:02:49.751390,ProjectA,us-east-1,RDS,34.13294548373421,5.119941822560132,1.0623879281812274
2025-11-07 10:02:49.751390,ProjectA,us-east-1,S3,142.36674943578709,3.274435237023103,0.02954110050792582
2025-11-07 10:02:49.751390,ProjectA,eu-west-1,DataTransfer,375.2616488998,7.505232977996,0.00893122724381524
2025-11-07 10:02:49.751390,ProjectB,us-east-1,EC2,83.6000475191223,8.36000475191223,1.7347009860217872
2025-11-07 10:02:49.751390,ProjectB,us-east-1,RDS,34.168175154453415,5.125226273168012,1.0634844516823625
2025-11-07 10:02:49.751390,ProjectB,us-east-1,S3,171.04428924569166,3.934018652650908,0.035491690018481015
2025-11-07 10:02:49.751390,ProjectB,us-east-1,DataTransfer,432.4409282895704,8.648818565791407,0.017946298524017173
2025-11-07 10:02:49.751390,ProjectC,us-east-1,EC2,82.87088987056673,8.287088987056674,1.7195709648142596
2025-11-07 10:02:49.751390,ProjectC,ap-southeast-1,RDS,43.48215361862999,6.522323042794498,1.3696878389868445
2025-11-07 10:02:49.751390,ProjectC,eu-west-1,S3,147.5257782013116,3.3930928986301665,0.01755556760595608
2025-11-07 10:02:49.751390,ProjectC,ap-southeast-1,DataTransfer,422.3087615163784,8.446175230327569,0.017736967983687894
2025-11-07 10:02:49.751390,ProjectD,us-east-1,EC2,83.57278576568162,8.357278576568161,1.7341353046378933
2025-11-07 10:02:49.751390,ProjectD,us-east-1,RDS,31.86649320139839,4.779973980209759,0.9918446008935249
2025-11-07 10:02:49.751390,ProjectD,eu-west-1,S3,145.08946763116788,3.337057755516861,0.017265646648108975
2025-11-07 10:02:49.751390,ProjectD,eu-west-1,DataTransfer,415.8450640496598,8.316901280993196,0.009897112524381904
2025-11-08 10:02:49.751390,ProjectA,us-east-1,EC2,85.01157122811938,8.501157122811938,1.763990102983477
2025-11-08 10:02:49.751390,ProjectA,ap-southeast-1,RDS,35.807716382640244,5.371157457396037,1.1279430660531677
2025-11-08 10:02:49.751390,ProjectA,us-east-1,S3,154.24438819589662,3.5476209285056224,0.03200571055064855
2025-11-08 10:02:49.751390,ProjectA,ap-southeast-1,DataTransfer,338.93363865006245,6.778672773001249,0.014235212823302621
2025-11-08 10:02:49.751390,ProjectB,us-east-1,EC2,85.46821050346519,8.54682105034652,1.7734653679469023
2025-11-08 10:02:49.751390,ProjectB,eu-west-1,RDS,32.81411584546388,4.922117376819582,0.5857319678415303
2025-11-08 10:02:49.751390,ProjectB,eu-west-1,S3,140.75640953665578,3.237397419343083,0.016750012734862037
2025-11-08 10:02:49.751390,ProjectB,us-east-1,DataTransfer,440.7837135446232,8.815674270892464,0.01829252411210186
2025-11-08 10:02:49.751390,ProjectC,us-east-1,EC2,72.30730845952498,7.230730845952498,1.5003766505351432
2025-11-08 10:02:49.751390,ProjectC,eu-west-1,RDS,30.634469004896136,4.595170350734421,0.5468252717373959
2025-11-08 10:02:49.751390,ProjectC,eu-west-1,S3,123.56360318036148,2.841962873148314,0.014704068778463015
2025-11-08 10:02:49.751390,ProjectC,ap-southeast-1,DataTransfer,316.92435130413435,6.338487026082687,0.013310822754773643
2025-11-08 10:02:49.751390,ProjectD,ap-southeast-1,EC2,79.70739898566751,7.970739898566752,1.6738553786990178
2025-11-08 10:02:49.751390,ProjectD,ap-southeast-1,RDS,37.908175439691874,5.686226315953781,1.194107526350294
2025-11-08 10:02:49.751390,ProjectD,us-east-1,S3,175.07024499394683,4.026615634860777,0.03632707583624396
2025-11-08 10:02:49.751390,ProjectD,eu-west-1,DataTransfer,391.5946305914501,7.831892611829003,0.009319952208076512
2025-11-09 10:02:49.751390,ProjectA,eu-west-1,EC2,76.8115079776192,7.68115079776192,0.9140569449336685
2025-11-09 10:02:49.751390,ProjectA,eu-west-1,RDS,33.923211725326404,5.08848175879896,0.6055293292970764
2025-11-09 10:02:49.751390,ProjectA,eu-west-1,S3,128.2222651212959,2.949112097789805,0.01525844954943421
2025-11-09 10:02:49.751390,ProjectA,us-east-1,DataTransfer,383.28875465687577,7.6657750931375155,0.015906483318260348
2025-11-09 10:02:49.751390,ProjectB,eu-west-1,EC2,87.05180842007809,8.70518084200781,1.035916520198929
2025-11-09 10:02:49.751390,ProjectB,ap-southeast-1,RDS,37.91368779208288,5.687053168812432,1.1942811654506107
2025-11-09 10:02:49.751390,ProjectB,eu-west-1,S3,135.28595706398983,3.111577012471766,0.016099028890614788
2025-11-09 10:02:49.751390,ProjectB,ap-southeast-1,DataTransfer,425.0567591101885,8.50113518220377,0.017852383882627918
2025-11-09 10:02:49.751390,ProjectC,eu-west-1,EC2,69.46421203206647,6.946421203206647,0.826624123181591
2025-11-09 10:02:49.751390,ProjectC,eu-west-1,RDS,45.07613367027631,6.761420050541446,0.8046089860144322
2025-11-09 10:02:49.751390,ProjectC,eu-west-1,S3,153.73023726665582,3.535795457133084,0.018293898234732042
2025-11-09 10:02:49.751390,ProjectC,eu-west-1,DataTransfer,456.35238293564817,9.127047658712964,0.010861186713868426
2025-11-09 10:02:49.751390,ProjectD,ap-southeast-1,EC2,72.9860253549266,7.29860253549266,1.5327065324534586
2025-11-09 10:02:49.751390,ProjectD,us-east-1,RDS,36.14210887235881,5.421316330853822,1.1249231386521679
2025-11-09 10:02:49.751390,ProjectD,us-east-1,S3,161.95760749563175,3.72502497239953,0.03360620355534359
2025-11-09 10:02:49.751390,ProjectD,eu-west-1,DataTransfer,341.2398165612634,6.824796331225269,0.008121507634158068
2025-11-10 10:02:49.751390,ProjectA,ap-southeast-1,EC2,90.15553598463082,9.015553598463082,1.8932662556772473
2025-11-10 10:02:49.751390,ProjectA,ap-southeast-1,RDS,32.29854226169428,4.8447813392541415,1.0174040812433698
2025-11-10 10:02:49.751390,ProjectA,us-east-1,S3,130.03464584610094,2.9907968544603216,0.026982189013065944
2025-11-10 10:02:49.751390,ProjectA,us-east-1,DataTransfer,352.50354452056524,7.050070890411305,0.014628897097603458
2025-11-10 10:02:49.751390,ProjectB,eu-west-1,EC2,82.88122820240723,8.288122820240723,0.986286615608646
2025-11-10 10:02:49.751390,ProjectB,eu-west-1,RDS,40.14753560028699,6.022130340043049,0.7166335104651228
2025-11-10 10:02:49.751390,ProjectB,us-east-1,S3,153.37710434271492,3.5276733998824428,0.031825749151113344
2025-11-10 10:02:49.751390,ProjectB,ap-southeast-1,DataTransfer,356.9836620590833,7.139673241181667,0.014993313806481499
2025-11-10 10:02:49.751390,ProjectC,ap-southeast-1,EC2,72.92292386651103,7.292292386651103,1.5313814011967315
2025-11-10 10:02:49.751390,ProjectC,us-east-1,RDS,34.09072305300636,5.113608457950954,1.0610737550248228
2025-11-10 10:02:49.751390,ProjectC,eu-west-1,S3,163.90499526977862,3.769814891204908,0.019504694437103655
2025-11-10 10:02:49.751390,ProjectC,eu-west-1,DataTransfer,403.6578993637434,8.073157987274868,0.009607058004857092
2025-11-10 10:02:49.751390,ProjectD,us-east-1,EC2,66.53095093257926,6.653095093257926,1.3805172318510197
2025-11-10 10:02:49.751390,ProjectD,us-east-1,RDS,34.61737332348067,5.1926059985221,1.0774657446933358
2025-11-10 10:02:49.751390,ProjectD,us-east-1,S3,139.63416146415707,3.2115857136756127,0.028974088503812594
2025-11-10 10:02:49.751390,ProjectD,eu-west-1,DataTransfer,358.67030692532853,7.173406138506571,0.00853635330482282
2025-11-11 10:02:49.751390,ProjectA,us-east-1,EC2,90.34811138654044,9.034811138654046,1.874723311270714
2025-11-11 10:02:49.751390,ProjectA,eu-west-1,RDS,37.91758001281774,5.687637001922661,0.6768288032287966
2025-11-11 10:02:49.751390,ProjectA,us-east-1,S3,138.6754619503758,3.1895356248586437,0.028775158354702974
2025-11-11 10:02:49.751390,ProjectA,us-east-1,DataTransfer,370.4318274318783,7.408636548637566,0.015372920838422946
2025-11-11 10:02:49.751390,ProjectB,eu-west-1,EC2,76.50357242093654,7.650357242093654,0.9103925118091447
2025-11-11 10:02:49.751390,ProjectB,us-east-1,RDS,31.7846513973297,4.767697709599455,0.9892972747418868
2025-11-11 10:02:49.751390,ProjectB,ap-southeast-1,S3,166.67110158203218,3.83343533638674,0.03500093133222676
2025-11-11 10:02:49.751390,ProjectB,eu-west-1,DataTransfer,356.88183874272823,7.137636774854565,0.008493787762076932
2025-11-11 10:02:49.751390,ProjectC,eu-west-1,EC2,71.72479551432116,7.172479551432116,0.8535250666204217
2025-11-11 10:02:49.751390,ProjectC,eu-west-1,RDS,40.08156936181835,6.012235404272753,0.7154560131084575
2025-11-11 10:02:49.751390,ProjectC,eu-west-1,S3,142.23584948742192,3.271424538210704,0.016926066089003208
2025-11-11 10:02:49.751390,ProjectC,eu-west-1,DataTransfer,375.30740208791934,7.506148041758387,0.00893231616969248
2025-11-11 10:02:49.751390,ProjectD,us-east-1,EC2,64.83645847289071,6.483645847289072,1.345356513312482
2025-11-11 10:02:49.751390,ProjectD,eu-west-1,RDS,37.28425924781464,5.592638887172195,0.6655240275734912
2025-11-11 10:02:49.751390,ProjectD,eu-west-1,S3,141.09014429535105,3.2450733187930743,0.016789727171146775
2025-11-11 10:02:49.751390,ProjectD,eu-west-1,DataTransfer,437.3002293547381,8.746004587094763,0.010407745458642766
2025-11-12 10:02:49.751390,ProjectA,us-east-1,EC2,75.10837195903497,7.510837195903497,1.5584987181499754
2025-11-12 10:02:49.751390,ProjectA,ap-southeast-1,RDS,40.76654074357303,6.114981111535955,1.2841460334225503
2025-11-12 10:02:49.751390,ProjectA,us-east-1,S3,155.65393757135735,3.5800405641412194,0.03229819204605665
2025-11-12 10:02:49.751390,ProjectA,eu-west-1,DataTransfer,358.16553274881863,7.163310654976373,0.008524339679421882
2025-11-12 10:02:49.751390,ProjectB,eu-west-1,EC2,68.83525275865536,6.883525275865536,0.8191395078279988
2025-11-12 10:02:49.751390,ProjectB,ap-southeast-1,RDS,33.777017540952706,5.066552631142906,1.0639760525400102
2025-11-12 10:02:49.751390,ProjectB,us-east-1,S3,139.1264568761097,3.199908508150523,0.02886873980179276
2025-11-12 10:02:49.751390,ProjectB,eu-west-1,DataTransfer,450.5008284071073,9.010016568142149,0.010721919716089153
2025-11-12 10:02:49.751390,ProjectC,us-east-1,EC2,69.51329451780674,6.9513294517806745,1.4424008612444899
2025-11-12 10:02:49.751390,ProjectC,ap-southeast-1,RDS,31.49938818285494,4.724908227428241,0.9922307277599305
2025-11-12 10:02:49.751390,ProjectC,us-east-1,S3,149.73227795143237,3.4438423928829445,0.031069447674922215
2025-11-12 10:02:49.751390,ProjectC,us-east-1,DataTransfer,434.4041128009216,8.688082256018433,0.01802777068123825
2025-11-12 10:02:49.751390,ProjectD,us-east-1,EC2,81.80037535888286,8.180037535888287,1.6973577886968192
2025-11-12 10:02:49.751390,ProjectD,eu-west-1,RDS,38.36274169878746,5.754411254818119,0.6847749393233562
2025-11-12 10:02:49.751390,ProjectD,us-east-1,S3,163.28435573885474,3.755540181993659,0.033881503815812355
2025-11-12 10:02:49.751390,ProjectD,eu-west-1,DataTransfer,451.0950061096693,9.021900122193388,0.01073606114541013
2025-11-13 10:02:49.751390,ProjectA,ap-southeast-1,EC2,87.6114495672086,8.76114495672086,1.8398404409113807
2025-11-13 10:02:49.751390,ProjectA,eu-west-1,RDS,36.24331847049604,5.436497770574406,0.6469432346983545
2025-11-13 10:02:49.751390,ProjectA,eu-west-1,S3,128.95415192266162,2.9659454942212173,0.015345544078796734
2025-11-13 10:02:49.751390,ProjectA,eu-west-1,DataTransfer,467.276556113964,9.34553112227928,0.011121182035512342
2025-11-13 10:02:49.751390,ProjectB,ap-southeast-1,EC2,67.06043234437747,6.706043234437748,1.408269079231927
2025-11-13 10:02:49.751390,ProjectB,us-east-1,RDS,45.66631052237938,6.849946578356907,1.4213639150090582
2025-11-13 10:02:49.751390,ProjectB,eu-west-1,S3,135.66432194794007,3.1202794048026217,0.016144054311804868
2025-11-13 10:02:49.751390,ProjectB,us-east-1,DataTransfer,362.98670651474833,7.259734130294967,0.015063948320362057
2025-11-13 10:02:49.751390,ProjectC,us-east-1,EC2,79.76764169631781,7.976764169631782,1.6551785651985944
2025-11-13 10:02:49.751390,ProjectC,eu-west-1,RDS,37.0031807291935,5.550477109379025,0.660506776016104
2025-11-13 10:02:49.751390,ProjectC,us-east-1,S3,126.13203885595584,2.901036893686984,0.026172398062610836
2025-11-13 10:02:49.751390,ProjectC,us-east-1,DataTransfer,353.7963964004356,7.075927928008712,0.014682550450618075
2025-11-13 10:02:49.751390,ProjectD,eu-west-1,EC2,85.29144561384157,8.529144561384157,1.0149682028047147
2025-11-13 10:02:49.751390,ProjectD,eu-west-1,RDS,32.57947248442964,4.8869208726644455,0.581543583847069
2025-11-13 10:02:49.751390,ProjectD,us-east-1,S3,139.19023202736884,3.201375336629483,0.02888197314567903
2025-11-13 10:02:49.751390,ProjectD,ap-southeast-1,DataTransfer,388.4359349644228,7.768718699288456,0.016314309268505755
2025-11-14 10:02:49.751390,ProjectA,ap-southeast-1,EC2,79.96330444374183,7.996330444374184,1.6792293933185785
2025-11-14 10:02:49.751390,ProjectA,eu-west-1,RDS,36.78180631490227,5.51727094723534,0.6565552427210054
2025-11-14 10:02:49.751390,ProjectA,eu-west-1,S3,127.75187996657634,2.938293239231256,0.015202473716022583
2025-11-14 10:02:49.751390,ProjectA,us-east-1,DataTransfer,454.3175618135423,9.086351236270843,0.018854178815262006
2025-11-14 10:02:49.751390,ProjectB,us-east-1,EC2,93.6501103495188,9.36501103495188,1.943239789752515
2025-11-14 10:02:49.751390,ProjectB,ap-southeast-1,RDS,39.94691909725011,5.992037864587516,1.2583279515633783
2025-11-14 10:02:49.751390,ProjectB,eu-west-1,S3,180.5776892765205,4.153286853359971,0.021488745023905936
2025-11-14 10:02:49.751390,ProjectB,ap-southeast-1,DataTransfer,354.675307287342,7.09350614574684,0.01489636290606836
2025-11-14 10:02:49.751390,ProjectC,us-east-1,EC2,88.25031653953745,8.825031653953745,1.8311940681954022
2025-11-14 10:02:49.751390,ProjectC,ap-southeast-1,RDS,46.38893253338241,6.958339880007361,1.4612513748015457
2025-11-14 10:02:49.751390,ProjectC,ap-southeast-1,S3,137.34147411997245,3.1588539047593662,0.02884170956519421
2025-11-14 10:02:49.751390,ProjectC,us-east-1,DataTransfer,458.8293645970225,9.176587291940448,0.019041418630776432
2025-11-14 10:02:49.751390,ProjectD,us-east-1,EC2,72.70087623446115,7.270087623446115,1.5085431818650687
2025-11-14 10:02:49.751390,ProjectD,us-east-1,RDS,37.52489548938146,5.628734323407218,1.1679623721069978
2025-11-14 10:02:49.751390,ProjectD,ap-southeast-1,S3,185.73000251926317,4.271790057943052,0.039003300529045264
2025-11-14 10:02:49.751390,ProjectD,us-east-1,DataTransfer,333.70554802374807,6.6741109604749616,0.013848780242985543
2025-11-15 10:02:49.751390,ProjectA,eu-west-1,EC2,82.64241826876258,8.264241826876258,0.9834447773982747
2025-11-15 10:02:49.751390,ProjectA,ap-southeast-1,RDS,37.04912487221485,5.557368730832227,1.1670474334747676
2025-11-15 10:02:49.751390,ProjectA,eu-west-1,S3,158.93337444063195,3.655467612134535,0.018913071558435204
2025-11-15 10:02:49.751390,ProjectA,eu-west-1,DataTransfer,441.01727843429006,8.820345568685802,0.010496211226736104
2025-11-15 10:02:49.751390,ProjectB,us-east-1,EC2,92.42109446814506,9.242109446814506,1.91773771021401
2025-11-15 10:02:49.751390,ProjectB,us-east-1,RDS,39.342431902768425,5.901364785415264,1.2245331929736674
2025-11-15 10:02:49.751390,ProjectB,us-east-1,S3,153.73264581929445,3.535850853843772,0.031899524007503594
2025-11-15 10:02:49.751390,ProjectB,us-east-1,DataTransfer,429.9234972210304,8.598469944420609,0.01784182513467276
2025-11-15 10:02:49.751390,ProjectC,eu-west-1,EC2,63.72734304384931,6.372734304384931,0.7583553822218068
2025-11-15 10:02:49.751390,ProjectC,us-east-1,RDS,42.18042103795011,6.3270631556925165,1.312865604806197
2025-11-15 10:02:49.751390,ProjectC,eu-west-1,S3,139.65590365765064,3.2120857841259647,0.016619052535260425
2025-11-15 10:02:49.751390,ProjectC,us-east-1,DataTransfer,339.33366020892004,6.786673204178401,0.01408234689867018
2025-11-15 10:02:49.751390,ProjectD,eu-west-1,EC2,83.49956606195497,8.349956606195496,0.9936448361372642
2025-11-15 10:02:49.751390,ProjectD,eu-west-1,RDS,35.45608432037758,5.318412648056636,0.6328911051187397
2025-11-15 10:02:49.751390,ProjectD,us-east-1,S3,154.49654645405434,3.55342056844325,0.03205803338921627
2025-11-15 10:02:49.751390,ProjectD,ap-southeast-1,DataTransfer,362.4500517299402,7.249001034598805,0.015222902172657487
2025-11-16 10:02:49.751390,ProjectA,us-east-1,EC2,73.60899280586614,7.360899280586614,1.5273866007217223
2025-11-16 10:02:49.751390,ProjectA,us-east-1,RDS,47.334388167386585,7.100158225107988,1.4732828317099074
2025-11-16 10:02:49.751390,ProjectA,ap-southeast-1,S3,172.84686579964335,3.975477913391797,0.0362978418179251
2025-11-16 10:02:49.751390,ProjectA,ap-southeast-1,DataTransfer,441.3042493574768,8.826084987149535,0.018534778473014026
2025-11-16 10:02:49.751390,ProjectB,ap-southeast-1,EC2,79.1041005908836,7.910410059088361,1.6611861124085556
2025-11-16 10:02:49.751390,ProjectB,us-east-1,RDS,36.35371282203044,5.453056923304565,1.1315093115856973
2025-11-16 10:02:49.751390,ProjectB,ap-southeast-1,S3,153.25421282974483,3.524846895084131,0.03218338469424641
2025-11-16 10:02:49.751390,ProjectB,us-east-1,DataTransfer,472.9781025786973,9.459562051573949,0.01962859125701594
2025-11-16 10:02:49.751390,ProjectC,ap-southeast-1,EC2,88.03673676537132,8.803673676537132,1.8487714720727977
2025-11-16 10:02:49.751390,ProjectC,us-east-1,RDS,37.36359560733869,5.604539341100803,1.1629419132784167
2025-11-16 10:02:49.751390,ProjectC,eu-west-1,S3,157.1390912113529,3.6141990978611167,0.018699551854150995
2025-11-16 10:02:49.751390,ProjectC,eu-west-1,DataTransfer,344.83767549583126,6.896753509916626,0.008207136676800784
2025-11-16 10:02:49.751390,ProjectD,us-east-1,EC2,80.39792059747892,8.039792059747892,1.6682568523976875
2025-11-16 10:02:49.751390,ProjectD,eu-west-1,RDS,43.85961235607987,6.578941853411981,0.7828940805560256
2025-11-16 10:02:49.751390,ProjectD,eu-west-1,S3,181.11788802465057,4.165711424566963,0.021553028674933417
2025-11-16 10:02:49.751390,ProjectD,eu-west-1,DataTransfer,347.207345603057,6.944146912061139,0.008263534825352756
2025-11-17 10:02:49.751390,ProjectA,us-east-1,EC2,74.84585234082014,7.484585234082015,1.553051436072018
2025-11-17 10:02:49.751390,ProjectA,us-east-1,RDS,47.31184353576223,7.096776530364334,1.4725811300505993
2025-11-17 10:02:49.751390,ProjectA,ap-southeast-1,S3,156.8914642906513,3.60850367868498,0.03294720750103677
2025-11-17 10:02:49.751390,ProjectA,ap-southeast-1,DataTransfer,456.8861358152629,9.13772271630526,0.019189217704241042
2025-11-17 10:02:49.751390,ProjectB,us-east-1,EC2,91.19284426769576,9.119284426769577,1.892251518554687
2025-11-17 10:02:49.751390,ProjectB,eu-west-1,RDS,45.43861998857426,6.815792998286139,0.8110793667960505
2025-11-17 10:02:49.751390,ProjectB,eu-west-1,S3,143.14190338866402,3.2922637779392723,0.01703388650325102
2025-11-17 10:02:49.751390,ProjectB,ap-southeast-1,DataTransfer,375.24792658048,7.504958531609599,0.01576041291638016
2025-11-17 10:02:49.751390,ProjectC,us-east-1,EC2,65.13811025711887,6.513811025711887,1.3516157878352166
2025-11-17 10:02:49.751390,ProjectC,ap-southeast-1,RDS,34.19952817681817,5.129929226522726,1.0772851375697723
2025-11-17 10:02:49.751390,ProjectC,ap-southeast-1,S3,130.4484986215445,3.0003154682955238,0.027394184710524346
2025-11-17 10:02:49.751390,ProjectC,ap-southeast-1,DataTransfer,401.1318617161602,8.022637234323204,0.01684753819207873
2025-11-17 10:02:49.751390,ProjectD,us-east-1,EC2,95.22216411188268,9.522216411188268,1.9758599053215655
2025-11-17 10:02:49.751390,ProjectD,us-east-1,RDS,37.13250638674632,5.569875958011948,1.1557492612874793
2025-11-17 10:02:49.751390,ProjectD,eu-west-1,S3,148.05423152681985,3.405247325116856,0.01761845355169156
2025-11-17 10:02:49.751390,ProjectD,us-east-1,DataTransfer,397.6066755824004,7.952133511648008,0.016500677036669617
2025-11-18 10:02:49.751390,ProjectA,eu-west-1,EC2,75.41398120635498,7.541398120635498,0.8974263763556242
2025-11-18 10:02:49.751390,ProjectA,ap-southeast-1,RDS,40.56819313141149,6.085228969711723,1.277898083639462
2025-11-18 10:02:49.751390,ProjectA,eu-west-1,S3,136.65181391888,3.14299172013424,0.01626156585634672
2025-11-18 10:02:49.751390,ProjectA,ap-southeast-1,DataTransfer,401.0323917124672,8.020647834249345,0.01684336045192362
2025-11-18 10:02:49.751390,ProjectB,ap-southeast-1,EC2,69.34301281591237,6.934301281591238,1.4562032691341598
2025-11-18 10:02:49.751390,ProjectB,ap-southeast-1,RDS,46.79828391277028,7.019742586915542,1.4741459432522637
2025-11-18 10:02:49.751390,ProjectB,us-east-1,S3,181.40212824763455,4.172248949695596,0.03764094161138417
2025-11-18 10:02:49.751390,ProjectB,eu-west-1,DataTransfer,402.1994267273693,8.043988534547386,0.009572346356111391
2025-11-18 10:02:49.751390,ProjectC,eu-west-1,EC2,93.58241969311528,9.358241969311528,1.1136307943480719
2025-11-18 10:02:49.751390,ProjectC,eu-west-1,RDS,33.31739592879706,4.99760938931956,0.5947155173290275
2025-11-18 10:02:49.751390,ProjectC,ap-southeast-1,S3,181.62365314214983,4.177344022269447,0.03814096715985146
2025-11-18 10:02:49.751390,ProjectC,eu-west-1,DataTransfer,421.0022591790624,8.420045183581248,0.010019853768461685
2025-11-18 10:02:49.751390,ProjectD,eu-west-1,EC2,78.46718866232305,7.8467188662323055,0.9337595450816443
2025-11-18 10:02:49.751390,ProjectD,ap-southeast-1,RDS,42.17891362023781,6.326837043035671,1.3286357790374907
2025-11-18 10:02:49.751390,ProjectD,eu-west-1,S3,143.87098308656803,3.3090326109910646,0.017120646987301594
2025-11-18 10:02:49.751390,ProjectD,us-east-1,DataTransfer,324.90317525923706,6.498063505184741,0.013483481773258336
2025-11-19 10:02:49.751390,ProjectA,eu-west-1,EC2,65.12481437760385,6.5124814377603855,0.7749852910934858
2025-11-19 10:02:49.751390,ProjectA,us-east-1,RDS,32.67931166309947,4.90189674946492,1.0171435755139708
2025-11-19 10:02:49.751390,ProjectA,eu-west-1,S3,132.27285536441045,3.04227567338144,0.015740469788364842
2025-11-19 10:02:49.751390,ProjectA,us-east-1,DataTransfer,329.9785391065755,6.599570782131511,0.013694109372922885
2025-11-19 10:02:49.751390,ProjectB,us-east-1,EC2,65.70920458728321,6.570920458728321,1.3634659951861265
2025-11-19 10:02:49.751390,ProjectB,us-east-1,RDS,42.24000701157264,6.336001051735896,1.3147202182351982
2025-11-19 10:02:49.751390,ProjectB,us-east-1,S3,171.45142674395754,3.9433828151110233,0.03557617104937119
2025-11-19 10:02:49.751390,ProjectB,eu-west-1,DataTransfer,461.1498212735426,9.222996425470852,0.010975365746310315
2025-11-19 10:02:49.751390,ProjectC,ap-southeast-1,EC2,65.96989714697689,6.596989714697689,1.3853678400865146
2025-11-19 10:02:49.751390,ProjectC,eu-west-1,RDS,48.029051012535,7.204357651880249,0.8573185605737498
2025-11-19 10:02:49.751390,ProjectC,eu-west-1,S3,178.69282196434952,4.109934905180039,0.021264445813757592
2025-11-19 10:02:49.751390,ProjectC,ap-southeast-1,DataTransfer,335.85743294292166,6.7171486588584335,0.014106012183602707
2025-11-19 10:02:49.751390,ProjectD,us-east-1,EC2,80.34009123603134,8.034009123603134,1.6670568931476502
2025-11-19 10:02:49.751390,ProjectD,eu-west-1,RDS,36.16326608469494,5.4244899127042405,0.6455142996118046
2025-11-19 10:02:49.751390,ProjectD,us-east-1,S3,184.63464461557643,4.246596826158258,0.03831168875773211
2025-11-19 10:02:49.751390,ProjectD,ap-southeast-1,DataTransfer,329.1308919635281,6.582617839270561,0.013823497462468179
2025-11-20 10:02:49.751390,ProjectA,ap-southeast-1,EC2,76.49312547701368,7.649312547701368,1.606355635017287
2025-11-20 10:02:49.751390,ProjectA,ap-southeast-1,RDS,45.31795042836449,6.797692564254674,1.4275154384934814
2025-11-20 10:02:49.751390,ProjectA,ap-southeast-1,S3,175.2406453572832,4.030534843217514,0.036800535525029474
2025-11-20 10:02:49.751390,ProjectA,us-east-1,DataTransfer,335.711780668787,6.714235613375741,0.013932038897754661
2025-11-20 10:02:49.751390,ProjectB,eu-west-1,EC2,78.34061651368503,7.834061651368504,0.9322533365128518
2025-11-20 10:02:49.751390,ProjectB,ap-southeast-1,RDS,47.82989790379197,7.174484685568796,1.5066417839694468
2025-11-20 10:02:49.751390,ProjectB,eu-west-1,S3,188.48745391786608,4.335211440110919,0.022430007016226064
2025-11-20 10:02:49.751390,ProjectB,eu-west-1,DataTransfer,419.9773642045584,8.399547284091167,0.00999546126806849
2025-11-20 10:02:49.751390,ProjectC,eu-west-1,EC2,92.2994751875663,9.22994751875663,1.0983637547320388
2025-11-20 10:02:49.751390,ProjectC,us-east-1,RDS,37.59100243760641,5.638650365640962,1.1700199508704996
2025-11-20 10:02:49.751390,ProjectC,us-east-1,S3,130.99339477976352,3.0128480799345607,0.02718112941680093
2025-11-20 10:02:49.751390,ProjectC,us-east-1,DataTransfer,387.9059720086176,7.758119440172352,0.01609809783835763
2025-11-20 10:02:49.751390,ProjectD,eu-west-1,EC2,75.77108033750629,7.57710803375063,0.9016758560163248
2025-11-20 10:02:49.751390,ProjectD,us-east-1,RDS,42.79774286607567,6.419661429911351,1.3320797467066052
2025-11-20 10:02:49.751390,ProjectD,eu-west-1,S3,154.19022632717335,3.546375205524987,0.018348636932933628
2025-11-20 10:02:49.751390,ProjectD,ap-southeast-1,DataTransfer,409.4316140048799,8.188632280097599,0.017196127788204958
2025-11-21 10:02:49.751390,ProjectA,us-east-1,EC2,70.00298150104437,7.000298150104438,1.4525618661466708
2025-11-21 10:02:49.751390,ProjectA,eu-west-1,RDS,38.80290054593706,5.820435081890559,0.6926317747449765
2025-11-21 10:02:49.751390,ProjectA,eu-west-1,S3,145.4978456199316,3.346450449258427,0.01731424362877186
2025-11-21 10:02:49.751390,ProjectA,us-east-1,DataTransfer,427.4092332405447,8.548184664810893,0.017737483179482608
2025-11-21 10:02:49.751390,ProjectB,us-east-1,EC2,76.35645024012524,7.635645024012525,1.5843963424825986
2025-11-21 10:02:49.751390,ProjectB,ap-southeast-1,RDS,40.161457875561325,6.024218681334198,1.2650859230801816
2025-11-21 10:02:49.751390,ProjectB,us-east-1,S3,132.30614561194713,3.043041349074784,0.027453525214479024
2025-11-21 10:02:49.751390,ProjectB,eu-west-1,DataTransfer,352.87650593985273,7.057530118797055,0.008398460841368496
2025-11-21 10:02:49.751390,ProjectC,ap-southeast-1,EC2,75.44865777321672,7.544865777321672,1.5844218132375512
2025-11-21 10:02:49.751390,ProjectC,eu-west-1,RDS,42.33056415101871,6.349584622652807,0.7556005700956839
2025-11-21 10:02:49.751390,ProjectC,ap-southeast-1,S3,140.68483144302897,3.235751123189666,0.02954381460303608
2025-11-21 10:02:49.751390,ProjectC,ap-southeast-1,DataTransfer,383.633746250582,7.672674925011639,0.016112617342524446
2025-11-21 10:02:49.751390,ProjectD,eu-west-1,EC2,96.53828551376412,9.653828551376414,1.1488055976137932
2025-11-21 10:02:49.751390,ProjectD,ap-southeast-1,RDS,34.88009080279588,5.232013620419381,1.0987228602880699
2025-11-21 10:02:49.751390,ProjectD,ap-southeast-1,S3,166.36135746831377,3.826311221771217,0.03493588506834589
2025-11-21 10:02:49.751390,ProjectD,us-east-1,DataTransfer,350.15554594866745,7.003110918973349,0.0145314551568697
2025-11-22 10:02:49.751390,ProjectA,us-east-1,EC2,65.61011485163218,6.561011485163218,1.3614098831713677
2025-11-22 10:02:49.751390,ProjectA,us-east-1,RDS,40.31252759863969,6.046879139795953,1.2547274215076605
2025-11-22 10:02:49.751390,ProjectA,ap-southeast-1,S3,173.64567322560467,3.9938504841889073,0.03646559137737698
2025-11-22 10:02:49.751390,ProjectA,ap-southeast-1,DataTransfer,332.6786781211681,6.653573562423362,0.01397250448108906
2025-11-22 10:02:49.751390,ProjectB,us-east-1,EC2,79.85892530165015,7.985892530165015,1.6570727000092402
2025-11-22 10:02:49.751390,ProjectB,eu-west-1,RDS,35.11937197599683,5.267905796399524,0.6268807897715433
2025-11-22 10:02:49.751390,ProjectB,eu-west-1,S3,193.31764249162464,4.446305777307367,0.02300479945650333
2025-11-22 10:02:49.751390,ProjectB,eu-west-1,DataTransfer,402.6718265493562,8.053436530987124,0.009583589471874678
2025-11-22 10:02:49.751390,ProjectC,eu-west-1,EC2,90.99040553726282,9.09904055372628,1.0827858258934275
2025-11-22 10:02:49.751390,ProjectC,us-east-1,RDS,41.48409601787005,6.222614402680507,1.2911924885562054
2025-11-22 10:02:49.751390,ProjectC,eu-west-1,S3,179.40920479989302,4.126411710397539,0.02134969537118727
2025-11-22 10:02:49.751390,ProjectC,ap-southeast-1,DataTransfer,468.571293671037,9.37142587342074,0.019679994334183555
2025-11-22 10:02:49.751390,ProjectD,ap-southeast-1,EC2,90.73588455481952,9.073588455481952,1.9054535756512099
2025-11-22 10:02:49.751390,ProjectD,eu-west-1,RDS,42.60018837732247,6.39002825659837,0.760413362535206
2025-11-22 10:02:49.751390,ProjectD,us-east-1,S3,192.7068871055015,4.432258403426534,0.03998667907439156
2025-11-22 10:02:49.751390,ProjectD,ap-southeast-1,DataTransfer,375.992970624629,7.51985941249258,0.015791704766234416
2025-11-23 10:02:49.751390,ProjectA,ap-southeast-1,EC2,86.93703264508684,8.693703264508684,1.8256776855468237
2025-11-23 10:02:49.751390,ProjectA,ap-southeast-1,RDS,35.96971330846094,5.39545699626914,1.1330459692165196
2025-11-23 10:02:49.751390,ProjectA,ap-southeast-1,S3,160.31699060417688,3.687290783896068,0.03366656802687714
2025-11-23 10:02:49.751390,ProjectA,us-east-1,DataTransfer,422.4101726448424,8.448203452896847,0.017530022164760958
2025-11-23 10:02:49.751390,ProjectB,ap-southeast-1,EC2,73.13391987198662,7.313391987198663,1.5358123173117189
2025-11-23 10:02:49.751390,ProjectB,us-east-1,RDS,40.04468071723347,6.00670210758502,1.2463906873238917
2025-11-23 10:02:49.751390,ProjectB,eu-west-1,S3,159.21859796283488,3.662027753145202,0.01894701315757735
2025-11-23 10:02:49.751390,ProjectB,eu-west-1,DataTransfer,391.0645886389279,7.821291772778558,0.009307337209606484
2025-11-23 10:02:49.751390,ProjectC,us-east-1,EC2,91.1623739204967,9.11623739204967,1.8916192588503067
2025-11-23 10:02:49.751390,ProjectC,ap-southeast-1,RDS,38.757658560735386,5.813648784110308,1.2208662446631646
2025-11-23 10:02:49.751390,ProjectC,eu-west-1,S3,133.03980902360232,3.059915607542853,0.015831737273808676
2025-11-23 10:02:49.751390,ProjectC,us-east-1,DataTransfer,479.41539241468433,9.588307848293686,0.0198957387852094
2025-11-23 10:02:49.751390,ProjectD,us-east-1,EC2,79.31661990262631,7.931661990262632,1.645819862979496
2025-11-23 10:02:49.751390,ProjectD,ap-southeast-1,RDS,36.98920389435819,5.548380584153729,1.165159922672283
2025-11-23 10:02:49.751390,ProjectD,us-east-1,S3,131.50885528161788,3.0247036714772118,0.02728808747093571
2025-11-23 10:02:49.751390,ProjectD,us-east-1,DataTransfer,460.406689711228,9.20813379422456,0.019106877623015963
2025-11-24 10:02:49.751390,ProjectA,eu-west-1,EC2,75.0235070978277,7.502350709782771,0.8927797344641496
2025-11-24 10:02:49.751390,ProjectA,us-east-1,RDS,41.412926790268926,6.211939018540339,1.2889773463471204
2025-11-24 10:02:49.751390,ProjectA,ap-southeast-1,S3,180.65431574158563,4.15504926205647,0.03793740630573298
2025-11-24 10:02:49.751390,ProjectA,ap-southeast-1,DataTransfer,491.9605523914087,9.839211047828174,0.02066234320043917
2025-11-24 10:02:49.751390,ProjectB,eu-west-1,EC2,76.90154617517007,7.690154617517007,0.9151283994845238
2025-11-24 10:02:49.751390,ProjectB,eu-west-1,RDS,44.41049788681928,6.661574683022892,0.792727387279724
2025-11-24 10:02:49.751390,ProjectB,eu-west-1,S3,179.5479828429677,4.129603605388257,0.02136620995831316
2025-11-24 10:02:49.751390,ProjectB,ap-southeast-1,DataTransfer,362.2555435546,7.245110871092001,0.0152147328292932
2025-11-24 10:02:49.751390,ProjectC,us-east-1,EC2,66.62305266802016,6.662305266802017,1.3824283428614181
2025-11-24 10:02:49.751390,ProjectC,us-east-1,RDS,40.75790506992014,6.113685760488021,1.2685897953012644
2025-11-24 10:02:49.751390,ProjectC,eu-west-1,S3,146.3095421230368,3.3651194688298465,0.01741083551264138
2025-11-24 10:02:49.751390,ProjectC,eu-west-1,DataTransfer,401.3140859528826,8.026281719057652,0.009551275245678606
2025-11-24 10:02:49.751390,ProjectD,us-east-1,EC2,69.00773382878961,6.9007733828789615,1.4319104769473845
2025-11-24 10:02:49.751390,ProjectD,ap-southeast-1,RDS,40.4962027928954,6.074430418934309,1.275630387976205
2025-11-24 10:02:49.751390,ProjectD,eu-west-1,S3,142.05076597105236,3.2671676173342044,0.01690404115055523
2025-11-24 10:02:49.751390,ProjectD,us-east-1,DataTransfer,397.4175289474556,7.948350578949112,0.016492827451319407
2025-11-25 10:02:49.751390,ProjectA,eu-west-1,EC2,88.36914873966084,8.836914873966085,1.051592870001964
2025-11-25 10:02:49.751390,ProjectA,ap-southeast-1,RDS,49.12056061277007,7.36808409191551,1.5472976593022572
2025-11-25 10:02:49.751390,ProjectA,eu-west-1,S3,143.15723887553222,3.292616494137241,0.017035711426188333
2025-11-25 10:02:49.751390,ProjectA,eu-west-1,DataTransfer,468.5122623929664,9.370245247859328,0.0111505918449526
2025-11-25 10:02:49.751390,ProjectB,ap-southeast-1,EC2,72.35018456199968,7.235018456199969,1.5193538758019933
2025-11-25 10:02:49.751390,ProjectB,eu-west-1,RDS,45.41417056370248,6.812125584555372,0.8106429445620892
2025-11-25 10:02:49.751390,ProjectB,ap-southeast-1,S3,194.5024319173909,4.473555934099991,0.04084551070265209
2025-11-25 10:02:49.751390,ProjectB,eu-west-1,DataTransfer,347.1493933011322,6.942987866022644,0.008262155560566945
2025-11-25 10:02:49.751390,ProjectC,eu-west-1,EC2,74.39780049622411,7.439780049622411,0.8853338259050668
2025-11-25 10:02:49.751390,ProjectC,us-east-1,RDS,47.782048131820886,7.167307219773133,1.487216248102925
2025-11-25 10:02:49.751390,ProjectC,eu-west-1,S3,158.303729359742,3.640985775274066,0.018838143793809298
2025-11-25 10:02:49.751390,ProjectC,eu-west-1,DataTransfer,485.5493173953619,9.71098634790724,0.011556073754009613
2025-11-25 10:02:49.751390,ProjectD,ap-southeast-1,EC2,93.49986850015958,9.349986850015958,1.9634972385033511
2025-11-25 10:02:49.751390,ProjectD,us-east-1,RDS,33.63724432469318,5.045586648703977,1.0469592296060752
2025-11-25 10:02:49.751390,ProjectD,ap-southeast-1,S3,189.1773227668303,4.351078423637096,0.039727237781034354
2025-11-25 10:02:49.751390,ProjectD,us-east-1,DataTransfer,386.225339522317,7.724506790446341,0.016028351590176154
2025-11-26 10:02:49.751390,ProjectA,eu-west-1,EC2,75.02918143300862,7.502918143300862,0.8928472590528025
2025-11-26 10:02:49.751390,ProjectA,eu-west-1,RDS,33.65807174194847,5.04871076129227,0.60079658059378
2025-11-26 10:02:49.751390,ProjectA,eu-west-1,S3,145.22584366236478,3.34019440423439,0.017281875395821406
2025-11-26 10:02:49.751390,ProjectA,us-east-1,DataTransfer,389.3635711010836,7.787271422021671,0.01615858820069497
2025-11-26 10:02:49.751390,ProjectB,us-east-1,EC2,83.41804821986125,8.341804821986125,1.730924500562121
2025-11-26 10:02:49.751390,ProjectB,us-east-1,RDS,46.980643578059926,7.047096536708989,1.462272531367115
2025-11-26 10:02:49.751390,ProjectB,ap-southeast-1,S3,187.2084177681136,4.305793608666613,0.03931376773130386
2025-11-26 10:02:49.751390,ProjectB,ap-southeast-1,DataTransfer,344.43706294948134,6.888741258989627,0.014466356643878216
2025-11-26 10:02:49.751390,ProjectC,eu-west-1,EC2,93.35022926039076,9.335022926039075,1.11086772819865
2025-11-26 10:02:49.751390,ProjectC,us-east-1,RDS,46.4910238151795,6.973653572276925,1.4470331162474621
2025-11-26 10:02:49.751390,ProjectC,ap-southeast-1,S3,167.3756483617818,3.849639912320981,0.035148886155974175
2025-11-26 10:02:49.751390,ProjectC,ap-southeast-1,DataTransfer,398.12541802145967,7.962508360429194,0.016721267556901308
2025-11-26 10:02:49.751390,ProjectD,us-east-1,EC2,91.84183568690696,9.184183568690695,1.9057180905033193
2025-11-26 10:02:49.751390,ProjectD,us-east-1,RDS,37.26795853046924,5.590193779570385,1.159965209260855
2025-11-26 10:02:49.751390,ProjectD,us-east-1,S3,134.8023870567546,3.100454902305356,0.027971495314276583
2025-11-26 10:02:49.751390,ProjectD,eu-west-1,DataTransfer,399.4670838303842,7.989341676607684,0.009507316595163143
2025-11-27 10:02:49.751390,ProjectA,us-east-1,EC2,81.98337075138443,8.198337075138443,1.701154943091227
2025-11-27 10:02:49.751390,ProjectA,ap-southeast-1,RDS,41.70273229164202,6.255409843746303,1.3136360671867235
2025-11-27 10:02:49.751390,ProjectA,ap-southeast-1,S3,176.91902665048437,4.06913761296114,0.037152995596601714
2025-11-27 10:02:49.751390,ProjectA,eu-west-1,DataTransfer,497.4422572666012,9.948845145332024,0.011839125722945107
2025-11-27 10:02:49.751390,ProjectB,eu-west-1,EC2,82.06152143657846,8.206152143657846,0.9765321050952837
2025-11-27 10:02:49.751390,ProjectB,eu-west-1,RDS,48.88778142873368,7.333167214310051,0.8726468985028961
2025-11-27 10:02:49.751390,ProjectB,us-east-1,S3,135.92761197568126,3.126335075440669,0.02820497948495386
2025-11-27 10:02:49.751390,ProjectB,us-east-1,DataTransfer,339.3509791845504,6.787019583691008,0.014083065636158843
2025-11-27 10:02:49.751390,ProjectC,eu-west-1,EC2,89.0095205731991,8.90095205731991,1.059213294821069
2025-11-27 10:02:49.751390,ProjectC,eu-west-1,RDS,33.875662144567535,5.08134932168513,0.6046805692805305
2025-11-27 10:02:49.751390,ProjectC,us-east-1,S3,168.5444711835499,3.876522837221647,0.034972977770586604
2025-11-27 10:02:49.751390,ProjectC,us-east-1,DataTransfer,470.38869711943545,9.40777394238871,0.01952113093045657
2025-11-27 10:02:49.751390,ProjectD,eu-west-1,EC2,97.41365316666383,9.741365316666386,1.1592224726832994
2025-11-27 10:02:49.751390,ProjectD,us-east-1,RDS,33.58857668652871,5.0382865029793065,1.045444449368206
2025-11-27 10:02:49.751390,ProjectD,eu-west-1,S3,151.3336546507655,3.4806740569676067,0.018008704903441093
2025-11-27 10:02:49.751390,ProjectD,ap-southeast-1,DataTransfer,418.2080506893104,8.364161013786207,0.017564738128951037
2025-11-28 10:02:49.751390,ProjectA,ap-southeast-1,EC2,72.06060510129308,7.2060605101293085,1.5132727071271546
2025-11-28 10:02:49.751390,ProjectA,ap-southeast-1,RDS,39.59793050923699,5.939689576385548,1.2473348110409652
2025-11-28 10:02:49.751390,ProjectA,eu-west-1,S3,165.92480781061138,3.816270579644062,0.019745052129462756
2025-11-28 10:02:49.751390,ProjectA,us-east-1,DataTransfer,452.87736968319456,9.057547393663892,0.01879441084185257
2025-11-28 10:02:49.751390,ProjectB,us-east-1,EC2,99.74029985873275,9.974029985873276,2.069611222068705
2025-11-28 10:02:49.751390,ProjectB,ap-southeast-1,RDS,46.69687667689157,7.004531501533736,1.4709516153220843
2025-11-28 10:02:49.751390,ProjectB,ap-southeast-1,S3,178.0867315386879,4.0959948253898215,0.037398213623124454
2025-11-28 10:02:49.751390,ProjectB,us-east-1,DataTransfer,348.3102694064604,6.966205388129208,0.014454876180368106
2025-11-28 10:02:49.751390,ProjectC,ap-southeast-1,EC2,67.19206413961668,6.719206413961668,1.41103334693195
2025-11-28 10:02:49.751390,ProjectC,us-east-1,RDS,42.100909963008505,6.315136494451275,1.3103908225986398
2025-11-28 10:02:49.751390,ProjectC,ap-southeast-1,S3,154.40848976809102,3.5513952646660933,0.032425782851299115
2025-11-28 10:02:49.751390,ProjectC,us-east-1,DataTransfer,388.9214145691648,7.778428291383297,0.01614023870462034
2025-11-28 10:02:49.751390,ProjectD,ap-southeast-1,EC2,70.08694545908982,7.008694545908982,1.4718258546408862
2025-11-28 10:02:49.751390,ProjectD,us-east-1,RDS,38.42605546175681,5.763908319263521,1.1960109762471807
2025-11-28 10:02:49.751390,ProjectD,eu-west-1,S3,135.65402230906625,3.120042513108524,0.016142828654778885
2025-11-28 10:02:49.751390,ProjectD,eu-west-1,DataTransfer,493.5021148808627,9.870042297617251,0.011745350334164533
2025-11-29 10:02:49.751390,ProjectA,us-east-1,EC2,89.611757016684,8.9611757016684,1.8594439580961926
2025-11-29 10:02:49.751390,ProjectA,ap-southeast-1,RDS,50.28876198966167,7.54331429844925,1.5840960026743427
2025-11-29 10:02:49.751390,ProjectA,us-east-1,S3,163.1045580481605,3.7514048351076914,0.0338441957949933
2025-11-29 10:02:49.751390,ProjectA,eu-west-1,DataTransfer,372.5200323880994,7.450400647761988,0.008865976770836765
2025-11-29 10:02:49.751390,ProjectB,ap-southeast-1,EC2,84.31008967169551,8.431008967169552,1.770511883105606
2025-11-29 10:02:49.751390,ProjectB,ap-southeast-1,RDS,36.3704148082472,5.45556222123708,1.1456680664597867
2025-11-29 10:02:49.751390,ProjectB,eu-west-1,S3,147.90267255769552,3.401761468826997,0.017600418034365767
2025-11-29 10:02:49.751390,ProjectB,ap-southeast-1,DataTransfer,480.164391166364,9.60328782332728,0.02016690442898729
2025-11-29 10:02:49.751390,ProjectC,ap-southeast-1,EC2,72.43640613187902,7.243640613187903,1.5211645287694595
2025-11-29 10:02:49.751390,ProjectC,eu-west-1,RDS,35.0755518655052,5.261332779825779,0.6260986007992677
2025-11-29 10:02:49.751390,ProjectC,ap-southeast-1,S3,157.25105553597393,3.616774277327401,0.03302272166255452
2025-11-29 10:02:49.751390,ProjectC,us-east-1,DataTransfer,396.16897726306576,7.923379545261315,0.01644101255641723
2025-11-29 10:02:49.751390,ProjectD,us-east-1,EC2,76.4752423968132,7.647524239681321,1.5868612797338737
2025-11-29 10:02:49.751390,ProjectD,us-east-1,RDS,39.58172185705176,5.937258278557763,1.231981092800736
2025-11-29 10:02:49.751390,ProjectD,us-east-1,S3,178.49622486394344,4.105413171870699,0.03703796665926826
2025-11-29 10:02:49.751390,ProjectD,ap-southeast-1,DataTransfer,384.3185287128608,7.686370574257215,0.01614137820594015
2025-11-30 10:02:49.751390,ProjectA,ap-southeast-1,EC2,70.6498317580807,7.06498317580807,1.4836464669196945
2025-11-30 10:02:49.751390,ProjectA,us-east-1,RDS,39.33075202387712,5.899612803581568,1.224169656743175
2025-11-30 10:02:49.751390,ProjectA,eu-west-1,S3,156.75167240240629,3.605288465255344,0.018653449015886347
2025-11-30 10:02:49.751390,ProjectA,us-east-1,DataTransfer,487.9551652820878,9.759103305641757,0.020250139359206644
2025-11-30 10:02:49.751390,ProjectB,eu-west-1,EC2,81.3741779134919,8.137417791349192,0.9683527171705536
2025-11-30 10:02:49.751390,ProjectB,ap-southeast-1,RDS,44.374484204153454,6.656172630623018,1.3977962524308338
2025-11-30 10:02:49.751390,ProjectB,eu-west-1,S3,181.1008704901763,4.165320021274055,0.02155100358833098
2025-11-30 10:02:49.751390,ProjectB,ap-southeast-1,DataTransfer,460.1909315146346,9.203818630292693,0.019328019123614655
2025-11-30 10:02:49.751390,ProjectC,eu-west-1,EC2,78.40692690396202,7.840692690396202,0.9330424301571479
2025-11-30 10:02:49.751390,ProjectC,eu-west-1,RDS,49.93929808437107,7.49089471265566,0.8914164708060236
2025-11-30 10:02:49.751390,ProjectC,us-east-1,S3,146.82385568398925,3.376948680731753,0.03046595005442777
2025-11-30 10:02:49.751390,ProjectC,us-east-1,DataTransfer,480.5849675882333,9.611699351764669,0.019944276154911685
2025-11-30 10:02:49.751390,ProjectD,ap-southeast-1,EC2,75.21829752291984,7.521829752291985,1.5795842479813165
2025-11-30 10:02:49.751390,ProjectD,us-east-1,RDS,38.66745604631418,5.800118406947127,1.2035245694415286
2025-11-30 10:02:49.751390,ProjectD,us-east-1,S3,178.68542373197877,4.109764745835512,0.037077225424385594
2025-11-30 10:02:49.751390,ProjectD,eu-west-1,DataTransfer,497.7089816206184,9.95417963241237,0.011845473762570717
2025-12-01 10:02:49.751390,ProjectA,ap-southeast-1,EC2,100.2130506063365,10.021305060633653,2.104474062733066
2025-12-01 10:02:49.751390,ProjectA,eu-west-1,RDS,44.529559933832985,6.679433990074948,0.7948526448189187
2025-12-01 10:02:49.751390,ProjectA,us-east-1,S3,158.63744573869232,3.6486612519899233,0.03291726999077865
2025-12-01 10:02:49.751390,ProjectA,us-east-1,DataTransfer,380.0001867906437,7.600003735812875,0.015770007751811713
2025-12-01 10:02:49.751390,ProjectB,us-east-1,EC2,93.27190143185264,9.327190143185266,1.9353919547109422
2025-12-01 10:02:49.751390,ProjectB,eu-west-1,RDS,37.68277916177332,5.652416874265998,0.6726376080376537
2025-12-01 10:02:49.751390,ProjectB,ap-southeast-1,S3,177.05862210935757,4.072348308515224,0.03718231064296509
2025-12-01 10:02:49.751390,ProjectB,us-east-1,DataTransfer,503.4898777092358,10.069797554184715,0.020894829924933286
2025-12-01 10:02:49.751390,ProjectC,eu-west-1,EC2,86.51884636695762,8.651884636695762,1.0295742717667955
2025-12-01 10:02:49.751390,ProjectC,us-east-1,RDS,39.9577189400759,5.993657841011385,1.2436840020098625
2025-12-01 10:02:49.751390,ProjectC,eu-west-1,S3,184.4512421311009,4.2423785690153215,0.02194969781360101
2025-12-01 10:02:49.751390,ProjectC,us-east-1,DataTransfer,448.5721749812779,8.971443499625558,0.018615745261723035
2025-12-01 10:02:49.751390,ProjectD,ap-southeast-1,EC2,90.64595321946156,9.064595321946156,1.9035650176086927
2025-12-01 10:02:49.751390,ProjectD,ap-southeast-1,RDS,34.540471337923194,5.181070700688479,1.0880248471445806
2025-12-01 10:02:49.751390,ProjectD,us-east-1,S3,151.5159294743539,3.4848663779101394,0.03143955536592843
2025-12-01 10:02:49.751390,ProjectD,us-east-1,DataTransfer,478.1525309121278,9.563050618242556,0.019843330032853303
2025-12-02 10:02:49.751390,ProjectA,eu-west-1,EC2,86.3412830354225,8.634128303542251,1.0274612681215278
2025-12-02 10:02:49.751390,ProjectA,ap-southeast-1,RDS,41.06739778294613,6.16010966744192,1.2936230301628031
2025-12-02 10:02:49.751390,ProjectA,us-east-1,S3,188.74419972029307,4.34111659356674,0.03916442144196081
2025-12-02 10:02:49.751390,ProjectA,us-east-1,DataTransfer,491.86702023778486,9.837340404755697,0.02041248133986807
2025-12-02 10:02:49.751390,ProjectB,us-east-1,EC2,87.60281432425204,8.760281432425204,1.8177583972282294
2025-12-02 10:02:49.751390,ProjectB,eu-west-1,RDS,39.91092175398903,5.986638263098354,0.7124099533087042
2025-12-02 10:02:49.751390,ProjectB,us-east-1,S3,180.80399377139236,4.158491856742024,0.03751682870756391
2025-12-02 10:02:49.751390,ProjectB,us-east-1,DataTransfer,376.6307750048154,7.532615500096308,0.01563017716269984
2025-12-02 10:02:49.751390,ProjectC,eu-west-1,EC2,91.9608720897871,9.19608720897871,1.0943343778684664
2025-12-02 10:02:49.751390,ProjectC,us-east-1,RDS,46.63295976206292,6.994943964309438,1.4514508725942084
2025-12-02 10:02:49.751390,ProjectC,ap-southeast-1,S3,162.57565695586842,3.7392401099849737,0.03414088796073237
2025-12-02 10:02:49.751390,ProjectC,eu-west-1,DataTransfer,411.6993899026777,8.233987798053555,0.00979844547968373
2025-12-02 10:02:49.751390,ProjectD,us-east-1,EC2,82.7519581807371,8.27519581807371,1.7171031322502948
2025-12-02 10:02:49.751390,ProjectD,us-east-1,RDS,42.56229794632103,6.384344691948154,1.3247515235792422
2025-12-02 10:02:49.751390,ProjectD,eu-west-1,S3,187.39443022954467,4.310071895279528,0.022299937197315815
2025-12-02 10:02:49.751390,ProjectD,eu-west-1,DataTransfer,376.1939149584223,7.523878299168445,0.00895341517601045
2025-12-03 10:02:49.751390,ProjectA,eu-west-1,EC2,101.40343092217316,10.140343092217318,1.2067008279738605
2025-12-03 10:02:49.751390,ProjectA,us-east-1,RDS,36.68856565766597,5.503284848649895,1.1419316060948532
2025-12-03 10:02:49.751390,ProjectA,ap-southeast-1,S3,195.80510830470445,4.5035174910082025,0.041119072743987926
2025-12-03 10:02:49.751390,ProjectA,eu-west-1,DataTransfer,487.5279973312456,9.750559946624913,0.011603166336483645
2025-12-03 10:02:49.751390,ProjectB,us-east-1,EC2,99.16389514774728,9.916389514774728,2.057650824315756
2025-12-03 10:02:49.751390,ProjectB,eu-west-1,RDS,51.56976981108121,7.735465471662181,0.9205203911277996
2025-12-03 10:02:49.751390,ProjectB,us-east-1,S3,154.8557161784953,3.561681472105392,0.03213256110703777
2025-12-03 10:02:49.751390,ProjectB,eu-west-1,DataTransfer,348.8386343622236,6.976772687244472,0.008302359497820922
2025-12-03 10:02:49.751390,ProjectC,ap-southeast-1,EC2,102.7721569406884,10.277215694068842,2.1582152957544563
2025-12-03 10:02:49.751390,ProjectC,eu-west-1,RDS,40.45075875495344,6.067613813243016,0.7220460437759189
2025-12-03 10:02:49.751390,ProjectC,ap-southeast-1,S3,201.74701942045616,4.640181446670492,0.042366874078295785
2025-12-03 10:02:49.751390,ProjectC,eu-west-1,DataTransfer,424.716993512309,8.49433987024618,0.010108264445592954
2025-12-03 10:02:49.751390,ProjectD,eu-west-1,EC2,71.76901492505758,7.176901492505758,0.854051277608185
2025-12-03 10:02:49.751390,ProjectD,eu-west-1,RDS,39.7456464835208,5.96184697252812,0.7094597897308462
2025-12-03 10:02:49.751390,ProjectD,ap-southeast-1,S3,182.1706375402397,4.189924663425513,0.03825583388345034
2025-12-03 10:02:49.751390,ProjectD,eu-west-1,DataTransfer,513.6416893618554,10.272833787237108,0.012224672206812157
2025-12-04 10:02:49.751390,ProjectA,us-east-1,EC2,89.28089573448361,8.92808957344836,1.8525785864905349
2025-12-04 10:02:49.751390,ProjectA,us-east-1,RDS,39.61157843067357,5.941736764601035,1.2329103786547149
2025-12-04 10:02:49.751390,ProjectA,us-east-1,S3,154.99004763602346,3.56477109562854,0.03216043488447487
2025-12-04 10:02:49.751390,ProjectA,eu-west-1,DataTransfer,389.152702245193,7.78305404490386,0.009261834313435593
2025-12-04 10:02:49.751390,ProjectB,eu-west-1,EC2,95.12884656730704,9.512884656730703,1.1320332741509536
2025-12-04 10:02:49.751390,ProjectB,eu-west-1,RDS,49.25870028835209,7.3888050432528125,0.8792678001470847
2025-12-04 10:02:49.751390,ProjectB,us-east-1,S3,143.6896007672315,3.304860817646325,0.029815592159200537
2025-12-04 10:02:49.751390,ProjectB,us-east-1,DataTransfer,397.470356792164,7.94940713584328,0.016495019806874806
2025-12-04 10:02:49.751390,ProjectC,eu-west-1,EC2,88.10794905681115,8.810794905681115,1.0484845937760527
2025-12-04 10:02:49.751390,ProjectC,eu-west-1,RDS,40.586886507104325,6.088032976065649,0.7244759241518122
2025-12-04 10:02:49.751390,ProjectC,ap-southeast-1,S3,174.59009352314,4.01557215103222,0.0366639196398594
2025-12-04 10:02:49.751390,ProjectC,us-east-1,DataTransfer,457.2949421762436,9.145898843524872,0.01897774010031411
2025-12-04 10:02:49.751390,ProjectD,ap-southeast-1,EC2,89.2060649650035,8.920606496500351,1.8733273642650734
2025-12-04 10:02:49.751390,ProjectD,ap-southeast-1,RDS,44.52738818622246,6.679108227933368,1.4026127278660072
2025-12-04 10:02:49.751390,ProjectD,eu-west-1,S3,166.7731774668503,3.835783081737557,0.019846008118555185
2025-12-04 10:02:49.751390,ProjectD,ap-southeast-1,DataTransfer,403.39055458199,8.0678110916398,0.016942403292443578
2025-12-05 10:02:49.751390,ProjectA,us-east-1,EC2,72.76431690269092,7.276431690269092,1.5098595757308366
2025-12-05 10:02:49.751390,ProjectA,eu-west-1,RDS,38.357674817697344,5.753651222654601,0.6846844954958976
2025-12-05 10:02:49.751390,ProjectA,eu-west-1,S3,140.52175686597477,3.23200040791742,0.016722089067050996
2025-12-05 10:02:49.751390,ProjectA,eu-west-1,DataTransfer,514.3489586682416,10.286979173364832,0.01224150521630415
2025-12-05 10:02:49.751390,ProjectB,eu-west-1,EC2,93.42360253886496,9.342360253886495,1.1117408702124931
2025-12-05 10:02:49.751390,ProjectB,eu-west-1,RDS,49.36917053057591,7.405375579586385,0.88123969397078
2025-12-05 10:02:49.751390,ProjectB,eu-west-1,S3,152.9442317324317,3.517717329845929,0.01820036357615937
2025-12-05 10:02:49.751390,ProjectB,ap-southeast-1,DataTransfer,358.4465122505547,7.168930245011094,0.015054753514523298
2025-12-05 10:02:49.751390,ProjectC,ap-southeast-1,EC2,83.35848930655774,8.335848930655775,1.7505282754377127
2025-12-05 10:02:49.751390,ProjectC,ap-southeast-1,RDS,43.76186955540237,6.564280433310356,1.3784988909951748
2025-12-05 10:02:49.751390,ProjectC,eu-west-1,S3,142.025434404952,3.266584991313896,0.016901026694189285
2025-12-05 10:02:49.751390,ProjectC,eu-west-1,DataTransfer,374.893351803594,7.49786703607188,0.008922461772925537
2025-12-05 10:02:49.751390,ProjectD,us-east-1,EC2,103.43379811533676,10.343379811533676,2.1462513108932377
2025-12-05 10:02:49.751390,ProjectD,eu-west-1,RDS,51.2620382998023,7.689305744970344,0.9150273836514711
2025-12-05 10:02:49.751390,ProjectD,eu-west-1,S3,146.65660179176172,3.37310184121052,0.017452135613219642
2025-12-05 10:02:49.751390,ProjectD,ap-southeast-1,DataTransfer,506.35261072784607,10.127052214556922,0.021266809650569533
2025-12-06 10:02:49.751390,ProjectA,eu-west-1,EC2,96.83198800689868,9.683198800689867,1.1523006572820944
2025-12-06 10:02:49.751390,ProjectA,ap-southeast-1,RDS,49.05369128910091,7.358053693365136,1.5451912756066786
2025-12-06 10:02:49.751390,ProjectA,us-east-1,S3,172.71787289082965,3.972511076489082,0.03583895862484715
2025-12-06 10:02:49.751390,ProjectA,eu-west-1,DataTransfer,404.5937885054549,8.091875770109098,0.009629332166429827
2025-12-06 10:02:49.751390,ProjectB,eu-west-1,EC2,92.77851585570816,9.277851585570817,1.104064338682927
2025-12-06 10:02:49.751390,ProjectB,us-east-1,RDS,50.00605937709303,7.500908906563954,1.5564385981120206
2025-12-06 10:02:49.751390,ProjectB,us-east-1,S3,169.497000954496,3.898431021953408,0.03517062769805791
2025-12-06 10:02:49.751390,ProjectB,ap-southeast-1,DataTransfer,493.7783944846453,9.875567889692906,0.020738692568355102
2025-12-06 10:02:49.751390,ProjectC,eu-west-1,EC2,74.68317189823556,7.468317189823556,0.8887297455890031
2025-12-06 10:02:49.751390,ProjectC,us-east-1,RDS,42.86894278001779,6.430341417002668,1.3342958440280537
2025-12-06 10:02:49.751390,ProjectC,us-east-1,S3,183.70301793242092,4.225169412445681,0.038118376220977336
2025-12-06 10:02:49.751390,ProjectC,eu-west-1,DataTransfer,421.244329594148,8.424886591882961,0.010025615044340722
2025-12-06 10:02:49.751390,ProjectD,ap-southeast-1,EC2,87.33076965798762,8.733076965798762,1.83394616281774
2025-12-06 10:02:49.751390,ProjectD,ap-southeast-1,RDS,41.95431438768536,6.293147158152803,1.3215609032120887
2025-12-06 10:02:49.751390,ProjectD,eu-west-1,S3,145.5972201272934,3.3487360629277485,0.017326069195147918
2025-12-06 10:02:49.751390,ProjectD,us-east-1,DataTransfer,412.9313114466751,8.258626228933501,0.017136649425037016
2025-12-07 10:02:49.751390,ProjectA,ap-southeast-1,EC2,93.45520197024138,9.345520197024138,1.962559241375069
2025-12-07 10:02:49.751390,ProjectA,eu-west-1,RDS,38.02724924079745,5.7040873861196175,0.6787863989482344
2025-12-07 10:02:49.751390,ProjectA,eu-west-1,S3,165.2571091545805,3.8009135105553513,0.019665595989395077
2025-12-07 10:02:49.751390,ProjectA,us-east-1,DataTransfer,431.18962104169583,8.623792420833917,0.017894369273230376
2025-12-07 10:02:49.751390,ProjectB,us-east-1,EC2,76.24479321775009,7.624479321775009,1.5820794592683143
2025-12-07 10:02:49.751390,ProjectB,ap-southeast-1,RDS,44.20068706069627,6.63010305910444,1.3923216424119322
2025-12-07 10:02:49.751390,ProjectB,ap-southeast-1,S3,160.13594688099073,3.683126778262787,0.03362854884500805
2025-12-07 10:02:49.751390,ProjectB,eu-west-1,DataTransfer,527.0604863871531,10.541209727743064,0.012544039576014245
2025-12-07 10:02:49.751390,ProjectC,us-east-1,EC2,82.61626279069966,8.261626279069967,1.7142874529070176
2025-12-07 10:02:49.751390,ProjectC,us-east-1,RDS,39.26824481844854,5.8902367227672805,1.2222241199742105
2025-12-07 10:02:49.751390,ProjectC,us-east-1,S3,162.8800390519788,3.746240898195512,0.033797608103285595
2025-12-07 10:02:49.751390,ProjectC,us-east-1,DataTransfer,491.26305899834057,9.825261179966812,0.020387416948431134
2025-12-07 10:02:49.751390,ProjectD,eu-west-1,EC2,84.87135543681605,8.487135543681605,1.009969129698111
2025-12-07 10:02:49.751390,ProjectD,us-east-1,RDS,49.65684025671275,7.448526038506912,1.5455691529901843
2025-12-07 10:02:49.751390,ProjectD,eu-west-1,S3,187.19006912585385,4.305371589894639,0.022275618225976606
2025-12-07 10:02:49.751390,ProjectD,us-east-1,DataTransfer,425.6255611003677,8.512511222007355,0.01766346078566526
2025-12-08 10:02:49.751390,ProjectA,eu-west-1,EC2,79.56450562850841,7.956450562850842,0.9468176169792502
2025-12-08 10:02:49.751390,ProjectA,eu-west-1,RDS,48.96166716958774,7.344250075438161,0.8739657589771411
2025-12-08 10:02:49.751390,ProjectA,us-east-1,S3,142.864879980066,3.285892239541518,0.029644462595863695
2025-12-08 10:02:49.751390,ProjectA,ap-southeast-1,DataTransfer,486.7757160964197,9.735514321928395,0.02044458007604963
2025-12-08 10:02:49.751390,ProjectB,eu-west-1,EC2,100.68154409452605,10.068154409452603,1.19811037472486
2025-12-08 10:02:49.751390,ProjectB,us-east-1,RDS,37.15522447685888,5.5732836715288325,1.1564563618422328
2025-12-08 10:02:49.751390,ProjectB,us-east-1,S3,180.63121736818616,4.154517999468282,0.037480977603898624
2025-12-08 10:02:49.751390,ProjectB,us-east-1,DataTransfer,407.34507424393337,8.146901484878667,0.016904820581123237
2025-12-08 10:02:49.751390,ProjectC,eu-west-1,EC2,100.3630285970336,10.03630285970336,1.1943200403046998
2025-12-08 10:02:49.751390,ProjectC,ap-southeast-1,RDS,42.311698515915936,6.34675477738739,1.332818503251352
2025-12-08 10:02:49.751390,ProjectC,ap-southeast-1,S3,203.1239334251021,4.6718504687773486,0.04265602601927144
2025-12-08 10:02:49.751390,ProjectC,eu-west-1,DataTransfer,371.1110162876966,7.4222203257539325,0.008832442187647178
2025-12-08 10:02:49.751390,ProjectD,us-east-1,EC2,96.32767205021284,9.632767205021285,1.9987991950419164
2025-12-08 10:02:49.751390,ProjectD,eu-west-1,RDS,36.71389209101401,5.507083813652101,0.6553429738246
2025-12-08 10:02:49.751390,ProjectD,us-east-1,S3,144.58298520967682,3.3254086598225667,0.03000096943100794
2025-12-08 10:02:49.751390,ProjectD,eu-west-1,DataTransfer,502.8461660090115,10.05692332018023,0.011967738751014473
2025-12-09 10:02:49.751390,ProjectA,ap-southeast-1,EC2,73.25266986008242,7.325266986008242,1.5383060670617308
2025-12-09 10:02:49.751390,ProjectA,ap-southeast-1,RDS,48.26670682189113,7.240006023283668,1.5204012648895704
2025-12-09 10:02:49.751390,ProjectA,us-east-1,S3,209.07929523138608,4.80882379032188,0.04338395376051261
2025-12-09 10:02:49.751390,ProjectA,us-east-1,DataTransfer,384.51449033257967,7.6902898066515935,0.015957351348802058
2025-12-09 10:02:49.751390,ProjectB,ap-southeast-1,EC2,73.43086545431626,7.343086545431626,1.5420481745406416
2025-12-09 10:02:49.751390,ProjectB,eu-west-1,RDS,38.60102262366585,5.790153393549877,0.6890282538324354
2025-12-09 10:02:49.751390,ProjectB,ap-southeast-1,S3,186.92169407588207,4.299198963745288,0.039253555755935234
2025-12-09 10:02:49.751390,ProjectB,ap-southeast-1,DataTransfer,362.53119904791697,7.2506239809583395,0.015226310360012511
2025-12-09 10:02:49.751390,ProjectC,us-east-1,EC2,72.6180535354841,7.26180535354841,1.506824610861295
2025-12-09 10:02:49.751390,ProjectC,eu-west-1,RDS,46.61411889308656,6.992117833962984,0.8320620222415951
2025-12-09 10:02:49.751390,ProjectC,ap-southeast-1,S3,166.8486479355387,3.8375189025173904,0.03503821606646313
2025-12-09 10:02:49.751390,ProjectC,us-east-1,DataTransfer,357.0295963590854,7.140591927181709,0.014816728248902044
2025-12-09 10:02:49.751390,ProjectD,ap-southeast-1,EC2,98.66378414527132,9.866378414527134,2.071939467050698
2025-12-09 10:02:49.751390,ProjectD,eu-west-1,RDS,37.51948662332541,5.627922993498812,0.6697228362263586
2025-12-09 10:02:49.751390,ProjectD,eu-west-1,S3,178.25864501905002,4.09994883543815,0.021212778757266952
2025-12-09 10:02:49.751390,ProjectD,ap-southeast-1,DataTransfer,366.7466007248244,7.334932014496488,0.015403357230442628
2025-12-10 10:02:49.751390,ProjectA,ap-southeast-1,EC2,83.64817926005117,8.364817926005117,1.7566117644610744
2025-12-10 10:02:49.751390,ProjectA,eu-west-1,RDS,43.87613828335194,6.581420742502791,0.7831890683578321
2025-12-10 10:02:49.751390,ProjectA,us-east-1,S3,162.53979311682366,3.738415241686944,0.03372700707174091
2025-12-10 10:02:49.751390,ProjectA,eu-west-1,DataTransfer,365.1168215404339,7.302336430808678,0.008689780352662328
2025-12-10 10:02:49.751390,ProjectB,ap-southeast-1,EC2,77.20630134478222,7.720630134478222,1.6213323282404266
2025-12-10 10:02:49.751390,ProjectB,eu-west-1,RDS,39.285288005799245,5.892793200869886,0.7012423909035166
2025-12-10 10:02:49.751390,ProjectB,ap-southeast-1,S3,187.52827646040612,4.313150358589342,0.039380938056685286
2025-12-10 10:02:49.751390,ProjectB,us-east-1,DataTransfer,395.3925895356389,7.907851790712778,0.016408792465729013
2025-12-10 10:02:49.751390,ProjectC,us-east-1,EC2,74.3507824301435,7.43507824301435,1.5427787354254776
2025-12-10 10:02:49.751390,ProjectC,us-east-1,RDS,38.05961454366478,5.708942181549717,1.1846055026715663
2025-12-10 10:02:49.751390,ProjectC,ap-southeast-1,S3,143.32784920415332,3.2965405316955265,0.030098848332872196
2025-12-10 10:02:49.751390,ProjectC,eu-west-1,DataTransfer,531.830246502722,10.63660493005444,0.012657559866764784
2025-12-10 10:02:49.751390,ProjectD,eu-west-1,EC2,105.57650788705084,10.557650788705084,1.2563604438559048
2025-12-10 10:02:49.751390,ProjectD,us-east-1,RDS,40.7907880876444,6.118618213146659,1.269613279227932
2025-12-10 10:02:49.751390,ProjectD,eu-west-1,S3,171.608802079293,3.9470024478237375,0.02042144744743587
2025-12-10 10:02:49.751390,ProjectD,ap-southeast-1,DataTransfer,443.4036055718664,8.868072111437328,0.01862295143401839
2025-12-11 10:02:49.751390,ProjectA,ap-southeast-1,EC2,107.66366322090464,10.766366322090466,2.2609369276389972
2025-12-11 10:02:49.751390,ProjectA,ap-southeast-1,RDS,48.3618898935005,7.254283484025075,1.5233995316452658
2025-12-11 10:02:49.751390,ProjectA,ap-southeast-1,S3,179.19002499200474,4.121370574816109,0.037629905248320994
2025-12-11 10:02:49.751390,ProjectA,eu-west-1,DataTransfer,396.5573537009264,7.931147074018528,0.009438065018082049
2025-12-11 10:02:49.751390,ProjectB,us-east-1,EC2,75.6318411848937,7.563184118489371,1.5693607045865443
2025-12-11 10:02:49.751390,ProjectB,us-east-1,RDS,45.87019953650288,6.880529930475431,1.427709960573652
2025-12-11 10:02:49.751390,ProjectB,us-east-1,S3,163.10892590578368,3.7515052958330246,0.03384510212545011
2025-12-11 10:02:49.751390,ProjectB,us-east-1,DataTransfer,414.0393374744575,8.280786749489149,0.017182632505189987
2025-12-11 10:02:49.751390,ProjectC,ap-southeast-1,EC2,93.81261176422966,9.381261176422964,1.9700648470488227
2025-12-11 10:02:49.751390,ProjectC,us-east-1,RDS,53.43710892904039,8.015566339356058,1.6632300154163822
2025-12-11 10:02:49.751390,ProjectC,ap-southeast-1,S3,146.0412080480989,3.3589477851062743,0.030668653690100765
2025-12-11 10:02:49.751390,ProjectC,us-east-1,DataTransfer,520.3298988376765,10.406597976753533,0.021593690801763578
2025-12-11 10:02:49.751390,ProjectD,ap-southeast-1,EC2,101.51215562338776,10.151215562338775,2.1317552680911427
2025-12-11 10:02:49.751390,ProjectD,ap-southeast-1,RDS,41.80103971290482,6.270155956935724,1.3167327509565017
2025-12-11 10:02:49.751390,ProjectD,ap-southeast-1,S3,148.41754808218963,3.413603605890361,0.03116768509725982
2025-12-11 10:02:49.751390,ProjectD,eu-west-1,DataTransfer,536.2022844201214,10.724045688402429,0.01276161436919889
2025-12-12 10:02:49.751390,ProjectA,ap-southeast-1,EC2,76.17615233808131,7.617615233808131,1.5996991990997074
2025-12-12 10:02:49.751390,ProjectA,ap-southeast-1,RDS,53.897662546806544,8.08464938202098,1.697776370224406
2025-12-12 10:02:49.751390,ProjectA,us-east-1,S3,148.65194891461246,3.418994825036086,0.030845279399782086
2025-12-12 10:02:49.751390,ProjectA,us-east-1,DataTransfer,382.7408841854695,7.65481768370939,0.015883746693696986
2025-12-12 10:02:49.751390,ProjectB,ap-southeast-1,EC2,81.29454283914339,8.12945428391434,1.707185399622011
2025-12-12 10:02:49.751390,ProjectB,us-east-1,RDS,51.36366067756023,7.704549101634035,1.5986939385890622
2025-12-12 10:02:49.751390,ProjectB,eu-west-1,S3,193.43017537084208,4.448894033529368,0.023018190869130206
2025-12-12 10:02:49.751390,ProjectB,us-east-1,DataTransfer,387.9754441702757,7.759508883405514,0.016100980933066444
2025-12-12 10:02:49.751390,ProjectC,ap-southeast-1,EC2,78.174154112048,7.8174154112048,1.6416572363530078
2025-12-12 10:02:49.751390,ProjectC,us-east-1,RDS,42.36439723770168,6.354659585655252,1.3185918640234648
2025-12-12 10:02:49.751390,ProjectC,ap-southeast-1,S3,187.97547614878263,4.3234359514220015,0.03947484999124435
2025-12-12 10:02:49.751390,ProjectC,us-east-1,DataTransfer,388.19538746095367,7.763907749219073,0.016110108579629575
2025-12-12 10:02:49.751390,ProjectD,us-east-1,EC2,83.32604866263753,8.332604866263754,1.7290155097497288
2025-12-12 10:02:49.751390,ProjectD,us-east-1,RDS,49.00783077518616,7.351174616277923,1.525368732877669
2025-12-12 10:02:49.751390,ProjectD,us-east-1,S3,207.5504557237665,4.77366048164663,0.04306671956268155
2025-12-12 10:02:49.751390,ProjectD,ap-southeast-1,DataTransfer,414.2882255890804,8.285764511781608,0.01740010547474138
2025-12-13 10:02:49.751390,ProjectA,ap-southeast-1,EC2,96.66055611605512,9.666055611605517,2.0298716784371575
2025-12-13 10:02:49.751390,ProjectA,ap-southeast-1,RDS,53.96541575838292,8.094812363757438,1.699910596389062
2025-12-13 10:02:49.751390,ProjectA,ap-southeast-1,S3,145.79678037374845,3.3533259485962144,0.03061732387848717
2025-12-13 10:02:49.751390,ProjectA,eu-west-1,DataTransfer,373.4239773344701,7.468479546689402,0.008887490660560389
2025-12-13 10:02:49.751390,ProjectB,eu-west-1,EC2,86.6586586175677,8.66586586175677,1.0312380375490555
2025-12-13 10:02:49.751390,ProjectB,ap-southeast-1,RDS,50.95782661266602,7.643673991899902,1.6051715382989795
2025-12-13 10:02:49.751390,ProjectB,us-east-1,S3,190.13668155585236,4.373143675784604,0.03945336142283937
2025-12-13 10:02:49.751390,ProjectB,eu-west-1,DataTransfer,411.6219716776437,8.232439433552875,0.009796602925927921
2025-12-13 10:02:49.751390,ProjectC,us-east-1,EC2,81.3935543304091,8.13935543304091,1.6889162523559886
2025-12-13 10:02:49.751390,ProjectC,ap-southeast-1,RDS,53.096823459012526,7.964523518851879,1.6725499389588947
2025-12-13 10:02:49.751390,ProjectC,ap-southeast-1,S3,206.96096475720503,4.760102189415717,0.043461802599013055
2025-12-13 10:02:49.751390,ProjectC,eu-west-1,DataTransfer,367.27826577548257,7.345565315509652,0.008741222725456485
2025-12-13 10:02:49.751390,ProjectD,eu-west-1,EC2,80.85347774175175,8.085347774175174,0.9621563851268456
2025-12-13 10:02:49.751390,ProjectD,eu-west-1,RDS,40.78603696380981,6.117905544571472,0.7280307598040051
2025-12-13 10:02:49.751390,ProjectD,us-east-1,S3,210.44623719127483,4.840263455399321,0.04366759421718953
2025-12-13 10:02:49.751390,ProjectD,ap-southeast-1,DataTransfer,424.15184644475073,8.483036928895014,0.017814377550679533
2025-12-14 10:02:49.751390,ProjectA,eu-west-1,EC2,88.84284685324657,8.884284685324657,1.0572298775536342
2025-12-14 10:02:49.751390,ProjectA,ap-southeast-1,RDS,46.25422835127261,6.938134252690891,1.457008193065087
2025-12-14 10:02:49.751390,ProjectA,ap-southeast-1,S3,197.7826906179534,4.549001884212928,0.04153436502977021
2025-12-14 10:02:49.751390,ProjectA,ap-southeast-1,DataTransfer,426.5852292032132,8.531704584064265,0.017916579626534954
2025-12-14 10:02:49.751390,ProjectB,eu-west-1,EC2,77.76681870804961,7.776681870804961,0.9254251426257903
2025-12-14 10:02:49.751390,ProjectB,ap-southeast-1,RDS,43.93317683758601,6.589976525637901,1.3838950703839592
2025-12-14 10:02:49.751390,ProjectB,eu-west-1,S3,176.4620032101117,4.058626073832569,0.02099897838200329
2025-12-14 10:02:49.751390,ProjectB,ap-southeast-1,DataTransfer,500.409108746872,10.00818217493744,0.021017182567368623
2025-12-14 10:02:49.751390,ProjectC,ap-southeast-1,EC2,85.49312263897494,8.549312263897495,1.7953555754184738
2025-12-14 10:02:49.751390,ProjectC,ap-southeast-1,RDS,48.09321717030721,7.213982575546082,1.514936340864677
2025-12-14 10:02:49.751390,ProjectC,us-east-1,S3,158.08430647035422,3.635939048818147,0.03280249359259849
2025-12-14 10:02:49.751390,ProjectC,eu-west-1,DataTransfer,483.8014174920261,9.676028349840522,0.01151447373631022
2025-12-14 10:02:49.751390,ProjectD,us-east-1,EC2,98.12516870661524,9.812516870661524,2.036097250662266
2025-12-14 10:02:49.751390,ProjectD,us-east-1,RDS,47.867427952538826,7.180114192880824,1.489873695022771
2025-12-14 10:02:49.751390,ProjectD,eu-west-1,S3,172.94800784052097,3.977804180331982,0.020580812933021993
2025-12-14 10:02:49.751390,ProjectD,ap-southeast-1,DataTransfer,462.1102568028761,9.24220513605752,0.019408630785720797
2025-12-15 10:02:49.751390,ProjectA,ap-southeast-1,EC2,74.30245880477206,7.430245880477206,1.5603516349002131
2025-12-15 10:02:49.751390,ProjectA,ap-southeast-1,RDS,46.17279040725119,6.925918561087679,1.4544428978284125
2025-12-15 10:02:49.751390,ProjectA,us-east-1,S3,180.09989279102092,4.142297534193481,0.03737072775413684
2025-12-15 10:02:49.751390,ProjectA,ap-southeast-1,DataTransfer,382.0976865744036,7.641953731488071,0.016048102836124952
2025-12-15 10:02:49.751390,ProjectB,ap-southeast-1,EC2,79.04405927939456,7.904405927939456,1.6599252448672857
2025-12-15 10:02:49.751390,ProjectB,ap-southeast-1,RDS,38.03158582222402,5.704737873333603,1.1979949534000565
2025-12-15 10:02:49.751390,ProjectB,eu-west-1,S3,197.8161120009696,4.549770576022301,0.02354011732811538
2025-12-15 10:02:49.751390,ProjectB,us-east-1,DataTransfer,493.7108962248652,9.874217924497303,0.020489002193331905
2025-12-15 10:02:49.751390,ProjectC,us-east-1,EC2,77.73866692265138,7.773866692265138,1.613077338645016
2025-12-15 10:02:49.751390,ProjectC,eu-west-1,RDS,43.7151954294681,6.557279314420216,0.7803162384160056
2025-12-15 10:02:49.751390,ProjectC,us-east-1,S3,162.5542253653583,3.7387471834032406,0.03373000176331185
2025-12-15 10:02:49.751390,ProjectC,ap-southeast-1,DataTransfer,545.1598320735203,10.903196641470409,0.022896712947087856
2025-12-15 10:02:49.751390,ProjectD,us-east-1,EC2,78.16412577565752,7.816412577565753,1.6219056098448934
2025-12-15 10:02:49.751390,ProjectD,eu-west-1,RDS,49.90299145551111,7.485448718326666,0.8907683974808733
2025-12-15 10:02:49.751390,ProjectD,ap-southeast-1,S3,217.0367703853139,4.99184571886222,0.04557772178091592
2025-12-15 10:02:49.751390,ProjectD,us-east-1,DataTransfer,453.4194895123892,9.068389790247783,0.018816908814764152
2025-12-16 10:02:49.751390,ProjectA,eu-west-1,EC2,107.91880545220651,10.791880545220652,1.2842337848812573
2025-12-16 10:02:49.751390,ProjectA,eu-west-1,RDS,54.21076700059392,8.131615050089087,0.9676621909606015
2025-12-16 10:02:49.751390,ProjectA,ap-southeast-1,S3,199.57137089705333,4.590141530632226,0.0419099878883812
2025-12-16 10:02:49.751390,ProjectA,eu-west-1,DataTransfer,418.4584693612614,8.369169387225227,0.009959311570798022
2025-12-16 10:02:49.751390,ProjectB,ap-southeast-1,EC2,102.091338936615,10.209133893661502,2.1439181176689153
2025-12-16 10:02:49.751390,ProjectB,ap-southeast-1,RDS,47.67786917352758,7.151680376029137,1.5018528789661187
2025-12-16 10:02:49.751390,ProjectB,eu-west-1,S3,164.97361482911776,3.7943931410697087,0.019631860164665012
2025-12-16 10:02:49.751390,ProjectB,ap-southeast-1,DataTransfer,467.3461717878101,9.346923435756205,0.019628539215088024
2025-12-16 10:02:49.751390,ProjectC,ap-southeast-1,EC2,84.97751903439381,8.497751903439381,1.78452789972227
2025-12-16 10:02:49.751390,ProjectC,eu-west-1,RDS,47.38135435760051,7.107203153640076,0.8457571752831691
2025-12-16 10:02:49.751390,ProjectC,us-east-1,S3,177.47944634169562,4.082027265858999,0.03682698511590184
2025-12-16 10:02:49.751390,ProjectC,ap-southeast-1,DataTransfer,532.836842936372,10.65673685872744,0.022379147403327627
2025-12-16 10:02:49.751390,ProjectD,ap-southeast-1,EC2,87.82831609659286,8.782831609659286,1.8443946380284502
2025-12-16 10:02:49.751390,ProjectD,eu-west-1,RDS,37.07811412733948,5.561717119100922,0.6618443371730096
2025-12-16 10:02:49.751390,ProjectD,us-east-1,S3,197.7378635432858,4.547970861495574,0.041030606685231806
2025-12-16 10:02:49.751390,ProjectD,us-east-1,DataTransfer,388.2519352545905,7.7650387050918095,0.016112455313065505
2025-12-17 10:02:49.751390,ProjectA,eu-west-1,EC2,86.47725039454787,8.647725039454787,1.0290792796951194
2025-12-17 10:02:49.751390,ProjectA,eu-west-1,RDS,45.84209586171737,6.876314379257605,0.818281411131655
2025-12-17 10:02:49.751390,ProjectA,us-east-1,S3,221.6554134686068,5.098074509777956,0.04599349829473591
2025-12-17 10:02:49.751390,ProjectA,us-east-1,DataTransfer,431.459184866924,8.629183697338481,0.017905556171977345
2025-12-17 10:02:49.751390,ProjectB,us-east-1,EC2,93.97017327892362,9.397017327892362,1.9498810955376653
2025-12-17 10:02:49.751390,ProjectB,us-east-1,RDS,44.5173026593555,6.677595398903325,1.3856010452724399
2025-12-17 10:02:49.751390,ProjectB,us-east-1,S3,191.69467207464035,4.408977457716728,0.03977664445548787
2025-12-17 10:02:49.751390,ProjectB,us-east-1,DataTransfer,489.038707232186,9.78077414464372,0.02029510635013572
2025-12-17 10:02:49.751390,ProjectC,ap-southeast-1,EC2,90.6221100234913,9.06221100234913,1.9030643104933174
2025-12-17 10:02:49.751390,ProjectC,us-east-1,RDS,40.06166267124578,6.009249400686867,1.2469192506425246
2025-12-17 10:02:49.751390,ProjectC,us-east-1,S3,206.69289360741604,4.753936552970568,0.042888775423538826
2025-12-17 10:02:49.751390,ProjectC,ap-southeast-1,DataTransfer,515.704085284284,10.31408170568568,0.02165957158193993
2025-12-17 10:02:49.751390,ProjectD,ap-southeast-1,EC2,75.94436534743106,7.594436534743107,1.594831672296052
2025-12-17 10:02:49.751390,ProjectD,ap-southeast-1,RDS,54.0491267280349,8.107369009205234,1.7025474919330992
2025-12-17 10:02:49.751390,ProjectD,us-east-1,S3,162.02653729446612,3.7266103577727208,0.033620506488601716
2025-12-17 10:02:49.751390,ProjectD,us-east-1,DataTransfer,486.8213288930263,9.736426577860524,0.020203085149060593
2025-12-18 10:02:49.751390,ProjectA,ap-southeast-1,EC2,99.6666957356148,9.966669573561482,2.0930006104479104
2025-12-18 10:02:49.751390,ProjectA,us-east-1,RDS,48.81965037757466,7.322947556636199,1.5195116180020112
2025-12-18 10:02:49.751390,ProjectA,ap-southeast-1,S3,220.20813031908088,5.06478699733886,0.04624370736700698
2025-12-18 10:02:49.751390,ProjectA,us-east-1,DataTransfer,517.3301899443003,10.346603798886006,0.02146920288268846
2025-12-18 10:02:49.751390,ProjectB,us-east-1,EC2,109.99264697404644,10.999264697404646,2.2823474247114635
2025-12-18 10:02:49.751390,ProjectB,ap-southeast-1,RDS,48.6840001264724,7.3026000189708595,1.5335460039838804
2025-12-18 10:02:49.751390,ProjectB,ap-southeast-1,S3,198.3386661240645,4.561789320853483,0.04165111988605354
2025-12-18 10:02:49.751390,ProjectB,eu-west-1,DataTransfer,492.7882887726586,9.855765775453172,0.011728361272789275
2025-12-18 10:02:49.751390,ProjectC,ap-southeast-1,EC2,105.63323572253074,10.563323572253076,2.2182979501731452
2025-12-18 10:02:49.751390,ProjectC,ap-southeast-1,RDS,39.74103709713671,5.9611555645705065,1.2518426685598063
2025-12-18 10:02:49.751390,ProjectC,eu-west-1,S3,206.0547112590158,4.739258358957363,0.024520510639822878
2025-12-18 10:02:49.751390,ProjectC,us-east-1,DataTransfer,448.38040801597066,8.967608160319413,0.01860778693266278
2025-12-18 10:02:49.751390,ProjectD,ap-southeast-1,EC2,108.92444335751892,10.892444335751891,2.287413310507897
2025-12-18 10:02:49.751390,ProjectD,us-east-1,RDS,48.50752936138501,7.276129404207751,1.5097968513731084
2025-12-18 10:02:49.751390,ProjectD,us-east-1,S3,155.43429825164012,3.574988859787722,0.03225261688721533
2025-12-18 10:02:49.751390,ProjectD,ap-southeast-1,DataTransfer,377.4485819549993,7.548971639099987,0.015852840442109974
2025-12-19 10:02:49.751390,ProjectA,eu-west-1,EC2,95.62317808440773,9.562317808440772,1.1379158192044518
2025-12-19 10:02:49.751390,ProjectA,us-east-1,RDS,49.812108682108565,7.4718163023162845,1.5504018827306292
2025-12-19 10:02:49.751390,ProjectA,us-east-1,S3,210.95645417418865,4.851998446006339,0.043773464241144144
2025-12-19 10:02:49.751390,ProjectA,ap-southeast-1,DataTransfer,541.2192907892635,10.82438581578527,0.022731210213149066
2025-12-19 10:02:49.751390,ProjectB,eu-west-1,EC2,110.66543233067723,11.066543233067726,1.316918644735059
2025-12-19 10:02:49.751390,ProjectB,us-east-1,RDS,40.20416915834422,6.030625373751633,1.251354765053464
2025-12-19 10:02:49.751390,ProjectB,us-east-1,S3,212.20467523013903,4.880707530293198,0.044032470110253845
2025-12-19 10:02:49.751390,ProjectB,us-east-1,DataTransfer,488.2152154877363,9.764304309754726,0.020260931442741055
2025-12-19 10:02:49.751390,ProjectC,ap-southeast-1,EC2,78.87197133240204,7.887197133240204,1.656311397980443
2025-12-19 10:02:49.751390,ProjectC,eu-west-1,RDS,41.79138806655786,6.268708209983679,0.7459762769880577
2025-12-19 10:02:49.751390,ProjectC,eu-west-1,S3,166.8418158174527,3.837361763801412,0.01985417608227687
2025-12-19 10:02:49.751390,ProjectC,ap-southeast-1,DataTransfer,559.9294891676133,11.198589783352263,0.023517038545039757
2025-12-19 10:02:49.751390,ProjectD,ap-southeast-1,EC2,105.11320318450524,10.511320318450524,2.20737726687461
2025-12-19 10:02:49.751390,ProjectD,ap-southeast-1,RDS,48.917258814288566,7.337588822143284,1.5408936526500898
2025-12-19 10:02:49.751390,ProjectD,eu-west-1,S3,179.13264418932994,4.120050816354588,0.021316784658530263
2025-12-19 10:02:49.751390,ProjectD,us-east-1,DataTransfer,443.0293778276708,8.860587556553416,0.01838571917984834
2025-12-20 10:02:49.751390,ProjectA,ap-southeast-1,EC2,86.36120839908702,8.636120839908703,1.8135853763808274
2025-12-20 10:02:49.751390,ProjectA,eu-west-1,RDS,48.70861263346881,7.306291895020321,0.8694487355074182
2025-12-20 10:02:49.751390,ProjectA,us-east-1,S3,183.10312979561797,4.211371985299213,0.037993899432590725
2025-12-20 10:02:49.751390,ProjectA,ap-southeast-1,DataTransfer,524.7766476043386,10.495532952086773,0.02204061919938222
2025-12-20 10:02:49.751390,ProjectB,ap-southeast-1,EC2,107.72873283142334,10.772873283142337,2.2623033894598903
2025-12-20 10:02:49.751390,ProjectB,us-east-1,RDS,55.28617745044356,8.292926617566534,1.7207822731450557
2025-12-20 10:02:49.751390,ProjectB,us-east-1,S3,225.651445158112,5.189983238636576,0.04682267487030824
2025-12-20 10:02:49.751390,ProjectB,eu-west-1,DataTransfer,494.45868494976656,9.889173698995332,0.011768116701804445
2025-12-20 10:02:49.751390,ProjectC,ap-southeast-1,EC2,99.51204354720004,9.951204354720003,2.089752914491201
2025-12-20 10:02:49.751390,ProjectC,us-east-1,RDS,39.16097138218795,5.874145707328193,1.2188852342706
2025-12-20 10:02:49.751390,ProjectC,ap-southeast-1,S3,177.9212757734475,4.092189342789292,0.037363467912423974
2025-12-20 10:02:49.751390,ProjectC,us-east-1,DataTransfer,529.1000459886787,10.582000919773575,0.021957651908530166
2025-12-20 10:02:49.751390,ProjectD,ap-southeast-1,EC2,77.36165478439189,7.736165478439189,1.6245947504722296
2025-12-20 10:02:49.751390,ProjectD,eu-west-1,RDS,52.76596509747493,7.914894764621239,0.9418724769899276
2025-12-20 10:02:49.751390,ProjectD,us-east-1,S3,184.7040319526906,4.248192734911884,0.0383260866301833
2025-12-20 10:02:49.751390,ProjectD,eu-west-1,DataTransfer,484.6120911419708,9.692241822839415,0.011533767769178905
2025-12-21 10:02:49.751390,ProjectA,us-east-1,EC2,79.16738847464595,7.916738847464595,1.6427233108489034
2025-12-21 10:02:49.751390,ProjectA,us-east-1,RDS,39.9931448847267,5.9989717327090055,1.2447866345371186
2025-12-21 10:02:49.751390,ProjectA,us-east-1,S3,183.92463795883336,4.230266673053167,0.03816436237645792
2025-12-21 10:02:49.751390,ProjectA,ap-southeast-1,DataTransfer,409.5725096718351,8.191450193436703,0.017202045406217076
2025-12-21 10:02:49.751390,ProjectB,ap-southeast-1,EC2,108.8060572939967,10.88060572939967,2.2849272031739307
2025-12-21 10:02:49.751390,ProjectB,ap-southeast-1,RDS,54.035767771810896,8.105365165771634,1.702126684812043
2025-12-21 10:02:49.751390,ProjectB,us-east-1,S3,181.13996824784635,4.166219269700466,0.03758654341142812
2025-12-21 10:02:49.751390,ProjectB,us-east-1,DataTransfer,455.09708298927706,9.101941659785542,0.018886528944054997
2025-12-21 10:02:49.751390,ProjectC,ap-southeast-1,EC2,85.70122686606439,8.570122686606439,1.799725764187352
2025-12-21 10:02:49.751390,ProjectC,us-east-1,RDS,46.27094615739238,6.940641923608857,1.4401831991488379
2025-12-21 10:02:49.751390,ProjectC,us-east-1,S3,172.43001162138182,3.965890267291782,0.03577922741143673
2025-12-21 10:02:49.751390,ProjectC,us-east-1,DataTransfer,564.6391395608017,11.292782791216034,0.023432524291773272
2025-12-21 10:02:49.751390,ProjectD,eu-west-1,EC2,80.9684936163119,8.096849361631191,0.9635250740341117
2025-12-21 10:02:49.751390,ProjectD,ap-southeast-1,RDS,53.52940503192012,8.029410754788017,1.686176258505484
2025-12-21 10:02:49.751390,ProjectD,eu-west-1,S3,168.1790634280435,3.868118458845,0.020013308547937172
2025-12-21 10:02:49.751390,ProjectD,eu-west-1,DataTransfer,492.9422247410622,9.858844494821245,0.01173202494883728
2025-12-22 10:02:49.751390,ProjectA,eu-west-1,EC2,84.19552693829641,8.419552693829642,1.001926770565727
2025-12-22 10:02:49.751390,ProjectA,eu-west-1,RDS,48.81531782110626,7.322297673165939,0.8713534231067467
2025-12-22 10:02:49.751390,ProjectA,ap-southeast-1,S3,155.905158078148,3.585818635797404,0.03274008319641108
2025-12-22 10:02:49.751390,ProjectA,ap-southeast-1,DataTransfer,471.7796834811885,9.43559366962377,0.019814746706209918
2025-12-22 10:02:49.751390,ProjectB,us-east-1,EC2,86.19043631586852,8.619043631586853,1.7884515535542715
2025-12-22 10:02:49.751390,ProjectB,us-east-1,RDS,54.00366139680349,8.100549209520524,1.6808639609755083
2025-12-22 10:02:49.751390,ProjectB,ap-southeast-1,S3,226.7540902463523,5.215344075666103,0.04761835895173398
2025-12-22 10:02:49.751390,ProjectB,ap-southeast-1,DataTransfer,438.0713307972544,8.761426615945087,0.018398995893484687
2025-12-22 10:02:49.751390,ProjectC,eu-west-1,EC2,93.93207669519424,9.393207669519423,1.1177917126728116
2025-12-22 10:02:49.751390,ProjectC,eu-west-1,RDS,48.02787136960491,7.204180705440736,0.8572975039474475
2025-12-22 10:02:49.751390,ProjectC,ap-southeast-1,S3,190.10395644401623,4.372390998212373,0.039921830853243405
2025-12-22 10:02:49.751390,ProjectC,us-east-1,DataTransfer,565.1561683913291,11.30312336782658,0.02345398098824016
2025-12-22 10:02:49.751390,ProjectD,eu-west-1,EC2,84.27975926454879,8.427975926454879,1.0029291352481307
2025-12-22 10:02:49.751390,ProjectD,ap-southeast-1,RDS,55.11346410965229,8.267019616447843,1.736074119454047
2025-12-22 10:02:49.751390,ProjectD,ap-southeast-1,S3,216.4126576366296,4.977491125642481,0.045446658103692215
2025-12-22 10:02:49.751390,ProjectD,eu-west-1,DataTransfer,469.82008170551416,9.396401634110283,0.011181717944591238
2025-12-23 10:02:49.751390,ProjectA,ap-southeast-1,EC2,96.56326070788334,9.656326070788335,2.0278284748655504
2025-12-23 10:02:49.751390,ProjectA,eu-west-1,RDS,39.10163312920092,5.865244969380138,0.6979641513562365
2025-12-23 10:02:49.751390,ProjectA,us-east-1,S3,171.43326405448306,3.9429650732531103,0.03557240229130523
2025-12-23 10:02:49.751390,ProjectA,eu-west-1,DataTransfer,573.0019579083603,11.460039158167206,0.013637446598218974
2025-12-23 10:02:49.751390,ProjectB,ap-southeast-1,EC2,82.00437124829347,8.200437124829348,1.7220917962141626
2025-12-23 10:02:49.751390,ProjectB,us-east-1,RDS,46.60637406261097,6.990956109391645,1.4506233926987664
2025-12-23 10:02:49.751390,ProjectB,ap-southeast-1,S3,209.519563935552,4.818949970517695,0.04399910842646591
2025-12-23 10:02:49.751390,ProjectB,eu-west-1,DataTransfer,422.5169492335975,8.45033898467195,0.01005590339175962
2025-12-23 10:02:49.751390,ProjectC,ap-southeast-1,EC2,114.55883938976444,11.455883938976443,2.405735627185053
2025-12-23 10:02:49.751390,ProjectC,eu-west-1,RDS,44.18792151559134,6.628188227338701,0.7887543990533054
2025-12-23 10:02:49.751390,ProjectC,eu-west-1,S3,189.05956951417008,4.348370098825912,0.022498088772186238
2025-12-23 10:02:49.751390,ProjectC,ap-southeast-1,DataTransfer,476.4905879252158,9.529811758504316,0.02001260469285906
2025-12-23 10:02:49.751390,ProjectD,us-east-1,EC2,113.17294675681052,11.317294675681053,2.3483386452038184
2025-12-23 10:02:49.751390,ProjectD,eu-west-1,RDS,44.38334280812419,6.657501421218629,0.7922426691250168
2025-12-23 10:02:49.751390,ProjectD,eu-west-1,S3,213.4663990492413,4.90972717813255,0.02540250148685971
2025-12-23 10:02:49.751390,ProjectD,ap-southeast-1,DataTransfer,471.6821242009678,9.433642484019355,0.019810649216440646
2025-12-24 10:02:49.751390,ProjectA,us-east-1,EC2,102.5478428765796,10.254784287657962,2.1278677396890266
2025-12-24 10:02:49.751390,ProjectA,ap-southeast-1,RDS,48.52181009227903,7.278271513841855,1.5284370179067897
2025-12-24 10:02:49.751390,ProjectA,ap-southeast-1,S3,209.3546196994988,4.815156253088471,0.04396447013689475
2025-12-24 10:02:49.751390,ProjectA,us-east-1,DataTransfer,576.6764554735096,11.533529109470193,0.023932072902150648
2025-12-24 10:02:49.751390,ProjectB,eu-west-1,EC2,102.79874405120852,10.279874405120854,1.2233050542093813
2025-12-24 10:02:49.751390,ProjectB,ap-southeast-1,RDS,47.543861991720256,7.131579298758038,1.497631652739188
2025-12-24 10:02:49.751390,ProjectB,ap-southeast-1,S3,160.70332671096028,3.696176514352087,0.03374769860930166
2025-12-24 10:02:49.751390,ProjectB,us-east-1,DataTransfer,440.2525839231094,8.805051678462188,0.01827048223280904
2025-12-24 10:02:49.751390,ProjectC,eu-west-1,EC2,83.99658167400946,8.399658167400947,0.9995593219207126
2025-12-24 10:02:49.751390,ProjectC,us-east-1,RDS,52.04411068287264,7.806616602430896,1.619872945004411
2025-12-24 10:02:49.751390,ProjectC,eu-west-1,S3,175.75818484426745,4.042438251418151,0.020915223996467825
2025-12-24 10:02:49.751390,ProjectC,ap-southeast-1,DataTransfer,509.049428305021,10.18098856610042,0.021380075988810882
2025-12-24 10:02:49.751390,ProjectD,eu-west-1,EC2,93.72566451518423,9.372566451518423,1.1153354077306923
2025-12-24 10:02:49.751390,ProjectD,us-east-1,RDS,55.15366693982645,8.273050040973967,1.716657883502098
2025-12-24 10:02:49.751390,ProjectD,ap-southeast-1,S3,202.11150507093933,4.648564616631605,0.04244341606489726
2025-12-24 10:02:49.751390,ProjectD,eu-west-1,DataTransfer,467.8035799044914,9.356071598089828,0.011133725201726896
2025-12-25 10:02:49.751390,ProjectA,ap-southeast-1,EC2,109.5496906350032,10.95496906350032,2.3005435033350676
2025-12-25 10:02:49.751390,ProjectA,ap-southeast-1,RDS,46.015652528687625,6.902347879303144,1.4494930546536602
2025-12-25 10:02:49.751390,ProjectA,us-east-1,S3,179.27037523345075,4.123218630369367,0.037198602860941024
2025-12-25 10:02:49.751390,ProjectA,ap-southeast-1,DataTransfer,511.6701570840691,10.233403141681382,0.0214901465975309
2025-12-25 10:02:49.751390,ProjectB,eu-west-1,EC2,113.471525470834,11.347152547083402,1.3503111531029246
2025-12-25 10:02:49.751390,ProjectB,eu-west-1,RDS,51.06163048660661,7.659244572990991,0.911450104185928
2025-12-25 10:02:49.751390,ProjectB,us-east-1,S3,188.27704131624984,4.330371950273746,0.03906748607312184
2025-12-25 10:02:49.751390,ProjectB,eu-west-1,DataTransfer,476.7697815361154,9.53539563072231,0.011347120800559546
2025-12-25 10:02:49.751390,ProjectC,ap-southeast-1,EC2,89.76943260174866,8.976943260174867,1.885158084636722
2025-12-25 10:02:49.751390,ProjectC,ap-southeast-1,RDS,53.62254228883623,8.043381343325434,1.6891100820983411
2025-12-25 10:02:49.751390,ProjectC,us-east-1,S3,160.22849442119417,3.685255371687466,0.03324741259239779
2025-12-25 10:02:49.751390,ProjectC,us-east-1,DataTransfer,549.3981506761323,10.987963013522648,0.022800023253059493
2025-12-25 10:02:49.751390,ProjectD,ap-southeast-1,EC2,104.95950120713285,10.495950120713283,2.20414952534979
2025-12-25 10:02:49.751390,ProjectD,eu-west-1,RDS,53.8888027091087,8.083320406366305,0.9619151283575902
2025-12-25 10:02:49.751390,ProjectD,ap-southeast-1,S3,180.84070363604351,4.159336183629001,0.03797654776356914
2025-12-25 10:02:49.751390,ProjectD,eu-west-1,DataTransfer,463.8111744511438,9.276223489022875,0.011038705951937223
2025-12-26 10:02:49.751390,ProjectA,eu-west-1,EC2,99.38008752531157,9.938008752531156,1.1826230415512076
2025-12-26 10:02:49.751390,ProjectA,us-east-1,RDS,42.34330052757211,6.351495079135817,1.317935228920682
2025-12-26 10:02:49.751390,ProjectA,eu-west-1,S3,197.9452185423196,4.55274002647335,0.02355548100653603
2025-12-26 10:02:49.751390,ProjectA,us-east-1,DataTransfer,468.1163967965283,9.362327935930566,0.019426830467055928
2025-12-26 10:02:49.751390,ProjectB,ap-southeast-1,EC2,89.15729122758081,8.915729122758082,1.8723031157791972
2025-12-26 10:02:49.751390,ProjectB,ap-southeast-1,RDS,49.81957017700495,7.472935526550742,1.5693164605756558
2025-12-26 10:02:49.751390,ProjectB,ap-southeast-1,S3,170.397190306804,3.919135377056492,0.03578340996442884
2025-12-26 10:02:49.751390,ProjectB,ap-southeast-1,DataTransfer,520.3182710738206,10.406365421476412,0.021853367385100467
2025-12-26 10:02:49.751390,ProjectC,ap-southeast-1,EC2,87.45335807154498,8.745335807154499,1.8365205195024445
2025-12-26 10:02:49.751390,ProjectC,eu-west-1,RDS,52.46912937941576,7.8703694069123635,0.9365739594225713
2025-12-26 10:02:49.751390,ProjectC,ap-southeast-1,S3,159.0652299157411,3.658500288062045,0.033403698282305626
2025-12-26 10:02:49.751390,ProjectC,eu-west-1,DataTransfer,559.7489035049193,11.194978070098388,0.01332202390341708
2025-12-26 10:02:49.751390,ProjectD,us-east-1,EC2,111.47048923003116,11.147048923003116,2.313012651523146
2025-12-26 10:02:49.751390,ProjectD,eu-west-1,RDS,53.9348958599819,8.090234378997284,0.9627378911006768
2025-12-26 10:02:49.751390,ProjectD,ap-southeast-1,S3,185.9327263668989,4.276452706438674,0.03904587253704877
2025-12-26 10:02:49.751390,ProjectD,eu-west-1,DataTransfer,424.061009118812,8.481220182376239,0.010092652017027727
2025-12-27 10:02:49.751390,ProjectA,eu-west-1,EC2,85.44918945170825,8.544918945170826,1.016845354475328
2025-12-27 10:02:49.751390,ProjectA,us-east-1,RDS,47.92522521831691,7.188783782747536,1.491672634920114
2025-12-27 10:02:49.751390,ProjectA,eu-west-1,S3,192.0423491634846,4.416974030760146,0.022853039550454667
2025-12-27 10:02:49.751390,ProjectA,ap-southeast-1,DataTransfer,425.1950972839184,8.503901945678368,0.017858194085924574
2025-12-27 10:02:49.751390,ProjectB,eu-west-1,EC2,100.96095192460513,10.096095192460512,1.2014353279028007
2025-12-27 10:02:49.751390,ProjectB,eu-west-1,RDS,39.84958119264629,5.977437178896944,0.7113150242887363
2025-12-27 10:02:49.751390,ProjectB,us-east-1,S3,187.8011885393968,4.319427336406126,0.03896874662192484
2025-12-27 10:02:49.751390,ProjectB,eu-west-1,DataTransfer,548.848235743683,10.97696471487366,0.013062588010699653
2025-12-27 10:02:49.751390,ProjectC,us-east-1,EC2,111.34033010535047,11.134033010535047,2.310311849686022
2025-12-27 10:02:49.751390,ProjectC,ap-southeast-1,RDS,40.13812118866673,6.020718178300009,1.264350817443002
2025-12-27 10:02:49.751390,ProjectC,eu-west-1,S3,200.258817683272,4.605952806715256,0.023830799304309366
2025-12-27 10:02:49.751390,ProjectC,us-east-1,DataTransfer,412.4341644148549,8.248683288297098,0.01711601782321648
2025-12-27 10:02:49.751390,ProjectD,us-east-1,EC2,81.4264034132399,8.14264034132399,1.6895978708247277
2025-12-27 10:02:49.751390,ProjectD,ap-southeast-1,RDS,55.60865855033784,8.341298782550675,1.7516727443356421
2025-12-27 10:02:49.751390,ProjectD,us-east-1,S3,175.03366711362222,4.02577434361331,0.03631948592607661
2025-12-27 10:02:49.751390,ProjectD,eu-west-1,DataTransfer,412.515787353219,8.25031574706438,0.009817875739006613
2025-12-28 10:02:49.751390,ProjectA,eu-west-1,EC2,80.92098809762102,8.092098809762103,0.9629597583616902
2025-12-28 10:02:49.751390,ProjectA,ap-southeast-1,RDS,56.13054973042001,8.419582459563001,1.7681123165082302
2025-12-28 10:02:49.751390,ProjectA,eu-west-1,S3,186.47848648520417,4.289005189159696,0.022190939891739297
2025-12-28 10:02:49.751390,ProjectA,us-east-1,DataTransfer,588.5663377801336,11.771326755602672,0.024425503017875543
2025-12-28 10:02:49.751390,ProjectB,eu-west-1,EC2,110.45923430774226,11.045923430774227,1.314464888262133
2025-12-28 10:02:49.751390,ProjectB,ap-southeast-1,RDS,57.38984039017528,8.608476058526291,1.8077799722905215
2025-12-28 10:02:49.751390,ProjectB,ap-southeast-1,S3,205.3080015526341,4.722084035710584,0.04311468032605316
2025-12-28 10:02:49.751390,ProjectB,ap-southeast-1,DataTransfer,558.6850659961775,11.17370131992355,0.023464772771839455
2025-12-28 10:02:49.751390,ProjectC,eu-west-1,EC2,117.46189145219742,11.746189145219745,1.3977965082811492
2025-12-28 10:02:49.751390,ProjectC,us-east-1,RDS,47.41993841339676,7.112990762009513,1.475945583116974
2025-12-28 10:02:49.751390,ProjectC,us-east-1,S3,166.89535596256437,3.83859318713898,0.0346307863622321
2025-12-28 10:02:49.751390,ProjectC,ap-southeast-1,DataTransfer,521.3304304549138,10.426608609098276,0.021895878079106378
2025-12-28 10:02:49.751390,ProjectD,ap-southeast-1,EC2,115.24697186607312,11.524697186607312,2.4201864091875356
2025-12-28 10:02:49.751390,ProjectD,eu-west-1,RDS,41.73117611606792,6.259676417410188,0.7449014936718124
2025-12-28 10:02:49.751390,ProjectD,eu-west-1,S3,179.19519127650338,4.121489399359578,0.021324227761903902
2025-12-28 10:02:49.751390,ProjectD,eu-west-1,DataTransfer,470.6645879053023,9.413291758106045,0.011201817192146196
2025-12-29 10:02:49.751390,ProjectA,eu-west-1,EC2,89.84540461093549,8.98454046109355,1.0691603148701323
2025-12-29 10:02:49.751390,ProjectA,us-east-1,RDS,43.46424802135413,6.51963720320312,1.3528247196646472
2025-12-29 10:02:49.751390,ProjectA,ap-southeast-1,S3,173.9058158480945,3.9998337645061737,0.036520221328099844
2025-12-29 10:02:49.751390,ProjectA,us-east-1,DataTransfer,439.9224909855255,8.79844981971051,0.018256783375899307
2025-12-29 10:02:49.751390,ProjectB,ap-southeast-1,EC2,84.74184756793746,8.474184756793745,1.7795787989266865
2025-12-29 10:02:49.751390,ProjectB,us-east-1,RDS,39.92936981664423,5.989405472496634,1.2428016355430516
2025-12-29 10:02:49.751390,ProjectB,ap-southeast-1,S3,173.93727844458888,4.000557404225544,0.036526828473363665
2025-12-29 10:02:49.751390,ProjectB,ap-southeast-1,DataTransfer,490.4322796304826,9.808645592609652,0.02059815574448027
2025-12-29 10:02:49.751390,ProjectC,eu-west-1,EC2,108.62834596594736,10.862834596594736,1.2926773169947734
2025-12-29 10:02:49.751390,ProjectC,ap-southeast-1,RDS,51.49814117968474,7.72472117695271,1.6221914471600691
2025-12-29 10:02:49.751390,ProjectC,us-east-1,S3,210.50277491471755,4.841563823038504,0.04367932579480389
2025-12-29 10:02:49.751390,ProjectC,us-east-1,DataTransfer,403.1830288501192,8.063660577002384,0.016732095697279945
2025-12-29 10:02:49.751390,ProjectD,eu-west-1,EC2,88.98674630029114,8.898674630029115,1.0589422809734645
2025-12-29 10:02:49.751390,ProjectD,us-east-1,RDS,49.83664435929068,7.475496653893602,1.5511655556829222
2025-12-29 10:02:49.751390,ProjectD,us-east-1,S3,178.24593422399175,4.09965648715181,0.036986031351478287
2025-12-29 10:02:49.751390,ProjectD,us-east-1,DataTransfer,455.8495333500197,9.116990667000394,0.01891775563402582
2025-12-30 10:02:49.751390,ProjectA,ap-southeast-1,EC2,80.66750747979825,8.066750747979825,1.694017657075763
2025-12-30 10:02:49.751390,ProjectA,eu-west-1,RDS,53.61465520309883,8.042198280464824,0.957021595375314
2025-12-30 10:02:49.751390,ProjectA,ap-southeast-1,S3,186.6130140547422,4.292099323259071,0.03918873295149586
2025-12-30 10:02:49.751390,ProjectA,eu-west-1,DataTransfer,481.9220832138684,9.638441664277368,0.011469745580490067
2025-12-30 10:02:49.751390,ProjectB,us-east-1,EC2,112.64682258388216,11.264682258388218,2.337421568615554
2025-12-30 10:02:49.751390,ProjectB,eu-west-1,RDS,41.294935223035615,6.194240283455343,0.7371145937311857
2025-12-30 10:02:49.751390,ProjectB,eu-west-1,S3,187.95163655436053,4.3228876407502925,0.022366244749968903
2025-12-30 10:02:49.751390,ProjectB,eu-west-1,DataTransfer,527.4727155354174,10.549454310708349,0.012553850629742933
2025-12-30 10:02:49.751390,ProjectC,ap-southeast-1,EC2,105.26836200008196,10.526836200008196,2.2106356020017213
2025-12-30 10:02:49.751390,ProjectC,ap-southeast-1,RDS,47.2955177584456,7.09432766376684,1.4898088093910362
2025-12-30 10:02:49.751390,ProjectC,ap-southeast-1,S3,218.62045000916987,5.028270350210907,0.04591029450192567
2025-12-30 10:02:49.751390,ProjectC,us-east-1,DataTransfer,494.7564833196983,9.895129666393968,0.02053239405776748
2025-12-30 10:02:49.751390,ProjectD,eu-west-1,EC2,110.3881430874876,11.038814308748762,1.3136189027411025
2025-12-30 10:02:49.751390,ProjectD,us-east-1,RDS,47.21177170228674,7.081765755343011,1.4694663942336748
2025-12-30 10:02:49.751390,ProjectD,ap-southeast-1,S3,234.84219656198715,5.401370520925704,0.0493168612780173
2025-12-30 10:02:49.751390,ProjectD,ap-southeast-1,DataTransfer,409.182801142506,8.18365602285012,0.01718567764798525
2025-12-31 10:02:49.751390,ProjectA,us-east-1,EC2,94.16401003677468,9.416401003677468,1.9539032082630747
2025-12-31 10:02:49.751390,ProjectA,us-east-1,RDS,53.85238345632302,8.077857518448452,1.6761554350780536
2025-12-31 10:02:49.751390,ProjectA,us-east-1,S3,218.6491733974053,5.0289309881403215,0.045369703479961596
2025-12-31 10:02:49.751390,ProjectA,us-east-1,DataTransfer,504.4371282924321,10.088742565848642,0.02093414082413593
2025-12-31 10:02:49.751390,ProjectB,us-east-1,EC2,89.17334969965012,8.917334969965012,1.8503470062677398
2025-12-31 10:02:49.751390,ProjectB,eu-west-1,RDS,54.69660848757196,8.204491273135794,0.9763344615031594
2025-12-31 10:02:49.751390,ProjectB,ap-southeast-1,S3,203.5667026783224,4.682034161601415,0.0427490075624477
2025-12-31 10:02:49.751390,ProjectB,us-east-1,DataTransfer,501.4263520647916,10.028527041295831,0.020809193610688854
2025-12-31 10:02:49.751390,ProjectC,eu-west-1,EC2,99.3714676693527,9.937146766935273,1.182520465265297
2025-12-31 10:02:49.751390,ProjectC,eu-west-1,RDS,44.4648171568281,6.669722573524216,0.7936969862493816
2025-12-31 10:02:49.751390,ProjectC,ap-southeast-1,S3,228.0359553423602,5.244826972874285,0.04788755062189564
2025-12-31 10:02:49.751390,ProjectC,eu-west-1,DataTransfer,525.6648625553521,10.513297251107042,0.01251082372881738
2025-12-31 10:02:49.751390,ProjectD,ap-southeast-1,EC2,90.63333860295668,9.063333860295668,1.9033001106620901
2025-12-31 10:02:49.751390,ProjectD,ap-southeast-1,RDS,55.89395043689302,8.384092565533953,1.76065943876213
2025-12-31 10:02:49.751390,ProjectD,eu-west-1,S3,212.80876901816768,4.894601687417857,0.02532424351316195
2025-12-31 10:02:49.751390,ProjectD,ap-southeast-1,DataTransfer,578.430097807976,11.56860195615952,0.024294064107934995
2026-01-01 10:02:49.751390,ProjectA,eu-west-1,EC2,106.43928727600584,10.643928727600583,1.2666275185844693
2026-01-01 10:02:49.751390,ProjectA,us-east-1,RDS,44.71478103452585,6.707217155178877,1.391747559699617
2026-01-01 10:02:49.751390,ProjectA,us-east-1,S3,192.19095578127457,4.420391982969315,0.03987962332461447
2026-01-01 10:02:49.751390,ProjectA,ap-southeast-1,DataTransfer,529.736039491688,10.59472078983376,0.022248913658650896
2026-01-01 10:02:49.751390,ProjectB,eu-west-1,EC2,87.73295044733341,8.773295044733342,1.0440221103232674
2026-01-01 10:02:49.751390,ProjectB,us-east-1,RDS,51.64588952541588,7.746883428812382,1.6074783114785693
2026-01-01 10:02:49.751390,ProjectB,us-east-1,S3,210.47809378719384,4.840996157105458,0.04367420446084272
2026-01-01 10:02:49.751390,ProjectB,us-east-1,DataTransfer,569.8034748284024,11.396069496568048,0.0236468442053787
2026-01-01 10:02:49.751390,ProjectC,ap-southeast-1,EC2,89.8076308995243,8.980763089952431,1.8859602488900105
2026-01-01 10:02:49.751390,ProjectC,eu-west-1,RDS,54.49169849129693,8.173754773694538,0.9726768180696502
2026-01-01 10:02:49.751390,ProjectC,ap-southeast-1,S3,206.6584736275013,4.75314489343253,0.043398279461775276
2026-01-01 10:02:49.751390,ProjectC,eu-west-1,DataTransfer,480.5340053820163,9.610680107640324,0.011436709328091987
2026-01-01 10:02:49.751390,ProjectD,us-east-1,EC2,102.28988046694154,10.228988046694155,2.1225150196890366
2026-01-01 10:02:49.751390,ProjectD,eu-west-1,RDS,40.85942535360166,6.128913803040248,0.7293407425617896
2026-01-01 10:02:49.751390,ProjectD,eu-west-1,S3,225.14700076484743,5.178381017591492,0.02679249309101684
2026-01-01 10:02:49.751390,ProjectD,ap-southeast-1,DataTransfer,458.72358530051054,9.17447170601021,0.019266390582621445
2026-01-02 10:02:49.751390,ProjectA,us-east-1,EC2,108.83371765472502,10.883371765472504,2.258299641335544
2026-01-02 10:02:49.751390,ProjectA,eu-west-1,RDS,54.057834350451785,8.108675152567768,0.9649323431555643
2026-01-02 10:02:49.751390,ProjectA,us-east-1,S3,186.052762580644,4.279213539354812,0.038605948235483634
2026-01-02 10:02:49.751390,ProjectA,us-east-1,DataTransfer,532.5345158498484,10.650690316996968,0.02210018240776871
2026-01-02 10:02:49.751390,ProjectB,us-east-1,EC2,87.15157339545753,8.715157339545753,1.8083951479557436
2026-01-02 10:02:49.751390,ProjectB,ap-southeast-1,RDS,49.0311538190596,7.354673072858939,1.5444813453003772
2026-01-02 10:02:49.751390,ProjectB,eu-west-1,S3,211.3762663946285,4.861654127076456,0.02515377570096079
2026-01-02 10:02:49.751390,ProjectB,eu-west-1,DataTransfer,543.4222013336737,10.868444026673474,0.012933448391741433
2026-01-02 10:02:49.751390,ProjectC,ap-southeast-1,EC2,106.88324007449803,10.688324007449806,2.2445480415644585
2026-01-02 10:02:49.751390,ProjectC,us-east-1,RDS,49.5542350798733,7.433135261980995,1.5423755668610564
2026-01-02 10:02:49.751390,ProjectC,eu-west-1,S3,191.9918662861347,4.415812924581098,0.022847032088050025
2026-01-02 10:02:49.751390,ProjectC,ap-southeast-1,DataTransfer,447.1826210114647,8.943652420229293,0.01878167008248152
2026-01-02 10:02:49.751390,ProjectD,ap-southeast-1,EC2,104.72663859828532,10.472663859828533,2.1992594105639913
2026-01-02 10:02:49.751390,ProjectD,eu-west-1,RDS,59.520916407704895,8.928137461155734,1.0624483578775326
2026-01-02 10:02:49.751390,ProjectD,eu-west-1,S3,194.4225839186763,4.471719430129555,0.02313628748632248
2026-01-02 10:02:49.751390,ProjectD,eu-west-1,DataTransfer,471.8091047570476,9.436182095140952,0.011229056693217734
2026-01-03 10:02:49.751390,ProjectA,eu-west-1,EC2,93.52967658713222,9.352967658713222,1.1130031513868734
2026-01-03 10:02:49.751390,ProjectA,ap-southeast-1,RDS,45.60101797180095,6.840152695770143,1.4364320661117298
2026-01-03 10:02:49.751390,ProjectA,ap-southeast-1,S3,212.2152680163736,4.880951164376593,0.044565206283438456
2026-01-03 10:02:49.751390,ProjectA,eu-west-1,DataTransfer,440.25717967371247,8.80514359347425,0.010478120876234358
2026-01-03 10:02:49.751390,ProjectB,us-east-1,EC2,109.58715451089402,10.958715451089404,2.2739334561010507
2026-01-03 10:02:49.751390,ProjectB,eu-west-1,RDS,43.62307828487717,6.543461742731575,0.7786719473850574
2026-01-03 10:02:49.751390,ProjectB,eu-west-1,S3,169.97810367921315,3.909496384621902,0.020227394337826363
2026-01-03 10:02:49.751390,ProjectB,ap-southeast-1,DataTransfer,423.95419143260347,8.479083828652069,0.017806076040169344
2026-01-03 10:02:49.751390,ProjectC,eu-west-1,EC2,112.26369433127849,11.226369433127848,1.335937962542214
2026-01-03 10:02:49.751390,ProjectC,eu-west-1,RDS,40.82821685982309,6.124232528973464,0.728783670947842
2026-01-03 10:02:49.751390,ProjectC,eu-west-1,S3,177.73334620263384,4.087866962660578,0.021150268198113425
2026-01-03 10:02:49.751390,ProjectC,us-east-1,DataTransfer,479.342864400286,9.58685728800572,0.01989272887261187
2026-01-03 10:02:49.751390,ProjectD,ap-southeast-1,EC2,90.61917495119836,9.061917495119836,1.9030026739751655
2026-01-03 10:02:49.751390,ProjectD,eu-west-1,RDS,51.70787236294206,7.756180854441309,0.9229855216785158
2026-01-03 10:02:49.751390,ProjectD,us-east-1,S3,232.98114498382523,5.35856633462798,0.048343587584143734
2026-01-03 10:02:49.751390,ProjectD,us-east-1,DataTransfer,480.216554879977,9.60433109759954,0.019928987027519048
2026-01-04 10:02:49.751390,ProjectA,ap-southeast-1,EC2,105.5882916784684,10.55882916784684,2.2173541252478364
2026-01-04 10:02:49.751390,ProjectA,us-east-1,RDS,56.40095146197712,8.460142719296567,1.7554796142540379
2026-01-04 10:02:49.751390,ProjectA,us-east-1,S3,201.5851696358144,4.6364589016237305,0.04182892269943148
2026-01-04 10:02:49.751390,ProjectA,ap-southeast-1,DataTransfer,543.7844806732896,10.875689613465791,0.022838948188278165
2026-01-04 10:02:49.751390,ProjectB,ap-southeast-1,EC2,101.154289556913,10.115428955691302,2.1242400806951727
2026-01-04 10:02:49.751390,ProjectB,eu-west-1,RDS,45.73491685512175,6.860237528268263,0.8163682658639233
2026-01-04 10:02:49.751390,ProjectB,ap-southeast-1,S3,220.48111952573385,5.071065749091877,0.046301035100404106
2026-01-04 10:02:49.751390,ProjectB,eu-west-1,DataTransfer,424.63555487342734,8.492711097468547,0.010106326205987571
2026-01-04 10:02:49.751390,ProjectC,us-east-1,EC2,94.29736800800548,9.42973680080055,1.9566703861661137
2026-01-04 10:02:49.751390,ProjectC,ap-southeast-1,RDS,42.81403801647674,6.422105702471511,1.348642197519017
2026-01-04 10:02:49.751390,ProjectC,eu-west-1,S3,209.26067650681625,4.812995559656773,0.024902020504311135
2026-01-04 10:02:49.751390,ProjectC,ap-southeast-1,DataTransfer,474.8668281805242,9.497336563610483,0.019944406783582017
2026-01-04 10:02:49.751390,ProjectD,eu-west-1,EC2,94.31899236410172,9.431899236410173,1.1223960091328105
2026-01-04 10:02:49.751390,ProjectD,ap-southeast-1,RDS,42.787413627788304,6.418112044168246,1.3478035292753316
2026-01-04 10:02:49.751390,ProjectD,eu-west-1,S3,198.61159268434105,4.568066631739844,0.023634779529436586
2026-01-04 10:02:49.751390,ProjectD,eu-west-1,DataTransfer,434.4898655983716,8.689797311967432,0.010340858801241243
2026-01-05 10:02:49.751390,ProjectA,eu-west-1,EC2,116.5145033876749,11.651450338767493,1.3865225903133314
2026-01-05 10:02:49.751390,ProjectA,eu-west-1,RDS,42.07086591862178,6.310629887793268,0.7509649566473987
2026-01-05 10:02:49.751390,ProjectA,eu-west-1,S3,165.6512707357597,3.809979226922473,0.019712501217555405
2026-01-05 10:02:49.751390,ProjectA,ap-southeast-1,DataTransfer,411.33911479887325,8.226782295977465,0.01727624282155268
2026-01-05 10:02:49.751390,ProjectB,ap-southeast-1,EC2,87.59439378130632,8.759439378130633,1.8394822694074324
2026-01-05 10:02:49.751390,ProjectB,eu-west-1,RDS,47.053762931923806,7.058064439788571,0.8399096683348399
2026-01-05 10:02:49.751390,ProjectB,ap-southeast-1,S3,194.47439797697223,4.472911153470361,0.040839623575164165
2026-01-05 10:02:49.751390,ProjectB,us-east-1,DataTransfer,559.1549543777376,11.183099087554751,0.023204930606676107
2026-01-05 10:02:49.751390,ProjectC,ap-southeast-1,EC2,119.52914825783232,11.952914825783234,2.5101121134144786
2026-01-05 10:02:49.751390,ProjectC,ap-southeast-1,RDS,58.22403471800336,8.733605207700503,1.834057093617106
2026-01-05 10:02:49.751390,ProjectC,eu-west-1,S3,235.55510999275285,5.417767529833315,0.028031058089137587
2026-01-05 10:02:49.751390,ProjectC,ap-southeast-1,DataTransfer,474.2641221162533,9.485282442325063,0.01991909312888264
2026-01-05 10:02:49.751390,ProjectD,ap-southeast-1,EC2,120.5591109355298,12.05591109355298,2.5317413296461257
2026-01-05 10:02:49.751390,ProjectD,us-east-1,RDS,49.98458459806602,7.4976876897099025,1.5557701956148047
2026-01-05 10:02:49.751390,ProjectD,us-east-1,S3,185.29419288108537,4.261766436264963,0.038448545022825215
2026-01-05 10:02:49.751390,ProjectD,us-east-1,DataTransfer,444.9295533290628,8.898591066581256,0.018464576463156107
2026-01-06 10:02:49.751390,ProjectA,eu-west-1,EC2,83.10369356187284,8.310369356187286,0.9889339533862868
2026-01-06 10:02:49.751390,ProjectA,ap-southeast-1,RDS,46.179839664275015,6.926975949641252,1.4546649494246628
2026-01-06 10:02:49.751390,ProjectA,us-east-1,S3,193.4011076523041,4.448225476002995,0.040130729837853096
2026-01-06 10:02:49.751390,ProjectA,ap-southeast-1,DataTransfer,553.9192622954781,11.078385245909562,0.02326460901641008
2026-01-06 10:02:49.751390,ProjectB,ap-southeast-1,EC2,101.64236957881803,10.164236957881805,2.1344897611551787
2026-01-06 10:02:49.751390,ProjectB,us-east-1,RDS,53.412300296734976,8.011845044510245,1.662457846735876
2026-01-06 10:02:49.751390,ProjectB,us-east-1,S3,226.99951426540983,5.220988828104427,0.04710239921007253
2026-01-06 10:02:49.751390,ProjectB,ap-southeast-1,DataTransfer,420.397643615917,8.40795287231834,0.017656701031868515
2026-01-06 10:02:49.751390,ProjectC,eu-west-1,EC2,94.75721819163016,9.475721819163017,1.127610896480399
2026-01-06 10:02:49.751390,ProjectC,us-east-1,RDS,42.31627311870211,6.347440967805316,1.317094000819603
2026-01-06 10:02:49.751390,ProjectC,ap-southeast-1,S3,169.02201710282625,3.887506393365003,0.03549462359159351
2026-01-06 10:02:49.751390,ProjectC,us-east-1,DataTransfer,478.22597237280297,9.56451944745606,0.019846377853471323
2026-01-06 10:02:49.751390,ProjectD,eu-west-1,EC2,117.11897097909612,11.711897097909612,1.3937157546512438
2026-01-06 10:02:49.751390,ProjectD,eu-west-1,RDS,42.57460034556373,6.38619005183456,0.7599566161683124
2026-01-06 10:02:49.751390,ProjectD,ap-southeast-1,S3,245.4441998937618,5.645216597556521,0.05154328197768998
2026-01-06 10:02:49.751390,ProjectD,eu-west-1,DataTransfer,590.605851287072,11.812117025741442,0.014056419260632313
2026-01-07 10:02:49.751390,ProjectA,ap-southeast-1,EC2,99.42135482471052,9.942135482471052,2.087848451318921
2026-01-07 10:02:49.751390,ProjectA,ap-southeast-1,RDS,58.25415417396757,8.738123126095136,1.8350058564799785
2026-01-07 10:02:49.751390,ProjectA,ap-southeast-1,S3,176.56280708407974,4.060944562933834,0.03707818948765674
2026-01-07 10:02:49.751390,ProjectA,us-east-1,DataTransfer,479.82047768524814,9.596409553704962,0.019912549823937798
2026-01-07 10:02:49.751390,ProjectB,us-east-1,EC2,121.4264717259174,12.142647172591742,2.519599288312786
2026-01-07 10:02:49.751390,ProjectB,eu-west-1,RDS,57.3955811340526,8.609337170107889,1.024511123242839
2026-01-07 10:02:49.751390,ProjectB,eu-west-1,S3,186.79698948762987,4.296330758215487,0.022228841749027953
2026-01-07 10:02:49.751390,ProjectB,us-east-1,DataTransfer,616.4599529818953,12.329199059637906,0.025583088048748655
2026-01-07 10:02:49.751390,ProjectC,ap-southeast-1,EC2,117.65159548367888,11.765159548367889,2.470683505157256
2026-01-07 10:02:49.751390,ProjectC,us-east-1,RDS,50.63727929660271,7.595591894490406,1.5760853181067593
2026-01-07 10:02:49.751390,ProjectC,eu-west-1,S3,235.9996941392643,5.427992965203079,0.02808396360257245
2026-01-07 10:02:49.751390,ProjectC,ap-southeast-1,DataTransfer,557.4529425351845,11.14905885070369,0.02341302358647775
2026-01-07 10:02:49.751390,ProjectD,ap-southeast-1,EC2,107.99268163587143,10.799268163587143,2.2678463143533
2026-01-07 10:02:49.751390,ProjectD,us-east-1,RDS,52.3321508325689,7.849822624885334,1.628838194663707
2026-01-07 10:02:49.751390,ProjectD,us-east-1,S3,198.197650056026,4.558545951288597,0.041126012386625395
2026-01-07 10:02:49.751390,ProjectD,us-east-1,DataTransfer,462.2504173754288,9.245008347508575,0.019183392321080295
2026-01-08 10:02:49.751390,ProjectA,eu-west-1,EC2,93.20690657917385,9.320690657917384,1.1091621882921687
2026-01-08 10:02:49.751390,ProjectA,eu-west-1,RDS,44.74096744279607,6.71114511641941,0.7986262688539097
2026-01-08 10:02:49.751390,ProjectA,us-east-1,S3,209.6560233930055,4.822088538039127,0.04350362485404864
2026-01-08 10:02:49.751390,ProjectA,us-east-1,DataTransfer,556.7786556390885,11.135573112781769,0.02310631420902217
2026-01-08 10:02:49.751390,ProjectB,us-east-1,EC2,107.8629517329142,10.78629517329142,2.2381562484579693
2026-01-08 10:02:49.751390,ProjectB,us-east-1,RDS,44.55663420855826,6.683495131283738,1.3868252397413756
2026-01-08 10:02:49.751390,ProjectB,eu-west-1,S3,239.376714314954,5.505664429243941,0.028485829003479523
2026-01-08 10:02:49.751390,ProjectB,us-east-1,DataTransfer,621.1647394568881,12.423294789137763,0.025778336687460858
2026-01-08 10:02:49.751390,ProjectC,ap-southeast-1,EC2,109.90329090395062,10.990329090395065,2.3079691089829626
2026-01-08 10:02:49.751390,ProjectC,us-east-1,RDS,44.4224408819588,6.663366132293819,1.3826484724509676
2026-01-08 10:02:49.751390,ProjectC,us-east-1,S3,171.85148608137348,3.95258417987159,0.035659183361885
2026-01-08 10:02:49.751390,ProjectC,eu-west-1,DataTransfer,620.5207219398746,12.410414438797494,0.014768393182169017
2026-01-08 10:02:49.751390,ProjectD,ap-southeast-1,EC2,117.26181755393878,11.72618175539388,2.462498168632714
2026-01-08 10:02:49.751390,ProjectD,us-east-1,RDS,56.43212021607995,8.464818032411992,1.7564497417254883
2026-01-08 10:02:49.751390,ProjectD,eu-west-1,S3,198.45311163590492,4.564421567625813,0.023615920284672687
2026-01-08 10:02:49.751390,ProjectD,us-east-1,DataTransfer,444.7940099009016,8.895880198018032,0.01845895141088742
2026-01-09 10:02:49.751390,ProjectA,us-east-1,EC2,105.45031266345654,10.545031266345656,2.188093987766723
2026-01-09 10:02:49.751390,ProjectA,eu-west-1,RDS,42.17263480548908,6.325895220823362,0.7527815312779801
2026-01-09 10:02:49.751390,ProjectA,ap-southeast-1,S3,245.8614284316033,5.6548128539268765,0.05163089997063668
2026-01-09 10:02:49.751390,ProjectA,eu-west-1,DataTransfer,468.6936814273485,9.373873628546969,0.011154909617970894
2026-01-09 10:02:49.751390,ProjectB,eu-west-1,EC2,100.74398001376306,10.074398001376307,1.1988533621637805
2026-01-09 10:02:49.751390,ProjectB,us-east-1,RDS,52.65898236120444,7.898847354180665,1.639010825992488
2026-01-09 10:02:49.751390,ProjectB,ap-southeast-1,S3,227.19009582265437,5.22537220392105,0.04770992012275742
2026-01-09 10:02:49.751390,ProjectB,ap-southeast-1,DataTransfer,563.001406381573,11.26002812763146,0.023646059068026068
2026-01-09 10:02:49.751390,ProjectC,eu-west-1,EC2,90.268193882641,9.0268193882641,1.074191507203428
2026-01-09 10:02:49.751390,ProjectC,eu-west-1,RDS,51.33156883257626,7.699735324886438,0.9162685036614862
2026-01-09 10:02:49.751390,ProjectC,ap-southeast-1,S3,182.19945055703243,4.190587362811746,0.03826188461697681
2026-01-09 10:02:49.751390,ProjectC,ap-southeast-1,DataTransfer,582.2086278608141,11.64417255721628,0.02445276237015419
2026-01-09 10:02:49.751390,ProjectD,eu-west-1,EC2,93.3184396640905,9.331843966409052,1.110489432002677
2026-01-09 10:02:49.751390,ProjectD,ap-southeast-1,RDS,50.792751820688,7.6189127731032,1.5999716823516719
2026-01-09 10:02:49.751390,ProjectD,ap-southeast-1,S3,219.1031814784016,5.039373174003237,0.04601166811046434
2026-01-09 10:02:49.751390,ProjectD,ap-southeast-1,DataTransfer,441.0058477603076,8.820116955206153,0.018522245605932918
2026-01-10 10:02:49.751390,ProjectA,us-east-1,EC2,95.8218574330887,9.58218574330887,1.9883035417365904
2026-01-10 10:02:49.751390,ProjectA,us-east-1,RDS,47.80740267384945,7.171110401077418,1.488005408223564
2026-01-10 10:02:49.751390,ProjectA,eu-west-1,S3,251.73580859945704,5.789923597787512,0.029956561223335388
2026-01-10 10:02:49.751390,ProjectA,eu-west-1,DataTransfer,615.0724551871833,12.301449103743666,0.014638724433454963
2026-01-10 10:02:49.751390,ProjectB,us-east-1,EC2,113.41072062698774,11.341072062698776,2.3532724530099953
2026-01-10 10:02:49.751390,ProjectB,eu-west-1,RDS,60.21794651940116,9.032691977910174,1.0748903453713106
2026-01-10 10:02:49.751390,ProjectB,eu-west-1,S3,172.14452167187918,3.959323998453221,0.02048519807895362
2026-01-10 10:02:49.751390,ProjectB,ap-southeast-1,DataTransfer,479.8889279102466,9.597778558204933,0.020155334972230356
2026-01-10 10:02:49.751390,ProjectC,us-east-1,EC2,93.86666080016546,9.386666080016546,1.9477332116034332
2026-01-10 10:02:49.751390,ProjectC,eu-west-1,RDS,58.19523190966215,8.729284786449321,1.0387848895874692
2026-01-10 10:02:49.751390,ProjectC,ap-southeast-1,S3,227.6625898982257,5.23623956765919,0.04780914387862739
2026-01-10 10:02:49.751390,ProjectC,eu-west-1,DataTransfer,453.26165396754186,9.065233079350838,0.010787627364427498
2026-01-10 10:02:49.751390,ProjectD,us-east-1,EC2,89.15379300189902,8.915379300189903,1.8499412047894044
2026-01-10 10:02:49.751390,ProjectD,ap-southeast-1,RDS,49.71323999248729,7.456985998873093,1.5659670597633495
2026-01-10 10:02:49.751390,ProjectD,eu-west-1,S3,187.862991477749,4.320848803988227,0.02235569598585213
2026-01-10 10:02:49.751390,ProjectD,ap-southeast-1,DataTransfer,609.3950663134469,12.18790132626894,0.025594592785164773
2026-01-11 10:02:49.751390,ProjectA,ap-southeast-1,EC2,106.02173049092625,10.602173049092626,2.226456340309451
2026-01-11 10:02:49.751390,ProjectA,us-east-1,RDS,54.242874718361975,8.136431207754296,1.6883094756090162
2026-01-11 10:02:49.751390,ProjectA,eu-west-1,S3,191.4621647439856,4.403629789111668,0.022783997604534284
2026-01-11 10:02:49.751390,ProjectA,us-east-1,DataTransfer,612.2698756141909,12.24539751228382,0.02540919983798892
2026-01-11 10:02:49.751390,ProjectB,eu-west-1,EC2,109.37056086155506,10.937056086155508,1.3015096742525052
2026-01-11 10:02:49.751390,ProjectB,eu-west-1,RDS,53.3059538636926,7.995893079553889,0.9515112764669129
2026-01-11 10:02:49.751390,ProjectB,eu-west-1,S3,169.46505034929442,3.897696158033772,0.020166340991566032
2026-01-11 10:02:49.751390,ProjectB,ap-southeast-1,DataTransfer,588.4474441840116,11.768948883680231,0.024714792655728488
2026-01-11 10:02:49.751390,ProjectC,ap-southeast-1,EC2,93.6208988315843,9.362089883158433,1.96603887546327
2026-01-11 10:02:49.751390,ProjectC,us-east-1,RDS,48.215615510793626,7.232342326619044,1.5007110327734516
2026-01-11 10:02:49.751390,ProjectC,eu-west-1,S3,210.0352992721839,4.830811883260229,0.02499420061338988
2026-01-11 10:02:49.751390,ProjectC,eu-west-1,DataTransfer,493.85593994733387,9.877118798946675,0.011753771370746546
2026-01-11 10:02:49.751390,ProjectD,eu-west-1,EC2,113.4347448665941,11.34347448665941,1.3498734639124697
2026-01-11 10:02:49.751390,ProjectD,ap-southeast-1,RDS,51.52924166144823,7.729386249217234,1.6231711123356194
2026-01-11 10:02:49.751390,ProjectD,ap-southeast-1,S3,218.9430367328692,5.035689844855991,0.04597803771390253
2026-01-11 10:02:49.751390,ProjectD,eu-west-1,DataTransfer,481.470990749332,9.62941981498664,0.011459009579834102
2026-01-12 10:02:49.751390,ProjectA,eu-west-1,EC2,125.83755015805,12.583755015805002,1.497466846880795
2026-01-12 10:02:49.751390,ProjectA,us-east-1,RDS,54.07160590218997,8.110740885328495,1.682978733705663
2026-01-12 10:02:49.751390,ProjectA,us-east-1,S3,176.36142581663762,4.0563127937826655,0.0365949958569523
2026-01-12 10:02:49.751390,ProjectA,ap-southeast-1,DataTransfer,624.4209227750578,12.488418455501156,0.026225678756552427
2026-01-12 10:02:49.751390,ProjectB,us-east-1,EC2,114.50471682392023,11.450471682392026,2.3759728740963446
2026-01-12 10:02:49.751390,ProjectB,eu-west-1,RDS,63.07219693859189,9.460829540788785,1.1258387153538651
2026-01-12 10:02:49.751390,ProjectB,us-east-1,S3,203.30939758080967,4.676116144358622,0.04218669999801801
2026-01-12 10:02:49.751390,ProjectB,us-east-1,DataTransfer,593.4174302899127,11.868348605798252,0.024626823357031376
2026-01-12 10:02:49.751390,ProjectC,us-east-1,EC2,123.25694921135798,12.3256949211358,2.557581696135678
2026-01-12 10:02:49.751390,ProjectC,ap-southeast-1,RDS,47.81844993855604,7.172767490783405,1.5062811730645154
2026-01-12 10:02:49.751390,ProjectC,eu-west-1,S3,176.47396250762785,4.0589011376754405,0.021000401538407713
2026-01-12 10:02:49.751390,ProjectC,us-east-1,DataTransfer,502.9272622391756,10.058545244783511,0.020871481382925786
2026-01-12 10:02:49.751390,ProjectD,ap-southeast-1,EC2,106.53965790183152,10.653965790183152,2.237332815938462
2026-01-12 10:02:49.751390,ProjectD,eu-west-1,RDS,52.06647730761906,7.809971596142859,0.9293866199410002
2026-01-12 10:02:49.751390,ProjectD,ap-southeast-1,S3,220.49925205585217,5.0714827972846,0.04630484293172895
2026-01-12 10:02:49.751390,ProjectD,ap-southeast-1,DataTransfer,526.6809000538618,10.533618001077237,0.022120597802262196
2026-01-13 10:02:49.751390,ProjectA,us-east-1,EC2,122.7212390748155,12.27212390748155,2.5464657108024213
2026-01-13 10:02:49.751390,ProjectA,eu-west-1,RDS,42.97164252891524,6.445746379337286,0.7670438191411371
2026-01-13 10:02:49.751390,ProjectA,ap-southeast-1,S3,223.2802864529272,5.1354465884173255,0.04688886015511471
2026-01-13 10:02:49.751390,ProjectA,eu-west-1,DataTransfer,469.7754538067046,9.395509076134092,0.01118065580059957
2026-01-13 10:02:49.751390,ProjectB,eu-west-1,EC2,94.08527208835424,9.408527208835425,1.1196147378514154
2026-01-13 10:02:49.751390,ProjectB,eu-west-1,RDS,45.61462954773658,6.842194432160487,0.8142211374270979
2026-01-13 10:02:49.751390,ProjectB,eu-west-1,S3,238.90409587047895,5.494794205021017,0.028429587408586993
2026-01-13 10:02:49.751390,ProjectB,us-east-1,DataTransfer,467.8744751002605,9.357489502005208,0.01941679071666081
2026-01-13 10:02:49.751390,ProjectC,ap-southeast-1,EC2,99.48616477908683,9.948616477908685,2.089209460360823
2026-01-13 10:02:49.751390,ProjectC,ap-southeast-1,RDS,48.05765656313314,7.208648484469971,1.5138161817386941
2026-01-13 10:02:49.751390,ProjectC,us-east-1,S3,177.47462576103328,4.081916392503765,0.036825984845414404
2026-01-13 10:02:49.751390,ProjectC,us-east-1,DataTransfer,570.4529961643593,11.409059923287186,0.02367379934082091
2026-01-13 10:02:49.751390,ProjectD,eu-west-1,EC2,91.34973563961869,9.134973563961868,1.0870618541114623
2026-01-13 10:02:49.751390,ProjectD,eu-west-1,RDS,44.21041975004282,6.631562962506424,0.7891559925382643
2026-01-13 10:02:49.751390,ProjectD,ap-southeast-1,S3,174.99468474233657,4.024877749073741,0.036748883795890676
2026-01-13 10:02:49.751390,ProjectD,ap-southeast-1,DataTransfer,452.9389942546061,9.058779885092122,0.019023437758693456
2026-01-14 10:02:49.751390,ProjectA,eu-west-1,EC2,121.59458332576256,12.159458332576255,1.4469755415765744
2026-01-14 10:02:49.751390,ProjectA,ap-southeast-1,RDS,49.42266986059074,7.413400479088612,1.556814100608608
2026-01-14 10:02:49.751390,ProjectA,us-east-1,S3,204.7502049814433,4.709254714573196,0.04248566753364948
2026-01-14 10:02:49.751390,ProjectA,us-east-1,DataTransfer,513.93935831917,10.2787871663834,0.021328483370245552
2026-01-14 10:02:49.751390,ProjectB,ap-southeast-1,EC2,115.11441194058222,11.511441194058222,2.4174026507522264
2026-01-14 10:02:49.751390,ProjectB,eu-west-1,RDS,48.25256940870069,7.237885411305102,0.8613083639453073
2026-01-14 10:02:49.751390,ProjectB,eu-west-1,S3,247.8898802782223,5.701467246399113,0.029498895753108455
2026-01-14 10:02:49.751390,ProjectB,ap-southeast-1,DataTransfer,573.2836009158585,11.465672018317171,0.02407791123846606
2026-01-14 10:02:49.751390,ProjectC,us-east-1,EC2,112.10221830747852,11.210221830747852,2.326121029880179
2026-01-14 10:02:49.751390,ProjectC,eu-west-1,RDS,56.14451368940598,8.421677053410898,1.0021795693558968
2026-01-14 10:02:49.751390,ProjectC,ap-southeast-1,S3,187.13732834088617,4.3041585518403815,0.0392988389515861
2026-01-14 10:02:49.751390,ProjectC,us-east-1,DataTransfer,499.9250234900259,9.998500469800518,0.020746888474836075
2026-01-14 10:02:49.751390,ProjectD,us-east-1,EC2,107.56124864119424,10.756124864119425,2.23189590930478
2026-01-14 10:02:49.751390,ProjectD,eu-west-1,RDS,58.426224480407,8.76393367206105,1.0429081069752648
2026-01-14 10:02:49.751390,ProjectD,ap-southeast-1,S3,248.34154687482592,5.711855578120996,0.05215172484371344
2026-01-14 10:02:49.751390,ProjectD,us-east-1,DataTransfer,605.1124869945753,12.102249739891509,0.025112168210274875
2026-01-15 10:02:49.751390,ProjectA,us-east-1,EC2,123.21014703430068,12.32101470343007,2.556610550961739
2026-01-15 10:02:49.751390,ProjectA,eu-west-1,RDS,57.05418658425401,8.558127987638102,1.018417230528934
2026-01-15 10:02:49.751390,ProjectA,eu-west-1,S3,250.93088559925923,5.771410368782962,0.02986077538631185
2026-01-15 10:02:49.751390,ProjectA,ap-southeast-1,DataTransfer,499.2941541547288,9.985883083094576,0.02097035447449861
2026-01-15 10:02:49.751390,ProjectB,eu-west-1,EC2,103.85903331138276,10.385903331138277,1.2359224964054547
2026-01-15 10:02:49.751390,ProjectB,us-east-1,RDS,45.5058994253381,6.8258849138007145,1.4163711196136484
2026-01-15 10:02:49.751390,ProjectB,ap-southeast-1,S3,226.34090348860124,5.205840780237828,0.04753158973260626
2026-01-15 10:02:49.751390,ProjectB,ap-southeast-1,DataTransfer,607.4321652746041,12.148643305492085,0.025512150941533376
2026-01-15 10:02:49.751390,ProjectC,us-east-1,EC2,110.0176676095762,11.00176676095762,2.282866602898706
2026-01-15 10:02:49.751390,ProjectC,ap-southeast-1,RDS,55.20316446068516,8.280474669102773,1.7388996805115826
2026-01-15 10:02:49.751390,ProjectC,eu-west-1,S3,231.10200563791983,5.315346129672156,0.02750113867091246
2026-01-15 10:02:49.751390,ProjectC,ap-southeast-1,DataTransfer,631.3267804253668,12.626535608507336,0.026515724777865405
2026-01-15 10:02:49.751390,ProjectD,ap-southeast-1,EC2,126.4845153107093,12.648451531070933,2.6561748215248953
2026-01-15 10:02:49.751390,ProjectD,eu-west-1,RDS,57.19855228318722,8.579782842478082,1.0209941582548918
2026-01-15 10:02:49.751390,ProjectD,us-east-1,S3,244.80844654224097,5.630594270471542,0.050797752657514995
2026-01-15 10:02:49.751390,ProjectD,eu-west-1,DataTransfer,517.2185067652597,10.344370135305194,0.012309800461013182
2026-01-16 10:02:49.751390,ProjectA,eu-west-1,EC2,105.374053779299,10.5374053779299,1.253951239973658
2026-01-16 10:02:49.751390,ProjectA,ap-southeast-1,RDS,45.97275339492096,6.895913009238145,1.44814173194001
2026-01-16 10:02:49.751390,ProjectA,ap-southeast-1,S3,200.715679942472,4.616460638676855,0.04215029278791912
2026-01-16 10:02:49.751390,ProjectA,eu-west-1,DataTransfer,580.4310503635342,11.608621007270685,0.013814258998652114
2026-01-16 10:02:49.751390,ProjectB,eu-west-1,EC2,97.86620901180828,9.786620901180829,1.1646078872405183
2026-01-16 10:02:49.751390,ProjectB,eu-west-1,RDS,50.74124045615092,7.611186068422637,0.9057311421422938
2026-01-16 10:02:49.751390,ProjectB,ap-southeast-1,S3,244.3868788530676,5.6208982136205545,0.05132124455914419
2026-01-16 10:02:49.751390,ProjectB,eu-west-1,DataTransfer,529.3941245211649,10.5878824904233,0.012599580163603727
2026-01-16 10:02:49.751390,ProjectC,ap-southeast-1,EC2,122.591374565747,12.2591374565747,2.5744188658806872
2026-01-16 10:02:49.751390,ProjectC,ap-southeast-1,RDS,62.27271059296033,9.34090658894405,1.9615903836782502
2026-01-16 10:02:49.751390,ProjectC,eu-west-1,S3,190.8686785751452,4.38997960722834,0.022713372750442277
2026-01-16 10:02:49.751390,ProjectC,us-east-1,DataTransfer,525.0889667882695,10.501779335765391,0.021791192121713186
2026-01-16 10:02:49.751390,ProjectD,ap-southeast-1,EC2,117.42196813002812,11.742196813002812,2.4658613307305908
2026-01-16 10:02:49.751390,ProjectD,ap-southeast-1,RDS,49.19768556229086,7.379652834343628,1.5497270952121618
2026-01-16 10:02:49.751390,ProjectD,eu-west-1,S3,247.59991330815572,5.694798006087583,0.02946438968367053
2026-01-16 10:02:49.751390,ProjectD,eu-west-1,DataTransfer,595.6548606975184,11.913097213950367,0.014176585684600939
2026-01-17 10:02:49.751390,ProjectA,eu-west-1,EC2,90.49549385591068,9.049549385591067,1.076896376885337
2026-01-17 10:02:49.751390,ProjectA,ap-southeast-1,RDS,50.08470708742667,7.512706063114001,1.5776682732539402
2026-01-17 10:02:49.751390,ProjectA,ap-southeast-1,S3,227.52901161966307,5.2331672672522505,0.04778109244012924
2026-01-17 10:02:49.751390,ProjectA,ap-southeast-1,DataTransfer,626.8194329609637,12.536388659219272,0.026326416184360477
2026-01-17 10:02:49.751390,ProjectB,us-east-1,EC2,125.46500073965105,12.546500073965106,2.603398765347759
2026-01-17 10:02:49.751390,ProjectB,eu-west-1,RDS,49.31414895967661,7.397122343951491,0.8802575589302275
2026-01-17 10:02:49.751390,ProjectB,ap-southeast-1,S3,231.274042666966,5.3193029813402175,0.048567548960062865
2026-01-17 10:02:49.751390,ProjectB,ap-southeast-1,DataTransfer,542.9591640927872,10.859183281855744,0.02280428489189706
2026-01-17 10:02:49.751390,ProjectC,eu-west-1,EC2,89.69278752798274,8.969278752798274,1.0673441715829945
2026-01-17 10:02:49.751390,ProjectC,eu-west-1,RDS,49.67785294219559,7.451677941329338,0.8867496750181914
2026-01-17 10:02:49.751390,ProjectC,us-east-1,S3,210.9576486230777,4.852025918330788,0.04377371208928862
2026-01-17 10:02:49.751390,ProjectC,ap-southeast-1,DataTransfer,446.80224379978506,8.936044875995702,0.018765694239590975
2026-01-17 10:02:49.751390,ProjectD,us-east-1,EC2,104.19434644376436,10.419434644376436,2.1620326887081105
2026-01-17 10:02:49.751390,ProjectD,ap-southeast-1,RDS,43.796992935225646,6.569548940283847,1.3796052774596077
2026-01-17 10:02:49.751390,ProjectD,eu-west-1,S3,193.4091449354493,4.4484103335153335,0.023015688247318464
2026-01-17 10:02:49.751390,ProjectD,ap-southeast-1,DataTransfer,510.38443060295305,10.20768861205906,0.02143614608532403
2026-01-18 10:02:49.751390,ProjectA,ap-southeast-1,EC2,88.08953458019612,8.808953458019612,1.8498802261841185
2026-01-18 10:02:49.751390,ProjectA,us-east-1,RDS,50.184768780807886,7.527715317121182,1.5620009283026455
2026-01-18 10:02:49.751390,ProjectA,eu-west-1,S3,237.2963109433664,5.457815151697427,0.0282382610022606
2026-01-18 10:02:49.751390,ProjectA,us-east-1,DataTransfer,493.2735800147374,9.865471600294748,0.0204708535706116
2026-01-18 10:02:49.751390,ProjectB,ap-southeast-1,EC2,113.91119506980988,11.391119506980989,2.3921350964660073
2026-01-18 10:02:49.751390,ProjectB,eu-west-1,RDS,46.20924798458376,6.931387197687563,0.8248350765248201
2026-01-18 10:02:49.751390,ProjectB,ap-southeast-1,S3,246.26314852466533,5.664052416067303,0.05171526119017972
2026-01-18 10:02:49.751390,ProjectB,eu-west-1,DataTransfer,437.2910919768045,8.74582183953609,0.01040752798904795
2026-01-18 10:02:49.751390,ProjectC,ap-southeast-1,EC2,110.89825780205422,11.089825780205423,2.3288634138431386
2026-01-18 10:02:49.751390,ProjectC,eu-west-1,RDS,56.81349064223342,8.522023596335012,1.0141208079638666
2026-01-18 10:02:49.751390,ProjectC,eu-west-1,S3,242.03209765292095,5.566738246017183,0.02880181962069759
2026-01-18 10:02:49.751390,ProjectC,us-east-1,DataTransfer,620.0310405528086,12.400620811056172,0.025731288182941556
2026-01-18 10:02:49.751390,ProjectD,eu-west-1,EC2,125.74512107535357,12.574512107535355,1.4963669407967075
2026-01-18 10:02:49.751390,ProjectD,eu-west-1,RDS,61.23873261815169,9.185809892722752,1.0931113772340075
2026-01-18 10:02:49.751390,ProjectD,ap-southeast-1,S3,202.6669523796369,4.6613399047316495,0.04256005999972375
2026-01-18 10:02:49.751390,ProjectD,ap-southeast-1,DataTransfer,619.1313403213726,12.382626806427451,0.02600351629349765
2026-01-19 10:02:49.751390,ProjectA,eu-west-1,EC2,128.1886999361815,12.81886999361815,1.5254455292405598
2026-01-19 10:02:49.751390,ProjectA,us-east-1,RDS,61.41214057425806,9.211821086138707,1.911452875373782
2026-01-19 10:02:49.751390,ProjectA,ap-southeast-1,S3,218.99388310179756,5.036859311341344,0.04598871545137749
2026-01-19 10:02:49.751390,ProjectA,us-east-1,DataTransfer,452.5012550663181,9.05002510132636,0.0187788020852522
2026-01-19 10:02:49.751390,ProjectB,us-east-1,EC2,123.96062415306574,12.396062415306574,2.5721829511761136
2026-01-19 10:02:49.751390,ProjectB,us-east-1,RDS,53.66155295652744,8.049232943479117,1.6702158357719163
2026-01-19 10:02:49.751390,ProjectB,ap-southeast-1,S3,260.0908601557305,5.982089783581802,0.054619080632703404
2026-01-19 10:02:49.751390,ProjectB,eu-west-1,DataTransfer,574.3779608063732,11.487559216127464,0.013670195467191682
2026-01-19 10:02:49.751390,ProjectC,us-east-1,EC2,87.8956877762087,8.78956877762087,1.8238355213563304
2026-01-19 10:02:49.751390,ProjectC,us-east-1,RDS,51.386188825430494,7.707928323814574,1.599395127191524
2026-01-19 10:02:49.751390,ProjectC,us-east-1,S3,175.60412204457225,4.038894807025161,0.036437855324248744
2026-01-19 10:02:49.751390,ProjectC,ap-southeast-1,DataTransfer,524.191680325711,10.48383360651422,0.022016050573679863
2026-01-19 10:02:49.751390,ProjectD,us-east-1,EC2,89.47026332212583,8.947026332212584,1.856507963934111
2026-01-19 10:02:49.751390,ProjectD,ap-southeast-1,RDS,50.13122775754093,7.519684163631139,1.5791336743625393
2026-01-19 10:02:49.751390,ProjectD,eu-west-1,S3,203.6862018823365,4.68478264329374,0.024238658023998043
2026-01-19 10:02:49.751390,ProjectD,us-east-1,DataTransfer,644.0260474133667,12.880520948267334,0.026727080967654717
2026-01-20 10:02:49.751390,ProjectA,us-east-1,EC2,99.12203735712109,9.91220373571211,2.0567822751602622
2026-01-20 10:02:49.751390,ProjectA,us-east-1,RDS,64.90533544785026,9.73580031717754,2.0201785658143394
2026-01-20 10:02:49.751390,ProjectA,eu-west-1,S3,196.29457635862045,4.51477525624827,0.02335905458667583
2026-01-20 10:02:49.751390,ProjectA,us-east-1,DataTransfer,653.9070851060892,13.078141702121783,0.0271371440319027
2026-01-20 10:02:49.751390,ProjectB,us-east-1,EC2,110.67125489778267,11.067125489778268,2.29642853912899
2026-01-20 10:02:49.751390,ProjectB,ap-southeast-1,RDS,60.48394858820056,9.072592288230084,1.9052443805283175
2026-01-20 10:02:49.751390,ProjectB,eu-west-1,S3,259.2926601041652,5.963731182395799,0.030855826552395656
2026-01-20 10:02:49.751390,ProjectB,ap-southeast-1,DataTransfer,604.8402969057943,12.096805938115883,0.025403292470043363
2026-01-20 10:02:49.751390,ProjectC,us-east-1,EC2,107.38721594639124,10.738721594639124,2.228284730887618
2026-01-20 10:02:49.751390,ProjectC,us-east-1,RDS,51.27328177332411,7.690992265998616,1.5958808951947128
2026-01-20 10:02:49.751390,ProjectC,us-east-1,S3,196.03430060195595,4.508788913844986,0.040677117374905855
2026-01-20 10:02:49.751390,ProjectC,us-east-1,DataTransfer,441.0001653633136,8.820003307266273,0.018301506862577515
2026-01-20 10:02:49.751390,ProjectD,us-east-1,EC2,130.2438154185088,13.02438154185088,2.7025591699340574
2026-01-20 10:02:49.751390,ProjectD,us-east-1,RDS,63.84747368885555,9.577121053328332,1.9872526185656287
2026-01-20 10:02:49.751390,ProjectD,eu-west-1,S3,224.7209251996124,5.168581279591084,0.026741790098753875
2026-01-20 10:02:49.751390,ProjectD,eu-west-1,DataTransfer,491.8703609253311,9.83740721850662,0.011706514590022879
2026-01-21 10:02:49.751390,ProjectA,ap-southeast-1,EC2,97.4918649284294,9.74918649284294,2.0473291634970168
2026-01-21 10:02:49.751390,ProjectA,ap-southeast-1,RDS,48.85271402789119,7.327907104183678,1.5388604918785724
2026-01-21 10:02:49.751390,ProjectA,us-east-1,S3,239.5287247333984,5.509160668868163,0.049702210382180166
2026-01-21 10:02:49.751390,ProjectA,ap-southeast-1,DataTransfer,611.4023033291971,12.228046066583945,0.02567889673982628
2026-01-21 10:02:49.751390,ProjectB,us-east-1,EC2,116.62019417966246,11.662019417966247,2.4198690292279963
2026-01-21 10:02:49.751390,ProjectB,ap-southeast-1,RDS,65.31486402732565,9.797229604098847,2.057418216860758
2026-01-21 10:02:49.751390,ProjectB,ap-southeast-1,S3,192.09164268931485,4.418107781854242,0.04033924496475612
2026-01-21 10:02:49.751390,ProjectB,eu-west-1,DataTransfer,476.9992669020799,9.539985338041598,0.011352582552269503
2026-01-21 10:02:49.751390,ProjectC,us-east-1,EC2,131.74668895871775,13.174668895871775,2.7337437958933934
2026-01-21 10:02:49.751390,ProjectC,ap-southeast-1,RDS,46.11913342620491,6.917870013930736,1.4527527029254546
2026-01-21 10:02:49.751390,ProjectC,us-east-1,S3,228.62923028124104,5.258472296468544,0.047440565283357515
2026-01-21 10:02:49.751390,ProjectC,us-east-1,DataTransfer,636.451112252512,12.72902224505024,0.026412721158479244
2026-01-21 10:02:49.751390,ProjectD,ap-southeast-1,EC2,110.55430214604591,11.055430214604591,2.3216403450669643
2026-01-21 10:02:49.751390,ProjectD,ap-southeast-1,RDS,50.36514284817622,7.554771427226433,1.5865019997175507
2026-01-21 10:02:49.751390,ProjectD,ap-southeast-1,S3,229.47422613649613,5.277907201139411,0.048189587488664185
2026-01-21 10:02:49.751390,ProjectD,ap-southeast-1,DataTransfer,492.4891625280666,9.849783250561332,0.020684544826178798
2026-01-22 10:02:49.751390,ProjectA,us-east-1,EC2,95.26482196494722,9.526482196494722,1.9767450557726547
2026-01-22 10:02:49.751390,ProjectA,ap-southeast-1,RDS,55.48345979825996,8.322518969738994,1.7477289836451886
2026-01-22 10:02:49.751390,ProjectA,us-east-1,S3,233.04081595222465,5.359938766901167,0.048355969310086615
2026-01-22 10:02:49.751390,ProjectA,ap-southeast-1,DataTransfer,516.1400223003332,10.322800446006664,0.021677880936613995
2026-01-22 10:02:49.751390,ProjectB,eu-west-1,EC2,113.25647414131085,11.325647414131083,1.347752042281599
2026-01-22 10:02:49.751390,ProjectB,us-east-1,RDS,63.42814678343851,9.514222017515776,1.9742010686345233
2026-01-22 10:02:49.751390,ProjectB,eu-west-1,S3,196.25507542471755,4.513866734768503,0.023354353975541385
2026-01-22 10:02:49.751390,ProjectB,us-east-1,DataTransfer,540.1695221348369,10.803390442696738,0.022417035168595733
2026-01-22 10:02:49.751390,ProjectC,ap-southeast-1,EC2,127.14861540190545,12.714861540190544,2.670120923440014
2026-01-22 10:02:49.751390,ProjectC,ap-southeast-1,RDS,64.79653372632195,9.719480058948292,2.0410908123791414
2026-01-22 10:02:49.751390,ProjectC,ap-southeast-1,S3,229.08687260849655,5.268998069995421,0.048108243247784274
2026-01-22 10:02:49.751390,ProjectC,us-east-1,DataTransfer,460.39267438984245,9.20785348779685,0.019106295987178463
2026-01-22 10:02:49.751390,ProjectD,ap-southeast-1,EC2,93.43578297618828,9.34357829761883,1.9621514424999538
2026-01-22 10:02:49.751390,ProjectD,ap-southeast-1,RDS,62.04997711861593,9.30749656779239,1.9545742792364014
2026-01-22 10:02:49.751390,ProjectD,us-east-1,S3,193.7831345158972,4.457012093865635,0.04021000041204866
2026-01-22 10:02:49.751390,ProjectD,ap-southeast-1,DataTransfer,563.068980006537,11.26137960013074,0.023648897160274553
2026-01-23 10:02:49.751390,ProjectA,ap-southeast-1,EC2,116.4342158643616,11.643421586436162,2.445118533151594
2026-01-23 10:02:49.751390,ProjectA,eu-west-1,RDS,55.33816107570852,8.300724161356278,0.9877861752013971
2026-01-23 10:02:49.751390,ProjectA,ap-southeast-1,S3,267.4055272070136,6.150327125761313,0.05615516071347285
2026-01-23 10:02:49.751390,ProjectA,us-east-1,DataTransfer,509.4456560589017,10.188913121178032,0.021141994726444423
2026-01-23 10:02:49.751390,ProjectB,us-east-1,EC2,95.93903082150824,9.593903082150826,1.990734889546296
2026-01-23 10:02:49.751390,ProjectB,eu-west-1,RDS,63.2005637099598,9.480084556493969,1.1281300622227826
2026-01-23 10:02:49.751390,ProjectB,us-east-1,S3,237.25739517530403,5.456920089031993,0.04923090949887558
2026-01-23 10:02:49.751390,ProjectB,us-east-1,DataTransfer,612.3245873418272,12.246491746836544,0.025411470374685826
2026-01-23 10:02:49.751390,ProjectC,us-east-1,EC2,102.80035569363214,10.280035569363214,2.133107380642867
2026-01-23 10:02:49.751390,ProjectC,us-east-1,RDS,62.817167107151285,9.422575066072692,1.9551843262100839
2026-01-23 10:02:49.751390,ProjectC,us-east-1,S3,198.4538223201545,4.5644379133635535,0.041179168131432055
2026-01-23 10:02:49.751390,ProjectC,us-east-1,DataTransfer,664.9967669170095,13.299935338340193,0.027597365827055895
2026-01-23 10:02:49.751390,ProjectD,ap-southeast-1,EC2,113.66230482974312,11.366230482974313,2.386908401424605
2026-01-23 10:02:49.751390,ProjectD,eu-west-1,RDS,49.714898971734094,7.457234845760114,0.8874109466454535
2026-01-23 10:02:49.751390,ProjectD,ap-southeast-1,S3,232.30001516051493,5.342900348691844,0.04878300318370814
2026-01-23 10:02:49.751390,ProjectD,us-east-1,DataTransfer,600.5341711834145,12.01068342366829,0.024922168104111703
2026-01-24 10:02:49.751390,ProjectA,ap-southeast-1,EC2,123.34857131359009,12.334857131359009,2.5903199975853917
2026-01-24 10:02:49.751390,ProjectA,eu-west-1,RDS,65.47550031927088,9.821325047890632,1.168737680698985
2026-01-24 10:02:49.751390,ProjectA,ap-southeast-1,S3,211.2540846125586,4.858843946088848,0.044363357768637306
2026-01-24 10:02:49.751390,ProjectA,eu-west-1,DataTransfer,527.5348391762533,10.550696783525066,0.012555329172394828
2026-01-24 10:02:49.751390,ProjectB,us-east-1,EC2,101.53715387297692,10.153715387297694,2.1068959428642713
2026-01-24 10:02:49.751390,ProjectB,eu-west-1,RDS,57.05991828845965,8.558987743268947,1.018519541449005
2026-01-24 10:02:49.751390,ProjectB,eu-west-1,S3,182.87200550276796,4.206056126563662,0.021761768654829386
2026-01-24 10:02:49.751390,ProjectB,us-east-1,DataTransfer,630.1102323028044,12.602204646056087,0.026149574640566383
2026-01-24 10:02:49.751390,ProjectC,ap-southeast-1,EC2,90.35812292246575,9.035812292246575,1.8975205813717808
2026-01-24 10:02:49.751390,ProjectC,us-east-1,RDS,59.50667119868263,8.926000679802394,1.852145141058997
2026-01-24 10:02:49.751390,ProjectC,eu-west-1,S3,267.329647251009,6.148581886773207,0.03181222802287007
2026-01-24 10:02:49.751390,ProjectC,eu-west-1,DataTransfer,644.6632517527906,12.893265035055814,0.01534298539171642
2026-01-24 10:02:49.751390,ProjectD,ap-southeast-1,EC2,124.15469056917806,12.415469056917807,2.607248501952739
2026-01-24 10:02:49.751390,ProjectD,eu-west-1,RDS,58.64883542842573,8.79732531426386,1.046881712397399
2026-01-24 10:02:49.751390,ProjectD,eu-west-1,S3,186.65349114181276,4.293030296261693,0.022211765445875716
2026-01-24 10:02:49.751390,ProjectD,us-east-1,DataTransfer,526.858908490763,10.53717816981526,0.021864644702366667
2026-01-25 10:02:49.751390,ProjectA,us-east-1,EC2,96.42299710490587,9.642299710490589,2.000777189926797
2026-01-25 10:02:49.751390,ProjectA,us-east-1,RDS,58.64769771459746,8.797154657189619,1.8254095913668458
2026-01-25 10:02:49.751390,ProjectA,us-east-1,S3,188.50207408597325,4.335547703977385,0.039114180372839445
2026-01-25 10:02:49.751390,ProjectA,eu-west-1,DataTransfer,605.2781694260423,12.105563388520846,0.014405620432339807
2026-01-25 10:02:49.751390,ProjectB,us-east-1,EC2,126.78985900391676,12.678985900391677,2.6308895743312726
2026-01-25 10:02:49.751390,ProjectB,eu-west-1,RDS,54.545152124916136,8.18177281873742,0.9736309654297529
2026-01-25 10:02:49.751390,ProjectB,us-east-1,S3,191.90513735280612,4.413818159114541,0.03982031600070727
2026-01-25 10:02:49.751390,ProjectB,ap-southeast-1,DataTransfer,674.0137704960405,13.480275409920807,0.0283085783608337
2026-01-25 10:02:49.751390,ProjectC,ap-southeast-1,EC2,98.67943079016337,9.867943079016335,2.0722680465934307
2026-01-25 10:02:49.751390,ProjectC,eu-west-1,RDS,49.29768867774044,7.394653301661066,0.8799637428976668
2026-01-25 10:02:49.751390,ProjectC,us-east-1,S3,235.3405953592141,5.412833693261924,0.04883317353703692
2026-01-25 10:02:49.751390,ProjectC,us-east-1,DataTransfer,453.4369338558731,9.068738677117462,0.018817632755018736
2026-01-25 10:02:49.751390,ProjectD,eu-west-1,EC2,122.55547513358808,12.25554751335881,1.458410154089698
2026-01-25 10:02:49.751390,ProjectD,us-east-1,RDS,53.5648037142206,8.03472055713309,1.667204515605116
2026-01-25 10:02:49.751390,ProjectD,us-east-1,S3,268.26303259082994,6.170049749589088,0.055664579262597214
2026-01-25 10:02:49.751390,ProjectD,us-east-1,DataTransfer,450.4426453639136,9.008852907278271,0.018693369782602415
2026-01-26 10:02:49.751390,ProjectA,eu-west-1,EC2,129.74759272542485,12.974759272542483,1.5439963534325556
2026-01-26 10:02:49.751390,ProjectA,us-east-1,RDS,58.02284520638046,8.703426780957068,1.8059610570485916
2026-01-26 10:02:49.751390,ProjectA,ap-southeast-1,S3,202.43235723014035,4.655944216293228,0.042510795018329474
2026-01-26 10:02:49.751390,ProjectA,ap-southeast-1,DataTransfer,606.4226673623439,12.128453347246875,0.025469752029218445
2026-01-26 10:02:49.751390,ProjectB,eu-west-1,EC2,99.45983988368116,9.945983988368116,1.1835720946158057
2026-01-26 10:02:49.751390,ProjectB,us-east-1,RDS,49.02444833079946,7.353667249619918,1.5258859542961332
2026-01-26 10:02:49.751390,ProjectB,us-east-1,S3,192.37374710586644,4.424596183434928,0.039917552524467284
2026-01-26 10:02:49.751390,ProjectB,eu-west-1,DataTransfer,668.0806534217003,13.361613068434004,0.015900319551436465
2026-01-26 10:02:49.751390,ProjectC,eu-west-1,EC2,104.64031597330826,10.464031597330829,1.2452197600823685
2026-01-26 10:02:49.751390,ProjectC,ap-southeast-1,RDS,57.07454908922516,8.561182363383773,1.7978482963105924
2026-01-26 10:02:49.751390,ProjectC,us-east-1,S3,270.1347135104955,6.213098410741396,0.05605295305342781
2026-01-26 10:02:49.751390,ProjectC,eu-west-1,DataTransfer,470.0839512406795,9.401679024813587,0.011187998039528172
2026-01-26 10:02:49.751390,ProjectD,ap-southeast-1,EC2,114.92530529861143,11.492530529861144,2.41343141127084
2026-01-26 10:02:49.751390,ProjectD,us-east-1,RDS,58.68512960096546,8.802769440144818,1.8265746588300495
2026-01-26 10:02:49.751390,ProjectD,us-east-1,S3,241.51033595257584,5.554737726909244,0.050113394710159485
2026-01-26 10:02:49.751390,ProjectD,us-east-1,DataTransfer,600.9852298866821,12.01970459773364,0.024940887040297302
2026-01-27 10:02:49.751390,ProjectA,eu-west-1,EC2,94.91333503295476,9.491333503295476,1.1294686868921617
2026-01-27 10:02:49.751390,ProjectA,ap-southeast-1,RDS,66.79032368555791,10.018548552833686,2.1038951960950745
2026-01-27 10:02:49.751390,ProjectA,us-east-1,S3,185.03519565362097,4.2558095000332825,0.03839480309812635
2026-01-27 10:02:49.751390,ProjectA,eu-west-1,DataTransfer,513.6796927000263,10.273593854000524,0.012225576686260625
2026-01-27 10:02:49.751390,ProjectB,ap-southeast-1,EC2,92.83693837679212,9.283693837679213,1.9495757059126342
2026-01-27 10:02:49.751390,ProjectB,eu-west-1,RDS,45.491947242387226,6.823792086358083,0.812031258276612
2026-01-27 10:02:49.751390,ProjectB,eu-west-1,S3,214.34112586794467,4.929845894962727,0.025506593978285415
2026-01-27 10:02:49.751390,ProjectB,eu-west-1,DataTransfer,509.7473072110357,10.194946144220715,0.01213198591162265
2026-01-27 10:02:49.751390,ProjectC,ap-southeast-1,EC2,130.12455889709344,13.012455889709344,2.732615736838962
2026-01-27 10:02:49.751390,ProjectC,eu-west-1,RDS,50.28459638948546,7.542689458422818,0.8975800455523153
2026-01-27 10:02:49.751390,ProjectC,ap-southeast-1,S3,248.72176570369945,5.720600611185088,0.052231570797776884
2026-01-27 10:02:49.751390,ProjectC,ap-southeast-1,DataTransfer,623.5753835105807,12.471507670211611,0.026190166107444388
2026-01-27 10:02:49.751390,ProjectD,eu-west-1,EC2,135.68635950470951,13.568635950470952,1.614667678106043
2026-01-27 10:02:49.751390,ProjectD,eu-west-1,RDS,54.22068436406783,8.133102654610173,0.9678392158986105
2026-01-27 10:02:49.751390,ProjectD,ap-southeast-1,S3,232.14944971967623,5.339437343552553,0.048751384441132
2026-01-27 10:02:49.751390,ProjectD,eu-west-1,DataTransfer,642.7142374889895,12.85428474977979,0.01529659885223795
2026-01-28 10:02:49.751390,ProjectA,us-east-1,EC2,135.1976267318781,13.519762673187811,2.8053507546864704
2026-01-28 10:02:49.751390,ProjectA,eu-west-1,RDS,63.03145435132833,9.454718152699249,1.1251114601712107
2026-01-28 10:02:49.751390,ProjectA,us-east-1,S3,183.97679260427304,4.23146622989828,0.038175184465386654
2026-01-28 10:02:49.751390,ProjectA,us-east-1,DataTransfer,538.6396067312015,10.77279213462403,0.02235354367934486
2026-01-28 10:02:49.751390,ProjectB,us-east-1,EC2,100.48852528325662,10.048852528325662,2.085136899627575
2026-01-28 10:02:49.751390,ProjectB,us-east-1,RDS,59.14034211313992,8.871051316970988,1.8407431482714798
2026-01-28 10:02:49.751390,ProjectB,eu-west-1,S3,256.9553704324872,5.909973519947205,0.03057768908146597
2026-01-28 10:02:49.751390,ProjectB,eu-west-1,DataTransfer,578.0142879482453,11.560285758964906,0.013756740053168239
2026-01-28 10:02:49.751390,ProjectC,us-east-1,EC2,96.38628073962415,9.638628073962415,2.000015325347201
2026-01-28 10:02:49.751390,ProjectC,us-east-1,RDS,65.73057064115984,9.859585596173975,2.0458640112061
2026-01-28 10:02:49.751390,ProjectC,us-east-1,S3,184.22571003306308,4.237191330760451,0.03822683483186058
2026-01-28 10:02:49.751390,ProjectC,us-east-1,DataTransfer,531.2438649689029,10.624877299378058,0.02204662039620947
2026-01-28 10:02:49.751390,ProjectD,us-east-1,EC2,133.32865064143775,13.332865064143776,2.766569500809833
2026-01-28 10:02:49.751390,ProjectD,eu-west-1,RDS,66.28345084612276,9.942517626918416,1.1831595976032914
2026-01-28 10:02:49.751390,ProjectD,ap-southeast-1,S3,255.9658650984557,5.8872148972644816,0.053752831670675696
2026-01-28 10:02:49.751390,ProjectD,eu-west-1,DataTransfer,478.337209741233,9.56674419482466,0.011384425591841345
2026-01-29 10:02:49.751390,ProjectA,eu-west-1,EC2,131.34040858183295,13.134040858183296,1.562950862123812
2026-01-29 10:02:49.751390,ProjectA,us-east-1,RDS,63.07552565027364,9.461328847541044,1.9632257358647671
2026-01-29 10:02:49.751390,ProjectA,eu-west-1,S3,189.26251903691397,4.35303793784902,0.02252223976539276
2026-01-29 10:02:49.751390,ProjectA,eu-west-1,DataTransfer,529.5189522799748,10.590379045599496,0.0126025510642634
2026-01-29 10:02:49.751390,ProjectB,eu-west-1,EC2,107.64617466209238,10.764617466209238,1.2809894784788993
2026-01-29 10:02:49.751390,ProjectB,eu-west-1,RDS,56.937512314811705,8.540626847221755,1.016334594819389
2026-01-29 10:02:49.751390,ProjectB,eu-west-1,S3,237.352897735254,5.459116647910841,0.028244994830495224
2026-01-29 10:02:49.751390,ProjectB,us-east-1,DataTransfer,520.4483862178338,10.408967724356676,0.021598608028040103
2026-01-29 10:02:49.751390,ProjectC,eu-west-1,EC2,110.10070628917371,11.010070628917374,1.3101984048411672
2026-01-29 10:02:49.751390,ProjectC,eu-west-1,RDS,68.42110497787542,10.263165746681311,1.221316723855076
2026-01-29 10:02:49.751390,ProjectC,us-east-1,S3,246.0917888379853,5.660111143273662,0.051064046183881946
2026-01-29 10:02:49.751390,ProjectC,eu-west-1,DataTransfer,633.3453090791444,12.666906181582888,0.015073618356083635
2026-01-29 10:02:49.751390,ProjectD,ap-southeast-1,EC2,104.75587861930154,10.475587861930157,2.1998734510053324
2026-01-29 10:02:49.751390,ProjectD,ap-southeast-1,RDS,63.69085425921386,9.55362813888208,2.0062619091652367
2026-01-29 10:02:49.751390,ProjectD,eu-west-1,S3,220.0795472481297,5.061829586706983,0.026189466122527434
2026-01-29 10:02:49.751390,ProjectD,us-east-1,DataTransfer,551.71437098422,11.0342874196844,0.022896146395845127
2026-01-30 10:02:49.751390,ProjectA,eu-west-1,EC2,129.56605503551685,12.956605503551684,1.5418360549226504
2026-01-30 10:02:49.751390,ProjectA,ap-southeast-1,RDS,53.2278437573655,7.984176563604825,1.676677078357013
2026-01-30 10:02:49.751390,ProjectA,eu-west-1,S3,195.3748127590571,4.493620693458314,0.023249602718327794
2026-01-30 10:02:49.751390,ProjectA,eu-west-1,DataTransfer,514.0856245549602,10.281712491099205,0.012235237864408053
2026-01-30 10:02:49.751390,ProjectB,us-east-1,EC2,107.98585449466717,10.798585449466716,2.2407064807643438
2026-01-30 10:02:49.751390,ProjectB,eu-west-1,RDS,46.1879600202136,6.92819400303204,0.8244550863608127
2026-01-30 10:02:49.751390,ProjectB,ap-southeast-1,S3,196.66456462879336,4.523284986462248,0.041299558572046605
2026-01-30 10:02:49.751390,ProjectB,us-east-1,DataTransfer,669.5277025461642,13.390554050923283,0.027785399655665812
2026-01-30 10:02:49.751390,ProjectC,us-east-1,EC2,104.77427057569211,10.477427057569212,2.1740661144456115
2026-01-30 10:02:49.751390,ProjectC,ap-southeast-1,RDS,56.43394025145304,8.465091037717956,1.7776691179207706
2026-01-30 10:02:49.751390,ProjectC,eu-west-1,S3,194.3526597914868,4.470111175204197,0.023127966515186924
2026-01-30 10:02:49.751390,ProjectC,eu-west-1,DataTransfer,470.17771203250174,9.403554240650037,0.011190229546373543
2026-01-30 10:02:49.751390,ProjectD,eu-west-1,EC2,133.89001146795826,13.389001146795827,1.5932911364687035
2026-01-30 10:02:49.751390,ProjectD,us-east-1,RDS,66.13491483013927,9.92023722452089,2.0584492240880845
2026-01-30 10:02:49.751390,ProjectD,eu-west-1,S3,236.17468185611892,5.432017682690736,0.028104787140878152
2026-01-30 10:02:49.751390,ProjectD,eu-west-1,DataTransfer,503.0226073381924,10.060452146763849,0.01197193805464898
2026-01-31 10:02:49.751390,ProjectA,eu-west-1,EC2,103.49785282529508,10.349785282529508,1.2316244486210115
2026-01-31 10:02:49.751390,ProjectA,ap-southeast-1,RDS,59.27133848851023,8.890700773276535,1.867047162388072
2026-01-31 10:02:49.751390,ProjectA,eu-west-1,S3,237.3183910517271,5.458322994189723,0.028240888535155526
2026-01-31 10:02:49.751390,ProjectA,us-east-1,DataTransfer,596.7032705140941,11.934065410281884,0.024763185726334905
2026-01-31 10:02:49.751390,ProjectB,us-east-1,EC2,129.04023575210996,12.904023575210998,2.6775848918562817
2026-01-31 10:02:49.751390,ProjectB,eu-west-1,RDS,65.19613492829507,9.77942023924426,1.1637510084700669
2026-01-31 10:02:49.751390,ProjectB,ap-southeast-1,S3,221.5468593051524,5.095577764018505,0.046524840454082
2026-01-31 10:02:49.751390,ProjectB,ap-southeast-1,DataTransfer,559.0320629535885,11.18064125907177,0.023479346644050717
2026-01-31 10:02:49.751390,ProjectC,eu-west-1,EC2,132.81063265895708,13.281063265895709,1.580446528641589
2026-01-31 10:02:49.751390,ProjectC,us-east-1,RDS,64.40805326729333,9.661207990094,2.004700657944505
2026-01-31 10:02:49.751390,ProjectC,us-east-1,S3,207.8885624512872,4.781436936379605,0.043136876708642094
2026-01-31 10:02:49.751390,ProjectC,eu-west-1,DataTransfer,538.8687414513765,10.777374829027533,0.01282507604654276
2026-01-31 10:02:49.751390,ProjectD,ap-southeast-1,EC2,103.07637993121638,10.307637993121638,2.1646039785555438
2026-01-31 10:02:49.751390,ProjectD,eu-west-1,RDS,65.48258114938197,9.822387172407296,1.1688640735164681
2026-01-31 10:02:49.751390,ProjectD,us-east-1,S3,243.3205708139035,5.59637312871978,0.050489018443884974
2026-01-31 10:02:49.751390,ProjectD,ap-southeast-1,DataTransfer,570.851997217836,11.41703994435672,0.023975783883149113
2026-02-01 10:02:49.751390,ProjectA,us-east-1,EC2,119.6287245523946,11.96287245523946,2.4822960344621876
2026-02-01 10:02:49.751390,ProjectA,eu-west-1,RDS,50.582796728458725,7.587419509268808,0.9029029216029882
2026-02-01 10:02:49.751390,ProjectA,ap-southeast-1,S3,218.84788568449525,5.033501370743391,0.045958055993744
2026-02-01 10:02:49.751390,ProjectA,eu-west-1,DataTransfer,641.4648261978246,12.829296523956492,0.015266862863508226
2026-02-01 10:02:49.751390,ProjectB,ap-southeast-1,EC2,93.97916811833028,9.39791681183303,1.9735625304849358
2026-02-01 10:02:49.751390,ProjectB,eu-west-1,RDS,68.65427469822667,10.298141204734,1.225478803363346
2026-02-01 10:02:49.751390,ProjectB,us-east-1,S3,275.9901430939705,6.347773291161322,0.05726795469199888
2026-02-01 10:02:49.751390,ProjectB,ap-southeast-1,DataTransfer,572.1201526671562,11.442403053343124,0.02402904641202056
2026-02-01 10:02:49.751390,ProjectC,ap-southeast-1,EC2,100.36203214829332,10.036203214829332,2.10760267511416
2026-02-01 10:02:49.751390,ProjectC,ap-southeast-1,RDS,66.81970606562034,10.02295590984305,2.1048207410670403
2026-02-01 10:02:49.751390,ProjectC,us-east-1,S3,186.41414901190572,4.287525427273832,0.03868093591997044
2026-02-01 10:02:49.751390,ProjectC,ap-southeast-1,DataTransfer,513.000167546362,10.26000335092724,0.021546007036947205
2026-02-01 10:02:49.751390,ProjectD,eu-west-1,EC2,124.9136739600663,12.49136739600663,1.486472720124789
2026-02-01 10:02:49.751390,ProjectD,ap-southeast-1,RDS,50.601238382948885,7.590185757442333,1.5939390090628898
2026-02-01 10:02:49.751390,ProjectD,us-east-1,S3,202.81374652348543,4.6647161700401645,0.04208385240362322
2026-02-01 10:02:49.751390,ProjectD,ap-southeast-1,DataTransfer,599.5462523990424,11.990925047980848,0.02518094260075978
2026-02-02 10:02:49.751390,ProjectA,eu-west-1,EC2,93.2415627869304,9.32415627869304,1.1095745971644717
2026-02-02 10:02:49.751390,ProjectA,eu-west-1,RDS,53.053460936655775,7.958019140498366,0.9470042777193055
2026-02-02 10:02:49.751390,ProjectA,ap-southeast-1,S3,266.860358547909,6.137788246601907,0.05604067529506089
2026-02-02 10:02:49.751390,ProjectA,ap-southeast-1,DataTransfer,485.8042585040328,9.716085170080657,0.020403778857169378
2026-02-02 10:02:49.751390,ProjectB,eu-west-1,EC2,101.47078559062244,10.147078559062244,1.207502348528407
2026-02-02 10:02:49.751390,ProjectB,ap-southeast-1,RDS,69.10940992928263,10.366411489392394,2.1769464127724025
2026-02-02 10:02:49.751390,ProjectB,ap-southeast-1,S3,220.4933182768765,5.07134632036816,0.046303596838144064
2026-02-02 10:02:49.751390,ProjectB,eu-west-1,DataTransfer,515.5617198340238,10.311234396680478,0.012270368932049767
2026-02-02 10:02:49.751390,ProjectC,us-east-1,EC2,127.12035455661258,12.712035455661258,2.6377473570497108
2026-02-02 10:02:49.751390,ProjectC,eu-west-1,RDS,67.77613018167928,10.166419527251891,1.209803923742975
2026-02-02 10:02:49.751390,ProjectC,ap-southeast-1,S3,238.1151581377176,5.4766486371675045,0.050004183208920694
2026-02-02 10:02:49.751390,ProjectC,us-east-1,DataTransfer,542.3909397044571,10.84781879408914,0.022509223997734966
2026-02-02 10:02:49.751390,ProjectD,us-east-1,EC2,132.78645629343956,13.278645629343956,2.755318968088871
2026-02-02 10:02:49.751390,ProjectD,ap-southeast-1,RDS,50.261035017165234,7.539155252574785,1.5832226030407048
2026-02-02 10:02:49.751390,ProjectD,us-east-1,S3,252.2412810411738,5.801549463946998,0.052340065816043564
2026-02-02 10:02:49.751390,ProjectD,eu-west-1,DataTransfer,505.4265357195072,10.108530714390144,0.012029151550124271
2026-02-03 10:02:49.751390,ProjectA,us-east-1,EC2,105.64237850634318,10.56423785063432,2.1920793540066206
2026-02-03 10:02:49.751390,ProjectA,eu-west-1,RDS,60.71724096219386,9.10758614432908,1.0838027511751605
2026-02-03 10:02:49.751390,ProjectA,eu-west-1,S3,211.3572263518797,4.861216206093232,0.025151509935873683
2026-02-03 10:02:49.751390,ProjectA,us-east-1,DataTransfer,603.9739822803773,12.079479645607549,0.025064920264635658
2026-02-03 10:02:49.751390,ProjectB,ap-southeast-1,EC2,119.90142384400748,11.990142384400748,2.517929900724157
2026-02-03 10:02:49.751390,ProjectB,ap-southeast-1,RDS,57.49298143998077,8.623947215997116,1.8110289153593944
2026-02-03 10:02:49.751390,ProjectB,ap-southeast-1,S3,268.0450346497022,6.16503579694315,0.05628945727643746
2026-02-03 10:02:49.751390,ProjectB,eu-west-1,DataTransfer,532.5519454605629,10.65103890921126,0.012674736301961398
2026-02-03 10:02:49.751390,ProjectC,ap-southeast-1,EC2,120.40462489316924,12.040462489316925,2.528497122756554
2026-02-03 10:02:49.751390,ProjectC,us-east-1,RDS,54.43278381671632,8.164917572507447,1.694220396295295
2026-02-03 10:02:49.751390,ProjectC,ap-southeast-1,S3,263.4926123055706,6.060330083028124,0.05533344858416983
2026-02-03 10:02:49.751390,ProjectC,ap-southeast-1,DataTransfer,546.7637786293737,10.935275572587477,0.022964078702433697
2026-02-03 10:02:49.751390,ProjectD,eu-west-1,EC2,116.37985032517685,11.637985032517683,1.3849202188696044
2026-02-03 10:02:49.751390,ProjectD,ap-southeast-1,RDS,64.32614260966021,9.648921391449033,2.0262734922042966
2026-02-03 10:02:49.751390,ProjectD,eu-west-1,S3,232.8214893274717,5.35489425453185,0.02770575722996913
2026-02-03 10:02:49.751390,ProjectD,ap-southeast-1,DataTransfer,653.4210487934497,13.068420975868994,0.027443684049324887
2026-02-04 10:02:49.751390,ProjectA,us-east-1,EC2,108.9444985504036,10.894449855040362,2.2605983449208744
2026-02-04 10:02:49.751390,ProjectA,ap-southeast-1,RDS,48.28041718665796,7.242062577998693,1.5208331413797256
2026-02-04 10:02:49.751390,ProjectA,us-east-1,S3,191.66775283331472,4.408358315166239,0.0397710587129128
2026-02-04 10:02:49.751390,ProjectA,us-east-1,DataTransfer,601.4791086464493,12.029582172928986,0.024961383008827644
2026-02-04 10:02:49.751390,ProjectB,ap-southeast-1,EC2,99.68106324645328,9.96810632464533,2.0933023281755183
2026-02-04 10:02:49.751390,ProjectB,ap-southeast-1,RDS,48.4926485102066,7.27389727653099,1.5275184280715077
2026-02-04 10:02:49.751390,ProjectB,ap-southeast-1,S3,241.34863520917835,5.551018609811101,0.05068321339392745
2026-02-04 10:02:49.751390,ProjectB,ap-southeast-1,DataTransfer,549.601563163675,10.9920312632735,0.02308326565287435
2026-02-04 10:02:49.751390,ProjectC,eu-west-1,EC2,128.67625146311778,12.86762514631178,1.5312473924111016
2026-02-04 10:02:49.751390,ProjectC,us-east-1,RDS,46.87965865529773,7.03194879829466,1.4591293756461419
2026-02-04 10:02:49.751390,ProjectC,ap-southeast-1,S3,225.906444666061,5.195848227319403,0.047440353379872804
2026-02-04 10:02:49.751390,ProjectC,us-east-1,DataTransfer,532.4516752539399,10.6490335050788,0.022096744523038506
2026-02-04 10:02:49.751390,ProjectD,ap-southeast-1,EC2,138.20303030138228,13.820303030138229,2.9022636363290277
2026-02-04 10:02:49.751390,ProjectD,us-east-1,RDS,58.88972734016595,8.833459101024891,1.8329427634626647
2026-02-04 10:02:49.751390,ProjectD,us-east-1,S3,208.4578853431544,4.794531362892551,0.043255011208704536
2026-02-04 10:02:49.751390,ProjectD,ap-southeast-1,DataTransfer,675.6455314344906,13.512910628689813,0.0283771123202486
2026-02-05 10:02:49.751390,ProjectA,ap-southeast-1,EC2,100.58475442294154,10.058475442294156,2.1122798428817724
2026-02-05 10:02:49.751390,ProjectA,eu-west-1,RDS,66.14796638512378,9.922194957768566,1.1807411999744593
2026-02-05 10:02:49.751390,ProjectA,ap-southeast-1,S3,195.60047358075133,4.49881089235728,0.04107609945195778
2026-02-05 10:02:49.751390,ProjectA,eu-west-1,DataTransfer,503.72557375477845,10.07451147509557,0.011988668655363728
2026-02-05 10:02:49.751390,ProjectB,eu-west-1,EC2,106.56925359597145,10.656925359597146,1.26817411779206
2026-02-05 10:02:49.751390,ProjectB,eu-west-1,RDS,61.99496376252852,9.299244564379276,1.106610103161134
2026-02-05 10:02:49.751390,ProjectB,eu-west-1,S3,262.6558647429233,6.041084889087236,0.03125604790440787
2026-02-05 10:02:49.751390,ProjectB,us-east-1,DataTransfer,576.8892367190984,11.537784734381969,0.023940903323842588
2026-02-05 10:02:49.751390,ProjectC,us-east-1,EC2,111.60694037168344,11.160694037168346,2.315844012712431
2026-02-05 10:02:49.751390,ProjectC,us-east-1,RDS,55.55835512160967,8.33375326824145,1.7292538031601012
2026-02-05 10:02:49.751390,ProjectC,eu-west-1,S3,216.830298241042,4.987096859543965,0.025802805490683995
2026-02-05 10:02:49.751390,ProjectC,ap-southeast-1,DataTransfer,617.9440903109437,12.358881806218877,0.025953651793059637
2026-02-05 10:02:49.751390,ProjectD,us-east-1,EC2,122.28574512400183,12.228574512400185,2.537429211323038
2026-02-05 10:02:49.751390,ProjectD,us-east-1,RDS,58.198414449067165,8.729762167360075,1.8114256497272154
2026-02-05 10:02:49.751390,ProjectD,eu-west-1,S3,267.1937708877436,6.145456730418102,0.03179605873564149
2026-02-05 10:02:49.751390,ProjectD,ap-southeast-1,DataTransfer,566.1322087158458,11.322644174316917,0.023777552766065524
2026-02-06 10:02:49.751390,ProjectA,us-east-1,EC2,108.14630038162986,10.814630038162989,2.2440357329188196
2026-02-06 10:02:49.751390,ProjectA,us-east-1,RDS,54.48258878226436,8.172388317339653,1.695770575847978
2026-02-06 10:02:49.751390,ProjectA,us-east-1,S3,245.2724228047348,5.6412657245089,0.05089402773198247
2026-02-06 10:02:49.751390,ProjectA,ap-southeast-1,DataTransfer,705.389745385939,14.10779490771878,0.02962636930620944
2026-02-06 10:02:49.751390,ProjectB,eu-west-1,EC2,95.57113488663424,9.557113488663424,1.1372965051509474
2026-02-06 10:02:49.751390,ProjectB,ap-southeast-1,RDS,69.24927577026085,10.387391365539129,2.181352186763217
2026-02-06 10:02:49.751390,ProjectB,ap-southeast-1,S3,199.35755134312325,4.5852236808918345,0.04186508578205588
2026-02-06 10:02:49.751390,ProjectB,eu-west-1,DataTransfer,661.2651798952224,13.22530359790445,0.015738111281506293
2026-02-06 10:02:49.751390,ProjectC,us-east-1,EC2,136.1015613935503,13.61015613935503,2.8241073989161682
2026-02-06 10:02:49.751390,ProjectC,us-east-1,RDS,55.91499333041376,8.387248999562063,1.740354167409128
2026-02-06 10:02:49.751390,ProjectC,us-east-1,S3,211.7583922840196,4.87044302253245,0.04393986639893407
2026-02-06 10:02:49.751390,ProjectC,ap-southeast-1,DataTransfer,575.6417031414811,11.512834062829622,0.024176951531942208
2026-02-06 10:02:49.751390,ProjectD,eu-west-1,EC2,118.6771853212536,11.86771853212536,1.4122585053229177
2026-02-06 10:02:49.751390,ProjectD,eu-west-1,RDS,50.5896318620942,7.58844477931413,0.9030249287383814
2026-02-06 10:02:49.751390,ProjectD,ap-southeast-1,S3,223.6499829947901,5.143949608880173,0.046966496428905914
2026-02-06 10:02:49.751390,ProjectD,us-east-1,DataTransfer,573.8368971199537,11.476737942399074,0.02381423123047808
2026-02-07 10:02:49.751390,ProjectA,us-east-1,EC2,106.07506412550684,10.607506412550684,2.201057580604267
2026-02-07 10:02:49.751390,ProjectA,us-east-1,RDS,60.85400870574522,9.128101305861785,1.89408102096632
2026-02-07 10:02:49.751390,ProjectA,ap-southeast-1,S3,213.003141799827,4.899072261396021,0.04473065977796367
2026-02-07 10:02:49.751390,ProjectA,us-east-1,DataTransfer,640.0477948735966,12.800955897471932,0.026561983487254255
2026-02-07 10:02:49.751390,ProjectB,ap-southeast-1,EC2,123.69005406480048,12.36900540648005,2.59749113536081
2026-02-07 10:02:49.751390,ProjectB,eu-west-1,RDS,59.32579670790649,8.898869506185973,1.058965471236131
2026-02-07 10:02:49.751390,ProjectB,ap-southeast-1,S3,194.75422952369303,4.47934727904494,0.04089838819997554
2026-02-07 10:02:49.751390,ProjectB,ap-southeast-1,DataTransfer,592.96724235942,11.8593448471884,0.02490462417909564
2026-02-07 10:02:49.751390,ProjectC,us-east-1,EC2,99.00624407822296,9.900624407822296,2.0543795646231264
2026-02-07 10:02:49.751390,ProjectC,us-east-1,RDS,50.21081941234001,7.531622911851,1.5628117542090825
2026-02-07 10:02:49.751390,ProjectC,us-east-1,S3,246.5641309374116,5.670975011560467,0.0511620571695129
2026-02-07 10:02:49.751390,ProjectC,ap-southeast-1,DataTransfer,504.8578855314268,10.097157710628537,0.021204031192319926
2026-02-07 10:02:49.751390,ProjectD,us-east-1,EC2,109.0970893980488,10.90970893980488,2.2637646050095124
2026-02-07 10:02:49.751390,ProjectD,ap-southeast-1,RDS,58.23115710452206,8.734673565678309,1.8342814487924448
2026-02-07 10:02:49.751390,ProjectD,ap-southeast-1,S3,264.2332904781077,6.0773656809964764,0.05548899100040261
2026-02-07 10:02:49.751390,ProjectD,eu-west-1,DataTransfer,537.7110089813342,10.754220179626683,0.012797522013755754
2026-02-08 10:02:49.751390,ProjectA,eu-west-1,EC2,134.80454682235768,13.480454682235768,1.6041741071860562
2026-02-08 10:02:49.751390,ProjectA,eu-west-1,RDS,62.21635427975616,9.332453141963423,1.1105619238936473
2026-02-08 10:02:49.751390,ProjectA,ap-southeast-1,S3,200.19847658450027,4.604564961443506,0.04204168008274505
2026-02-08 10:02:49.751390,ProjectA,ap-southeast-1,DataTransfer,603.1008690209163,12.062017380418329,0.025330236498878486
2026-02-08 10:02:49.751390,ProjectB,eu-west-1,EC2,141.2393095492295,14.12393095492295,1.6807477836358309
2026-02-08 10:02:49.751390,ProjectB,ap-southeast-1,RDS,70.94451811086346,10.641677716629518,2.234752320492199
2026-02-08 10:02:49.751390,ProjectB,eu-west-1,S3,194.43654889553795,4.472040624597373,0.023137949318569016
2026-02-08 10:02:49.751390,ProjectB,us-east-1,DataTransfer,701.6553231530986,14.033106463061973,0.029118695910853594
2026-02-08 10:02:49.751390,ProjectC,eu-west-1,EC2,128.04291332007384,12.804291332007384,1.5237106685088786
2026-02-08 10:02:49.751390,ProjectC,us-east-1,RDS,58.48980775629119,8.773471163443679,1.8204952664145633
2026-02-08 10:02:49.751390,ProjectC,ap-southeast-1,S3,282.1990755193539,6.49057873694514,0.05926180585906432
2026-02-08 10:02:49.751390,ProjectC,ap-southeast-1,DataTransfer,707.3127894160443,14.146255788320886,0.029707137155473858
2026-02-08 10:02:49.751390,ProjectD,eu-west-1,EC2,124.72098319670792,12.472098319670794,1.4841797000408241
2026-02-08 10:02:49.751390,ProjectD,ap-southeast-1,RDS,48.38404038988224,7.257606058482336,1.5240972722812904
2026-02-08 10:02:49.751390,ProjectD,ap-southeast-1,S3,236.88766258491444,5.448416239453032,0.04974640914283203
2026-02-08 10:02:49.751390,ProjectD,ap-southeast-1,DataTransfer,613.7575670301944,12.27515134060389,0.025777817815268167
2026-02-09 10:02:49.751390,ProjectA,eu-west-1,EC2,108.3724079881357,10.837240798813571,1.289631655058815
2026-02-09 10:02:49.751390,ProjectA,eu-west-1,RDS,56.68015651575929,8.502023477363894,1.0117407938063032
2026-02-09 10:02:49.751390,ProjectA,eu-west-1,S3,264.088934387754,6.0740454909183415,0.03142658319214273
2026-02-09 10:02:49.751390,ProjectA,eu-west-1,DataTransfer,496.7815560903927,9.935631121807852,0.011823401034951346
2026-02-09 10:02:49.751390,ProjectB,eu-west-1,EC2,106.6263764342266,10.66263764342266,1.2688538795672966
2026-02-09 10:02:49.751390,ProjectB,ap-southeast-1,RDS,51.616324548948825,7.7424486823423235,1.6259142232918882
2026-02-09 10:02:49.751390,ProjectB,ap-southeast-1,S3,233.6417772241416,5.373760876155256,0.049064773217069736
2026-02-09 10:02:49.751390,ProjectB,us-east-1,DataTransfer,517.636320299658,10.35272640599316,0.021481907292435806
2026-02-09 10:02:49.751390,ProjectC,ap-southeast-1,EC2,110.4271173676282,11.04271173676282,2.318969464720192
2026-02-09 10:02:49.751390,ProjectC,us-east-1,RDS,52.72077820609664,7.908116730914496,1.6409342216647578
2026-02-09 10:02:49.751390,ProjectC,eu-west-1,S3,248.64807958709065,5.718905830503084,0.029589121470863785
2026-02-09 10:02:49.751390,ProjectC,us-east-1,DataTransfer,533.5879427378778,10.671758854757556,0.02214389962362193
2026-02-09 10:02:49.751390,ProjectD,us-east-1,EC2,96.25851616272888,9.62585161627289,1.997364210376624
2026-02-09 10:02:49.751390,ProjectD,ap-southeast-1,RDS,57.530581859668935,8.62958727895034,1.8122133285795716
2026-02-09 10:02:49.751390,ProjectD,us-east-1,S3,283.03694654574593,6.509849770552156,0.05873016640824228
2026-02-09 10:02:49.751390,ProjectD,us-east-1,DataTransfer,535.3238794400029,10.706477588800055,0.02221594099676012
2026-02-10 10:02:49.751390,ProjectA,eu-west-1,EC2,142.8115592735233,14.28115592735233,1.6994575553549272
2026-02-10 10:02:49.751390,ProjectA,us-east-1,RDS,52.95124795873623,7.942687193810435,1.6481075927156652
2026-02-10 10:02:49.751390,ProjectA,us-east-1,S3,212.66667010776524,4.8913334124786,0.04412833404736129
2026-02-10 10:02:49.751390,ProjectA,us-east-1,DataTransfer,660.2135908032315,13.20427181606463,0.027398864018334107
2026-02-10 10:02:49.751390,ProjectB,eu-west-1,EC2,139.19163840115834,13.919163840115836,1.656380496973784
2026-02-10 10:02:49.751390,ProjectB,us-east-1,RDS,57.737910821960575,8.660686623294087,1.7970924743335228
2026-02-10 10:02:49.751390,ProjectB,ap-southeast-1,S3,269.8776071584685,6.207184964644775,0.056674297503278376
2026-02-10 10:02:49.751390,ProjectB,us-east-1,DataTransfer,485.0988664406382,9.701977328812765,0.020131602957286485
2026-02-10 10:02:49.751390,ProjectC,ap-southeast-1,EC2,96.2085273416325,9.62085273416325,2.0203790741742824
2026-02-10 10:02:49.751390,ProjectC,ap-southeast-1,RDS,59.52366468930783,8.928549703396174,1.8749954377131968
2026-02-10 10:02:49.751390,ProjectC,us-east-1,S3,243.53928120490772,5.601403467712879,0.05053440085001835
2026-02-10 10:02:49.751390,ProjectC,eu-west-1,DataTransfer,686.8283235394151,13.736566470788302,0.01634651410023808
2026-02-10 10:02:49.751390,ProjectD,us-east-1,EC2,119.92630431853289,11.99263043185329,2.4884708146095575
2026-02-10 10:02:49.751390,ProjectD,ap-southeast-1,RDS,68.20252958996566,10.230379438494849,2.148379682083918
2026-02-10 10:02:49.751390,ProjectD,eu-west-1,S3,212.26530493869896,4.882102013590076,0.025259571287705177
2026-02-10 10:02:49.751390,ProjectD,ap-southeast-1,DataTransfer,636.4942268737927,12.729884537475854,0.026732757528699296
2026-02-11 10:02:49.751390,ProjectA,us-east-1,EC2,124.32518494490472,12.432518494490472,2.579747587606773
2026-02-11 10:02:49.751390,ProjectA,ap-southeast-1,RDS,58.2950367730637,8.744255515959555,1.8362936583515064
2026-02-11 10:02:49.751390,ProjectA,ap-southeast-1,S3,241.55874375458257,5.555851106355399,0.050727336188462334
2026-02-11 10:02:49.751390,ProjectA,us-east-1,DataTransfer,519.6150768542956,10.392301537085912,0.021564025689453266
2026-02-11 10:02:49.751390,ProjectB,ap-southeast-1,EC2,102.1723076385356,10.21723076385356,2.145618460409248
2026-02-11 10:02:49.751390,ProjectB,eu-west-1,RDS,63.8554173422555,9.578312601338324,1.1398191995592604
2026-02-11 10:02:49.751390,ProjectB,ap-southeast-1,S3,269.4191208012419,6.196639778428564,0.05657801536826079
2026-02-11 10:02:49.751390,ProjectB,us-east-1,DataTransfer,604.8730586399432,12.097461172798864,0.025102231933557644
2026-02-11 10:02:49.751390,ProjectC,us-east-1,EC2,117.86885769292172,11.786885769292171,2.4457787971281255
2026-02-11 10:02:49.751390,ProjectC,us-east-1,RDS,58.7906486579932,8.818597298698979,1.8298589394800384
2026-02-11 10:02:49.751390,ProjectC,ap-southeast-1,S3,219.7528535257832,5.054315631093012,0.04614809924041447
2026-02-11 10:02:49.751390,ProjectC,us-east-1,DataTransfer,709.2761238472785,14.185522476945572,0.029434959139662056
2026-02-11 10:02:49.751390,ProjectD,eu-west-1,EC2,108.96319811432106,10.896319811432107,1.2966620575604204
2026-02-11 10:02:49.751390,ProjectD,eu-west-1,RDS,65.41204720110171,9.811807080165256,1.1676050425396656
2026-02-11 10:02:49.751390,ProjectD,us-east-1,S3,248.7486219521978,5.72121830490055,0.05161533905508104
2026-02-11 10:02:49.751390,ProjectD,ap-southeast-1,DataTransfer,664.967329633038,13.29934659266076,0.027928627844587602
2026-02-12 10:02:49.751390,ProjectA,eu-west-1,EC2,116.71203564272844,11.671203564272846,1.3888732241484683
2026-02-12 10:02:49.751390,ProjectA,eu-west-1,RDS,51.95575109178329,7.793362663767493,0.9274101569883317
2026-02-12 10:02:49.751390,ProjectA,us-east-1,S3,210.2247587073512,4.835169450269077,0.04362163743177538
2026-02-12 10:02:49.751390,ProjectA,us-east-1,DataTransfer,505.2053565153647,10.104107130307291,0.020966022295387635
2026-02-12 10:02:49.751390,ProjectB,us-east-1,EC2,132.26867462421217,13.226867462421218,2.744574998452402
2026-02-12 10:02:49.751390,ProjectB,us-east-1,RDS,68.88665482473903,10.332998223710854,2.1440971314200024
2026-02-12 10:02:49.751390,ProjectB,us-east-1,S3,207.9459331136518,4.782756461613992,0.043148781121082745
2026-02-12 10:02:49.751390,ProjectB,eu-west-1,DataTransfer,519.0992402320177,10.381984804640354,0.01235456191752202
2026-02-12 10:02:49.751390,ProjectC,ap-southeast-1,EC2,99.41159535035578,9.94115953503558,2.087643502357471
2026-02-12 10:02:49.751390,ProjectC,us-east-1,RDS,66.99787848016348,10.049681772024522,2.0853089676950884
2026-02-12 10:02:49.751390,ProjectC,us-east-1,S3,213.2324082663673,4.904345390126447,0.04424572471527121
2026-02-12 10:02:49.751390,ProjectC,us-east-1,DataTransfer,561.9593095511323,11.239186191022643,0.023321311346371987
2026-02-12 10:02:49.751390,ProjectD,eu-west-1,EC2,112.82964191845213,11.282964191845211,1.3426727388295803
2026-02-12 10:02:49.751390,ProjectD,ap-southeast-1,RDS,64.8194496836583,9.722917452548746,2.0418126650352364
2026-02-12 10:02:49.751390,ProjectD,eu-west-1,S3,194.6076099398229,4.475975028615927,0.023158305582838924
2026-02-12 10:02:49.751390,ProjectD,ap-southeast-1,DataTransfer,652.7430200250606,13.054860400501212,0.027415206841052545
2026-02-13 10:02:49.751390,ProjectA,us-east-1,EC2,117.13632396110089,11.71363239611009,2.430578722192843
2026-02-13 10:02:49.751390,ProjectA,us-east-1,RDS,57.37600901134567,8.60640135170185,1.7858282804781338
2026-02-13 10:02:49.751390,ProjectA,us-east-1,S3,277.43402077063604,6.380982477724629,0.05756755930990698
2026-02-13 10:02:49.751390,ProjectA,eu-west-1,DataTransfer,700.4189658792199,14.008379317584398,0.01666997138792543
2026-02-13 10:02:49.751390,ProjectB,us-east-1,EC2,104.9590011802416,10.49590011802416,2.177899274490013
2026-02-13 10:02:49.751390,ProjectB,eu-west-1,RDS,71.33188056841455,10.699782085262182,1.2732740681461996
2026-02-13 10:02:49.751390,ProjectB,ap-southeast-1,S3,279.56841419534027,6.430073526492826,0.05870936698102146
2026-02-13 10:02:49.751390,ProjectB,us-east-1,DataTransfer,499.1300884907431,9.98260176981486,0.02071389867236584
2026-02-13 10:02:49.751390,ProjectC,us-east-1,EC2,97.8654156729686,9.786541567296862,2.0307073752140985
2026-02-13 10:02:49.751390,ProjectC,ap-southeast-1,RDS,54.30314200719749,8.145471301079624,1.710548973226721
2026-02-13 10:02:49.751390,ProjectC,us-east-1,S3,283.62286896331915,6.52332598615634,0.05885174530988872
2026-02-13 10:02:49.751390,ProjectC,us-east-1,DataTransfer,589.0330611550683,11.780661223101363,0.02444487203793533
2026-02-13 10:02:49.751390,ProjectD,eu-west-1,EC2,108.16663362212748,10.81666336221275,1.287182940103317
2026-02-13 10:02:49.751390,ProjectD,eu-west-1,RDS,58.65671719040597,8.798507578560896,1.0470224018487466
2026-02-13 10:02:49.751390,ProjectD,ap-southeast-1,S3,219.10678249321975,5.039455997344055,0.04601242432357614
2026-02-13 10:02:49.751390,ProjectD,eu-west-1,DataTransfer,611.038011384716,12.22076022769432,0.01454270467095624
2026-02-14 10:02:49.751390,ProjectA,us-east-1,EC2,125.26121066127074,12.526121066127075,2.5991701212213676
2026-02-14 10:02:49.751390,ProjectA,us-east-1,RDS,55.471893532111,8.320784029816648,1.7265626861869547
2026-02-14 10:02:49.751390,ProjectA,us-east-1,S3,271.5316443581136,6.245227820236614,0.056342816204308574
2026-02-14 10:02:49.751390,ProjectA,ap-southeast-1,DataTransfer,515.270189940965,10.3054037988193,0.021641347977520528
2026-02-14 10:02:49.751390,ProjectB,us-east-1,EC2,100.45763945548327,10.045763945548329,2.084496018701278
2026-02-14 10:02:49.751390,ProjectB,eu-west-1,RDS,69.90216784469347,10.48532517670402,1.2477536960277784
2026-02-14 10:02:49.751390,ProjectB,us-east-1,S3,264.00825606445443,6.072189889482452,0.054781713133374293
2026-02-14 10:02:49.751390,ProjectB,ap-southeast-1,DataTransfer,625.4917168244261,12.509834336488524,0.026270652106625898
2026-02-14 10:02:49.751390,ProjectC,ap-southeast-1,EC2,121.3324990284214,12.13324990284214,2.547982479596849
2026-02-14 10:02:49.751390,ProjectC,eu-west-1,RDS,57.04383863884052,8.556575795826078,1.018232519703303
2026-02-14 10:02:49.751390,ProjectC,eu-west-1,S3,221.7918395508197,5.101212309668853,0.026393228906547543
2026-02-14 10:02:49.751390,ProjectC,eu-west-1,DataTransfer,555.6130731156966,11.112261462313931,0.01322359114015358
2026-02-14 10:02:49.751390,ProjectD,ap-southeast-1,EC2,105.59680874369842,10.559680874369842,2.2175329836176667
2026-02-14 10:02:49.751390,ProjectD,eu-west-1,RDS,57.285088458661406,8.59276326879921,1.022538828987106
2026-02-14 10:02:49.751390,ProjectD,us-east-1,S3,286.6319686141943,6.592535278126469,0.05947613348744532
2026-02-14 10:02:49.751390,ProjectD,ap-southeast-1,DataTransfer,531.4904592015854,10.629809184031709,0.02232259928646659
2026-02-15 10:02:49.751390,ProjectA,us-east-1,EC2,104.63517663906406,10.463517663906408,2.171179915260579
2026-02-15 10:02:49.751390,ProjectA,ap-southeast-1,RDS,52.81389965565632,7.922084948348447,1.6636378391531739
2026-02-15 10:02:49.751390,ProjectA,eu-west-1,S3,248.75741309991315,5.721420501298002,0.02960213215888966
2026-02-15 10:02:49.751390,ProjectA,ap-southeast-1,DataTransfer,678.0290457049571,13.56058091409914,0.0284772199196082
2026-02-15 10:02:49.751390,ProjectB,ap-southeast-1,EC2,142.27522212910642,14.227522212910642,2.9877796647112347
2026-02-15 10:02:49.751390,ProjectB,eu-west-1,RDS,59.84542506135277,8.976813759202916,1.0682408373451469
2026-02-15 10:02:49.751390,ProjectB,eu-west-1,S3,284.8783406934755,6.552201835949936,0.033900522542523584
2026-02-15 10:02:49.751390,ProjectB,eu-west-1,DataTransfer,489.808281840532,9.79616563681064,0.01165743710780466
2026-02-15 10:02:49.751390,ProjectC,eu-west-1,EC2,119.9791751590822,11.99791751590822,1.427752184393078
2026-02-15 10:02:49.751390,ProjectC,eu-west-1,RDS,68.45062729508592,10.267594094262888,1.2218436972172837
2026-02-15 10:02:49.751390,ProjectC,eu-west-1,S3,286.13796308828665,6.581173151030593,0.03405041760750611
2026-02-15 10:02:49.751390,ProjectC,us-east-1,DataTransfer,494.9460955362614,9.898921910725228,0.020540262964754846
2026-02-15 10:02:49.751390,ProjectD,ap-southeast-1,EC2,101.57399206594684,10.157399206594686,2.1330538333848836
2026-02-15 10:02:49.751390,ProjectD,ap-southeast-1,RDS,67.9777866605332,10.19666799907998,2.141300279806796
2026-02-15 10:02:49.751390,ProjectD,eu-west-1,S3,269.1062048131244,6.1894427107018615,0.0320236383727618
2026-02-15 10:02:49.751390,ProjectD,us-east-1,DataTransfer,557.6477695665852,11.152955391331703,0.023142382437013286
2026-02-16 10:02:49.751390,ProjectA,eu-west-1,EC2,140.1848320832807,14.018483208328073,1.6681995017910403
2026-02-16 10:02:49.751390,ProjectA,ap-southeast-1,RDS,72.99606497066847,10.94940974560027,2.299376046576057
2026-02-16 10:02:49.751390,ProjectA,eu-west-1,S3,252.82411893977948,5.814954735614928,0.030086070153833754
2026-02-16 10:02:49.751390,ProjectA,eu-west-1,DataTransfer,577.5065552045402,11.550131104090804,0.013744656013868055
2026-02-16 10:02:49.751390,ProjectB,eu-west-1,EC2,138.07947427707143,13.807947427707148,1.64314574389715
2026-02-16 10:02:49.751390,ProjectB,us-east-1,RDS,63.89364277072662,9.584046415608992,1.988689631238866
2026-02-16 10:02:49.751390,ProjectB,us-east-1,S3,283.15602152831207,6.512588495151177,0.05875487446712475
2026-02-16 10:02:49.751390,ProjectB,eu-west-1,DataTransfer,652.9258581500773,13.058517163001545,0.015539635423971838
2026-02-16 10:02:49.751390,ProjectC,eu-west-1,EC2,109.03191287845702,10.903191287845702,1.2974797632536386
2026-02-16 10:02:49.751390,ProjectC,ap-southeast-1,RDS,64.01886883125056,9.602830324687584,2.0165943681843927
2026-02-16 10:02:49.751390,ProjectC,ap-southeast-1,S3,257.99738496791576,5.933939854262063,0.054179450843262304
2026-02-16 10:02:49.751390,ProjectC,ap-southeast-1,DataTransfer,528.1921532446396,10.563843064892792,0.02218407043627486
2026-02-16 10:02:49.751390,ProjectD,ap-southeast-1,EC2,99.43894091244854,9.943894091244855,2.0882177591614193
2026-02-16 10:02:49.751390,ProjectD,ap-southeast-1,RDS,59.10341272807654,8.865511909211481,1.8617575009344114
2026-02-16 10:02:49.751390,ProjectD,eu-west-1,S3,291.6373969026309,6.70766012876051,0.03470485023141308
2026-02-16 10:02:49.751390,ProjectD,us-east-1,DataTransfer,495.15209073885154,9.903041814777032,0.02054881176566234
2026-02-17 10:02:49.751390,ProjectA,us-east-1,EC2,102.16149534328711,10.216149534328714,2.1198510283732075
2026-02-17 10:02:49.751390,ProjectA,eu-west-1,RDS,54.59480625796167,8.18922093869425,0.9745172917046158
2026-02-17 10:02:49.751390,ProjectA,us-east-1,S3,204.2801234764284,4.698442839957853,0.042388125621358894
2026-02-17 10:02:49.751390,ProjectA,ap-southeast-1,DataTransfer,506.36257886119887,10.127251577223978,0.02126722831217035
2026-02-17 10:02:49.751390,ProjectB,eu-west-1,EC2,127.25388558219326,12.725388558219327,1.5143212384281
2026-02-17 10:02:49.751390,ProjectB,eu-west-1,RDS,69.35430043187128,10.403145064780691,1.2379742627089023
2026-02-17 10:02:49.751390,ProjectB,eu-west-1,S3,285.92343437450404,6.576238990613593,0.034024888690565976
2026-02-17 10:02:49.751390,ProjectB,eu-west-1,DataTransfer,566.9485574345433,11.338971148690868,0.013493375666942132
2026-02-17 10:02:49.751390,ProjectC,ap-southeast-1,EC2,127.01933176321464,12.701933176321466,2.667405967027507
2026-02-17 10:02:49.751390,ProjectC,ap-southeast-1,RDS,67.91826940929226,10.18774041139384,2.1394254863927062
2026-02-17 10:02:49.751390,ProjectC,eu-west-1,S3,230.1521247909534,5.293498870191928,0.027388102850123452
2026-02-17 10:02:49.751390,ProjectC,eu-west-1,DataTransfer,532.228171360821,10.64456342721642,0.01266703047838754
2026-02-17 10:02:49.751390,ProjectD,eu-west-1,EC2,109.30308677705848,10.930308677705847,1.3007067326469959
2026-02-17 10:02:49.751390,ProjectD,us-east-1,RDS,61.9180998294134,9.28771497441201,1.927200857190492
2026-02-17 10:02:49.751390,ProjectD,eu-west-1,S3,289.7671721964859,6.664644960519175,0.03448229349138182
2026-02-17 10:02:49.751390,ProjectD,eu-west-1,DataTransfer,542.8847796191889,10.857695592383775,0.012920657754936695
2026-02-18 10:02:49.751390,ProjectA,us-east-1,EC2,120.18395010141796,12.018395010141797,2.493816964604423
2026-02-18 10:02:49.751390,ProjectA,ap-southeast-1,RDS,56.495176812488616,8.474276521873293,1.7795980695933915
2026-02-18 10:02:49.751390,ProjectA,ap-southeast-1,S3,281.1635705427485,6.466762122483216,0.059044349813977194
2026-02-18 10:02:49.751390,ProjectA,us-east-1,DataTransfer,580.50284795404,11.6100569590808,0.02409086819009266
2026-02-18 10:02:49.751390,ProjectB,eu-west-1,EC2,106.80428963206184,10.680428963206184,1.2709710466215358
2026-02-18 10:02:49.751390,ProjectB,us-east-1,RDS,53.57828160896005,8.036742241344008,1.6676240150788812
2026-02-18 10:02:49.751390,ProjectB,eu-west-1,S3,237.57190639715068,5.464153847134465,0.02827105686126093
2026-02-18 10:02:49.751390,ProjectB,eu-west-1,DataTransfer,595.0071053355679,11.900142106711357,0.014161169106986516
2026-02-18 10:02:49.751390,ProjectC,eu-west-1,EC2,143.34144233981746,14.334144233981746,1.7057631638438278
2026-02-18 10:02:49.751390,ProjectC,us-east-1,RDS,56.88648112190223,8.532972168285333,1.770591724919207
2026-02-18 10:02:49.751390,ProjectC,eu-west-1,S3,241.73226099901095,5.559842002977252,0.0287661390588823
2026-02-18 10:02:49.751390,ProjectC,ap-southeast-1,DataTransfer,534.387560467402,10.68775120934804,0.02244427753963088
2026-02-18 10:02:49.751390,ProjectD,us-east-1,EC2,121.3499372406674,12.13499372406674,2.5180111977438484
2026-02-18 10:02:49.751390,ProjectD,us-east-1,RDS,49.994220727661805,7.499133109149271,1.5560701201484737
2026-02-18 10:02:49.751390,ProjectD,ap-southeast-1,S3,245.77743743036396,5.652881060898371,0.05161326186037643
2026-02-18 10:02:49.751390,ProjectD,ap-southeast-1,DataTransfer,666.4710551256059,13.329421102512118,0.027991784315275447
2026-02-19 10:02:49.751390,ProjectA,us-east-1,EC2,117.20687322464696,11.720687322464698,2.432042619411424
2026-02-19 10:02:49.751390,ProjectA,ap-southeast-1,RDS,56.25715637941687,8.43857345691253,1.7721004259516313
2026-02-19 10:02:49.751390,ProjectA,ap-southeast-1,S3,249.94124228985476,5.748648572666658,0.0524876608808695
2026-02-19 10:02:49.751390,ProjectA,eu-west-1,DataTransfer,574.0506288471983,11.481012576943966,0.013662404966563318
2026-02-19 10:02:49.751390,ProjectB,ap-southeast-1,EC2,110.53290253872524,11.053290253872524,2.32119095331323
2026-02-19 10:02:49.751390,ProjectB,ap-southeast-1,RDS,69.01631683034572,10.352447524551858,2.17401398015589
2026-02-19 10:02:49.751390,ProjectB,us-east-1,S3,294.4170620727584,6.771592427673443,0.06109154038009737
2026-02-19 10:02:49.751390,ProjectB,us-east-1,DataTransfer,689.0809732220654,13.781619464441308,0.028596860388715714
2026-02-19 10:02:49.751390,ProjectC,eu-west-1,EC2,103.03515818007148,10.303515818007147,1.2261183823428508
2026-02-19 10:02:49.751390,ProjectC,eu-west-1,RDS,61.62496198274279,9.243744297411418,1.1000055713919588
2026-02-19 10:02:49.751390,ProjectC,ap-southeast-1,S3,220.97617041711007,5.082451919593532,0.04640499578759311
2026-02-19 10:02:49.751390,ProjectC,eu-west-1,DataTransfer,689.8710187232668,13.797420374465338,0.016418930245613753
2026-02-19 10:02:49.751390,ProjectD,us-east-1,EC2,121.93547506160864,12.193547506160863,2.530161107528379
2026-02-19 10:02:49.751390,ProjectD,ap-southeast-1,RDS,64.80377959628635,9.720566939442952,2.0413190572830198
2026-02-19 10:02:49.751390,ProjectD,us-east-1,S3,252.7429418399155,5.813087662318056,0.05244416043178246
2026-02-19 10:02:49.751390,ProjectD,eu-west-1,DataTransfer,642.404696436557,12.84809392873114,0.015289231775190058
2026-02-20 10:02:49.751390,ProjectA,us-east-1,EC2,114.2020745705897,11.420207457058972,2.369693047339736
2026-02-20 10:02:49.751390,ProjectA,us-east-1,RDS,61.51225976402681,9.22683896460402,1.914569085155334
2026-02-20 10:02:49.751390,ProjectA,us-east-1,S3,280.35531604019883,6.448172268924573,0.05817372807834125
2026-02-20 10:02:49.751390,ProjectA,ap-southeast-1,DataTransfer,564.1791843854777,11.283583687709552,0.023695525744190062
2026-02-20 10:02:49.751390,ProjectB,us-east-1,EC2,101.07816263640667,10.10781626364067,2.097371874705438
2026-02-20 10:02:49.751390,ProjectB,us-east-1,RDS,67.36680576954093,10.10502086543114,2.0967918295769614
2026-02-20 10:02:49.751390,ProjectB,ap-southeast-1,S3,233.8044884121176,5.377503233478704,0.04909894256654469
2026-02-20 10:02:49.751390,ProjectB,ap-southeast-1,DataTransfer,689.0033845481661,13.78006769096332,0.028938142151022972
2026-02-20 10:02:49.751390,ProjectC,ap-southeast-1,EC2,138.29196023038156,13.829196023038158,2.9041311648380126
2026-02-20 10:02:49.751390,ProjectC,us-east-1,RDS,70.82611744157752,10.623917616236628,2.2044629053691005
2026-02-20 10:02:49.751390,ProjectC,eu-west-1,S3,198.45800916397565,4.56453421077144,0.0236165030905131
2026-02-20 10:02:49.751390,ProjectC,ap-southeast-1,DataTransfer,512.2089037573365,10.244178075146731,0.021512773957808134
2026-02-20 10:02:49.751390,ProjectD,ap-southeast-1,EC2,116.28183922280375,11.628183922280376,2.4419186236788786
2026-02-20 10:02:49.751390,ProjectD,eu-west-1,RDS,65.9539367715562,9.89309051573343,1.1772777713722782
2026-02-20 10:02:49.751390,ProjectD,ap-southeast-1,S3,278.4698731999554,6.404807083598974,0.05847867337199063
2026-02-20 10:02:49.751390,ProjectD,ap-southeast-1,DataTransfer,648.4336094847611,12.96867218969522,0.027234211598359963
2026-02-21 10:02:49.751390,ProjectA,eu-west-1,EC2,103.87745736299924,10.387745736299928,1.2361417426196908
2026-02-21 10:02:49.751390,ProjectA,us-east-1,RDS,50.25585324884369,7.5383779873265535,1.5642134323702597
2026-02-21 10:02:49.751390,ProjectA,ap-southeast-1,S3,199.32211112089493,4.584408555780583,0.04185764333538793
2026-02-21 10:02:49.751390,ProjectA,eu-west-1,DataTransfer,626.8213588628076,12.536427177256153,0.014918348340934823
2026-02-21 10:02:49.751390,ProjectB,us-east-1,EC2,133.85796131692783,13.385796131692784,2.7775526973262523
2026-02-21 10:02:49.751390,ProjectB,us-east-1,RDS,69.70362938941864,10.455544408412797,2.169525464745655
2026-02-21 10:02:49.751390,ProjectB,ap-southeast-1,S3,215.6419874168572,4.959765710587715,0.04528481735754001
2026-02-21 10:02:49.751390,ProjectB,eu-west-1,DataTransfer,594.1253585573392,11.882507171146782,0.014140183533664674
2026-02-21 10:02:49.751390,ProjectC,us-east-1,EC2,119.799265303662,11.9799265303662,2.4858347550509863
2026-02-21 10:02:49.751390,ProjectC,ap-southeast-1,RDS,55.54702067475986,8.332053101213978,1.7497311512549352
2026-02-21 10:02:49.751390,ProjectC,us-east-1,S3,202.4827276823753,4.657102736694632,0.04201516599409287
2026-02-21 10:02:49.751390,ProjectC,us-east-1,DataTransfer,530.3616640571282,10.607233281142564,0.022010009058370823
2026-02-21 10:02:49.751390,ProjectD,eu-west-1,EC2,107.25695037052262,10.725695037052262,1.276357709409219
2026-02-21 10:02:49.751390,ProjectD,eu-west-1,RDS,50.41357024851386,7.562035537277079,0.8998822289359723
2026-02-21 10:02:49.751390,ProjectD,us-east-1,S3,246.4244066617745,5.667761353220813,0.05113306438231821
2026-02-21 10:02:49.751390,ProjectD,eu-west-1,DataTransfer,665.4099048355754,13.308198096711507,0.015836755735086694
2026-02-22 10:02:49.751390,ProjectA,us-east-1,EC2,132.9806508332267,13.298065083322667,2.7593485047894535
2026-02-22 10:02:49.751390,ProjectA,eu-west-1,RDS,61.77516591399007,9.26627488709851,1.1026867115647228
2026-02-22 10:02:49.751390,ProjectA,ap-southeast-1,S3,294.1541390885723,6.765545199037163,0.06177236920860018
2026-02-22 10:02:49.751390,ProjectA,eu-west-1,DataTransfer,506.88921161832775,10.137784232366554,0.012063963236516201
2026-02-22 10:02:49.751390,ProjectB,ap-southeast-1,EC2,107.05811324196576,10.705811324196578,2.2482203780812804
2026-02-22 10:02:49.751390,ProjectB,us-east-1,RDS,56.54043410453057,8.481065115679584,1.7598210115035136
2026-02-22 10:02:49.751390,ProjectB,ap-southeast-1,S3,222.0607838492399,5.107398028532518,0.04663276460834037
2026-02-22 10:02:49.751390,ProjectB,ap-southeast-1,DataTransfer,612.721588801159,12.25443177602318,0.02573430672964868
2026-02-22 10:02:49.751390,ProjectC,us-east-1,EC2,112.53034675958332,11.253034675958332,2.335004695261354
2026-02-22 10:02:49.751390,ProjectC,eu-west-1,RDS,55.1709336701357,8.275640050520355,0.9848011660119222
2026-02-22 10:02:49.751390,ProjectC,eu-west-1,S3,226.5522203411139,5.210701067845619,0.02695971422059255
2026-02-22 10:02:49.751390,ProjectC,ap-southeast-1,DataTransfer,723.0731569698273,14.461463139396546,0.030369072592732752
2026-02-22 10:02:49.751390,ProjectD,us-east-1,EC2,108.76508434411026,10.876508434411027,2.256875500140288
2026-02-22 10:02:49.751390,ProjectD,ap-southeast-1,RDS,55.10997415870386,8.26649612380558,1.7359641859991715
2026-02-22 10:02:49.751390,ProjectD,ap-southeast-1,S3,255.140389515292,5.868228958851715,0.053579481798211315
2026-02-22 10:02:49.751390,ProjectD,us-east-1,DataTransfer,509.4036696550474,10.188073393100948,0.021140252290684468
2026-02-23 10:02:49.751390,ProjectA,ap-southeast-1,EC2,123.20179035434236,12.320179035434236,2.5872375974411894
2026-02-23 10:02:49.751390,ProjectA,ap-southeast-1,RDS,61.35495648303336,9.203243472455004,1.9326811292155508
2026-02-23 10:02:49.751390,ProjectA,us-east-1,S3,277.2755193317779,6.377336944630891,0.057534670261343915
2026-02-23 10:02:49.751390,ProjectA,eu-west-1,DataTransfer,552.0475401586917,11.040950803173835,0.013138731455776863
2026-02-23 10:02:49.751390,ProjectB,eu-west-1,EC2,130.29211551786344,13.029211551786345,1.550476174662575
2026-02-23 10:02:49.751390,ProjectB,ap-southeast-1,RDS,54.56922180717629,8.185383271076443,1.7189304869260529
2026-02-23 10:02:49.751390,ProjectB,us-east-1,S3,273.3156262843301,6.286259404539592,0.05671299245399849
2026-02-23 10:02:49.751390,ProjectB,ap-southeast-1,DataTransfer,570.5826488518413,11.411652977036828,0.023964471251777336
2026-02-23 10:02:49.751390,ProjectC,eu-west-1,EC2,121.9336610104205,12.19336610104205,1.4510105660240038
2026-02-23 10:02:49.751390,ProjectC,us-east-1,RDS,69.59572673515979,10.439359010273968,2.166166994631848
2026-02-23 10:02:49.751390,ProjectC,eu-west-1,S3,292.2254962278048,6.721186413239511,0.03477483405110877
2026-02-23 10:02:49.751390,ProjectC,eu-west-1,DataTransfer,688.9620976578066,13.77924195315613,0.01639729792425579
2026-02-23 10:02:49.751390,ProjectD,ap-southeast-1,EC2,106.24392213539772,10.624392213539773,2.231122364843352
2026-02-23 10:02:49.751390,ProjectD,us-east-1,RDS,64.66979140892089,9.700468711338132,2.0128472576026626
2026-02-23 10:02:49.751390,ProjectD,ap-southeast-1,S3,295.2517797360227,6.7907909339285215,0.06200287374456476
2026-02-23 10:02:49.751390,ProjectD,us-east-1,DataTransfer,603.4869913594905,12.06973982718981,0.025044710141418857
2026-02-24 10:02:49.751390,ProjectA,us-east-1,EC2,129.7173599058956,12.97173599058956,2.6916352180473333
2026-02-24 10:02:49.751390,ProjectA,ap-southeast-1,RDS,61.838173461511495,9.275726019226724,1.947902464037612
2026-02-24 10:02:49.751390,ProjectA,ap-southeast-1,S3,265.35127924275326,6.103079422583325,0.05572376864097818
2026-02-24 10:02:49.751390,ProjectA,us-east-1,DataTransfer,685.6267053978371,13.712534107956742,0.028453508274010237
2026-02-24 10:02:49.751390,ProjectB,eu-west-1,EC2,101.0058059207458,10.10058059207458,1.201969090456875
2026-02-24 10:02:49.751390,ProjectB,ap-southeast-1,RDS,65.5145116964333,9.827176754464997,2.063707118437649
2026-02-24 10:02:49.751390,ProjectB,ap-southeast-1,S3,290.7251675511852,6.68667885367726,0.06105228518574889
2026-02-24 10:02:49.751390,ProjectB,ap-southeast-1,DataTransfer,664.4843127522807,13.289686255045616,0.02790834113559579
2026-02-24 10:02:49.751390,ProjectC,us-east-1,EC2,134.58042834811505,13.458042834811506,2.7925438882233875
2026-02-24 10:02:49.751390,ProjectC,us-east-1,RDS,50.08548560356342,7.512822840534513,1.5589107394109114
2026-02-24 10:02:49.751390,ProjectC,eu-west-1,S3,278.3469206599343,6.401979175178489,0.03312328355853218
2026-02-24 10:02:49.751390,ProjectC,us-east-1,DataTransfer,504.687409000737,10.09374818001474,0.020944527473530584
2026-02-24 10:02:49.751390,ProjectD,eu-west-1,EC2,102.05910424680572,10.205910424680573,1.2145033405369878
2026-02-24 10:02:49.751390,ProjectD,ap-southeast-1,RDS,68.91640689231939,10.337461033847909,2.170866817108061
2026-02-24 10:02:49.751390,ProjectD,eu-west-1,S3,290.64783616062766,6.684900231694436,0.03458709250311469
2026-02-24 10:02:49.751390,ProjectD,ap-southeast-1,DataTransfer,718.4140992140428,14.368281984280856,0.030173392166989804
2026-02-25 10:02:49.751390,ProjectA,eu-west-1,EC2,110.8442023673636,11.084420236736362,1.3190460081716269
2026-02-25 10:02:49.751390,ProjectA,ap-southeast-1,RDS,63.10720796324701,9.466081194487051,1.9878770508422812
2026-02-25 10:02:49.751390,ProjectA,eu-west-1,S3,280.37696546061494,6.448670205594143,0.03336485888981317
2026-02-25 10:02:49.751390,ProjectA,ap-southeast-1,DataTransfer,648.4263658788657,12.968527317577314,0.027233907366912356
2026-02-25 10:02:49.751390,ProjectB,eu-west-1,EC2,142.24205217994077,14.224205217994076,1.692680420941295
2026-02-25 10:02:49.751390,ProjectB,eu-west-1,RDS,59.33010839180768,8.899516258771152,1.0590424347937668
2026-02-25 10:02:49.751390,ProjectB,eu-west-1,S3,247.306946592745,5.688059771633135,0.029429526644536654
2026-02-25 10:02:49.751390,ProjectB,us-east-1,DataTransfer,728.3542368348573,14.567084736697144,0.030226700828646574
2026-02-25 10:02:49.751390,ProjectC,eu-west-1,EC2,118.0552384363262,11.80552384363262,1.4048573373922817
2026-02-25 10:02:49.751390,ProjectC,us-east-1,RDS,56.06578317689591,8.409867476534387,1.7450475013808853
2026-02-25 10:02:49.751390,ProjectC,eu-west-1,S3,247.6444255293436,5.695821787174903,0.029469686637991887
2026-02-25 10:02:49.751390,ProjectC,ap-southeast-1,DataTransfer,640.9721586889793,12.819443173779588,0.026920830664937133
2026-02-25 10:02:49.751390,ProjectD,eu-west-1,EC2,109.5380377873707,10.95380377873707,1.3035026496697113
2026-02-25 10:02:49.751390,ProjectD,eu-west-1,RDS,67.84529335761465,10.176794003642197,1.2110384864334214
2026-02-25 10:02:49.751390,ProjectD,ap-southeast-1,S3,295.48224109288867,6.79609154513644,0.06205127062950662
2026-02-25 10:02:49.751390,ProjectD,us-east-1,DataTransfer,687.5063821262819,13.75012764252564,0.028531514858240698
2026-02-26 10:02:49.751390,ProjectA,eu-west-1,EC2,116.42967147955092,11.642967147955094,1.385513090606656
2026-02-26 10:02:49.751390,ProjectA,ap-southeast-1,RDS,69.67033761956588,10.450550642934882,2.194615635016325
2026-02-26 10:02:49.751390,ProjectA,ap-southeast-1,S3,238.4084403193528,5.4833941273451146,0.05006577246706408
2026-02-26 10:02:49.751390,ProjectA,ap-southeast-1,DataTransfer,635.9808307040809,12.719616614081618,0.026711194889571393
2026-02-26 10:02:49.751390,ProjectB,us-east-1,EC2,111.91015529937046,11.191015529937047,2.322135722461937
2026-02-26 10:02:49.751390,ProjectB,eu-west-1,RDS,51.67477304459687,7.75121595668953,0.9223946988460541
2026-02-26 10:02:49.751390,ProjectB,eu-west-1,S3,200.11570643829384,4.602661248080758,0.023813769066156967
2026-02-26 10:02:49.751390,ProjectB,eu-west-1,DataTransfer,678.6907013576576,13.573814027153151,0.016152838692312252
2026-02-26 10:02:49.751390,ProjectC,eu-west-1,EC2,111.41894563371136,11.141894563371135,1.325885453041165
2026-02-26 10:02:49.751390,ProjectC,eu-west-1,RDS,73.83014940169099,11.074522410253648,1.3178681668201842
2026-02-26 10:02:49.751390,ProjectC,eu-west-1,S3,255.1972330060563,5.869536359139295,0.030368470727720698
2026-02-26 10:02:49.751390,ProjectC,eu-west-1,DataTransfer,586.6980514332135,11.733961028664272,0.013963413624110481
2026-02-26 10:02:49.751390,ProjectD,eu-west-1,EC2,129.324814076895,12.9324814076895,1.5389652875150504
2026-02-26 10:02:49.751390,ProjectD,eu-west-1,RDS,73.08159364479042,10.962239046718562,1.304506446559509
2026-02-26 10:02:49.751390,ProjectD,ap-southeast-1,S3,249.83558449166827,5.74621844330837,0.052465472743250335
2026-02-26 10:02:49.751390,ProjectD,eu-west-1,DataTransfer,574.5810180979856,11.491620361959711,0.013675028230732057
2026-02-27 10:02:49.751390,ProjectA,us-east-1,EC2,134.8158793549707,13.48158793549707,2.7974294966156417
2026-02-27 10:02:49.751390,ProjectA,us-east-1,RDS,55.05042186151864,8.257563279227796,1.7134443804397674
2026-02-27 10:02:49.751390,ProjectA,ap-southeast-1,S3,241.34912361535177,5.55102984315309,0.05068331595922387
2026-02-27 10:02:49.751390,ProjectA,us-east-1,DataTransfer,591.1528005899721,11.823056011799444,0.024532841224483844
2026-02-27 10:02:49.751390,ProjectB,us-east-1,EC2,146.85403057200384,14.685403057200384,3.0472211343690794
2026-02-27 10:02:49.751390,ProjectB,us-east-1,RDS,53.71828582046522,8.057742873069783,1.6719816461619799
2026-02-27 10:02:49.751390,ProjectB,eu-west-1,S3,207.67748069448967,4.776582055973263,0.02471362020264427
2026-02-27 10:02:49.751390,ProjectB,us-east-1,DataTransfer,558.2244264454329,11.164488528908658,0.023166313697485463
2026-02-27 10:02:49.751390,ProjectC,ap-southeast-1,EC2,118.89830018048174,11.889830018048174,2.4968643037901166
2026-02-27 10:02:49.751390,ProjectC,ap-southeast-1,RDS,58.5589551622484,8.78384327433726,1.8446070876108245
2026-02-27 10:02:49.751390,ProjectC,us-east-1,S3,206.27451282227668,4.744313794912364,0.04280196141062241
2026-02-27 10:02:49.751390,ProjectC,ap-southeast-1,DataTransfer,556.8209288602777,11.136418577205555,0.023386479012131665
2026-02-27 10:02:49.751390,ProjectD,us-east-1,EC2,131.3834990558848,13.138349905588482,2.7262076054096096
2026-02-27 10:02:49.751390,ProjectD,eu-west-1,RDS,56.523231797704014,8.478484769655601,1.0089396875890166
2026-02-27 10:02:49.751390,ProjectD,eu-west-1,S3,224.1020137674635,5.15434631665166,0.026668139638328155
2026-02-27 10:02:49.751390,ProjectD,ap-southeast-1,DataTransfer,697.0306555818323,13.940613111636647,0.02927528753443696
2026-02-28 10:02:49.751390,ProjectA,us-east-1,EC2,131.4194313818141,13.14194313818141,2.7269532011726425
2026-02-28 10:02:49.751390,ProjectA,ap-southeast-1,RDS,55.45668095823654,8.318502143735481,1.7468854501844508
2026-02-28 10:02:49.751390,ProjectA,us-east-1,S3,268.8822889591093,6.184292646059514,0.05579307495901518
2026-02-28 10:02:49.751390,ProjectA,ap-southeast-1,DataTransfer,684.1285309099844,13.682570618199687,0.028733398298219345
2026-02-28 10:02:49.751390,ProjectB,ap-southeast-1,EC2,146.46094590915678,14.64609459091568,3.0756798640922924
2026-02-28 10:02:49.751390,ProjectB,us-east-1,RDS,73.72214739181793,11.058322108772687,2.2946018375703328
2026-02-28 10:02:49.751390,ProjectB,us-east-1,S3,207.05143013114417,4.762182893016316,0.04296317175221241
2026-02-28 10:02:49.751390,ProjectB,eu-west-1,DataTransfer,529.4154267292405,10.58830853458481,0.012600087156155924
2026-02-28 10:02:49.751390,ProjectC,ap-southeast-1,EC2,129.82057105966618,12.982057105966618,2.72623199225299
2026-02-28 10:02:49.751390,ProjectC,eu-west-1,RDS,74.66598174883879,11.199897262325818,1.3327877742167722
2026-02-28 10:02:49.751390,ProjectC,eu-west-1,S3,202.967682621506,4.668256700294639,0.024153154231959212
2026-02-28 10:02:49.751390,ProjectC,ap-southeast-1,DataTransfer,733.5811744424811,14.671623488849622,0.03081040932658421
2026-02-28 10:02:49.751390,ProjectD,ap-southeast-1,EC2,131.45610935352653,13.145610935352654,2.760578296424057
2026-02-28 10:02:49.751390,ProjectD,eu-west-1,RDS,60.65342598597756,9.098013897896632,1.0826636538496996
2026-02-28 10:02:49.751390,ProjectD,ap-southeast-1,S3,232.5655474233729,5.3490075907375765,0.04883876495890831
2026-02-28 10:02:49.751390,ProjectD,eu-west-1,DataTransfer,581.9770430534122,11.639540861068244,0.013851053624671211
2026-03-01 10:02:49.751390,ProjectA,ap-southeast-1,EC2,136.28267799919254,13.628267799919255,2.8619362379830435
2026-03-01 10:02:49.751390,ProjectA,ap-southeast-1,RDS,61.30878988516072,9.196318482774108,1.9312268813825626
2026-03-01 10:02:49.751390,ProjectA,ap-southeast-1,S3,225.44692173181537,5.185279199831753,0.047343853563681225
2026-03-01 10:02:49.751390,ProjectA,eu-west-1,DataTransfer,690.1693402513545,13.80338680502709,0.016426030297982237
2026-03-01 10:02:49.751390,ProjectB,ap-southeast-1,EC2,110.6207631053064,11.06207631053064,2.323036025211434
2026-03-01 10:02:49.751390,ProjectB,us-east-1,RDS,64.39824071327979,9.659736106991968,2.0043952422008333
2026-03-01 10:02:49.751390,ProjectB,ap-southeast-1,S3,259.58865484056446,5.970539061332983,0.05451361751651854
2026-03-01 10:02:49.751390,ProjectB,us-east-1,DataTransfer,632.1390391591837,12.642780783183673,0.026233770125106123
2026-03-01 10:02:49.751390,ProjectC,ap-southeast-1,EC2,122.62771232094268,12.26277123209427,2.575181958739796
2026-03-01 10:02:49.751390,ProjectC,us-east-1,RDS,58.288188233075125,8.743228234961268,1.8142198587544631
2026-03-01 10:02:49.751390,ProjectC,us-east-1,S3,208.40598656491105,4.793337690992954,0.04324424221221904
2026-03-01 10:02:49.751390,ProjectC,ap-southeast-1,DataTransfer,729.8412875882408,14.596825751764817,0.030653334078706112
2026-03-01 10:02:49.751390,ProjectD,eu-west-1,EC2,108.08862591873964,10.808862591873964,1.2862546484330015
2026-03-01 10:02:49.751390,ProjectD,ap-southeast-1,RDS,55.538292418184405,8.33074386272766,1.7494562111728085
2026-03-01 10:02:49.751390,ProjectD,us-east-1,S3,229.71483723034532,5.283441256297943,0.047665828725296656
2026-03-01 10:02:49.751390,ProjectD,ap-southeast-1,DataTransfer,674.626542687673,13.49253085375346,0.02833431479288227
2026-03-02 10:02:49.751390,ProjectA,ap-southeast-1,EC2,129.53475745032654,12.953475745032655,2.720229906456857
2026-03-02 10:02:49.751390,ProjectA,us-east-1,RDS,68.10289627518293,10.21543444127744,2.119702646565069
2026-03-02 10:02:49.751390,ProjectA,eu-west-1,S3,279.2292222480898,6.422272111706065,0.03322827744752268
2026-03-02 10:02:49.751390,ProjectA,us-east-1,DataTransfer,748.5492087273278,14.970984174546556,0.031064792162184107
2026-03-02 10:02:49.751390,ProjectB,ap-southeast-1,EC2,125.08016832147864,12.508016832147865,2.6266835347510513
2026-03-02 10:02:49.751390,ProjectB,us-east-1,RDS,72.84749098564625,10.927123647846935,2.267378156928239
2026-03-02 10:02:49.751390,ProjectB,ap-southeast-1,S3,241.99992524665052,5.565998280672963,0.05081998430179661
2026-03-02 10:02:49.751390,ProjectB,eu-west-1,DataTransfer,704.3904155937307,14.087808311874614,0.016764491891130794
2026-03-02 10:02:49.751390,ProjectC,eu-west-1,EC2,106.29246702225647,10.629246702225648,1.2648803575648522
2026-03-02 10:02:49.751390,ProjectC,ap-southeast-1,RDS,68.67216606500722,10.300824909751082,2.1631732310477276
2026-03-02 10:02:49.751390,ProjectC,eu-west-1,S3,224.74955321033232,5.169239723837643,0.026745196832029545
2026-03-02 10:02:49.751390,ProjectC,us-east-1,DataTransfer,544.1845427546648,10.883690855093295,0.022583658524318588
2026-03-02 10:02:49.751390,ProjectD,ap-southeast-1,EC2,140.5813243127213,14.058132431272131,2.952207810567147
2026-03-02 10:02:49.751390,ProjectD,us-east-1,RDS,69.75523806185372,10.463285709278058,2.1711317846751967
2026-03-02 10:02:49.751390,ProjectD,eu-west-1,S3,248.64258643440257,5.71877948799126,0.029588467785693906
2026-03-02 10:02:49.751390,ProjectD,ap-southeast-1,DataTransfer,625.1232521312129,12.50246504262426,0.02625517658951094
2026-03-03 10:02:49.751390,ProjectA,us-east-1,EC2,150.06876922524592,15.006876922524592,3.1139269614238527
2026-03-03 10:02:49.751390,ProjectA,us-east-1,RDS,70.23457272500376,10.535185908750565,2.1860510760657417
2026-03-03 10:02:49.751390,ProjectA,eu-west-1,S3,247.2938989754244,5.68775967643476,0.029427973978075506
2026-03-03 10:02:49.751390,ProjectA,ap-southeast-1,DataTransfer,599.0957974294091,11.981915948588185,0.025162023492035182
2026-03-03 10:02:49.751390,ProjectB,eu-west-1,EC2,147.6500276268302,14.76500276268302,1.7570353287592793
2026-03-03 10:02:49.751390,ProjectB,ap-southeast-1,RDS,75.73806151961725,11.360709227942587,2.3857489378679433
2026-03-03 10:02:49.751390,ProjectB,eu-west-1,S3,230.1744543829533,5.294012450807927,0.02739076007157144
2026-03-03 10:02:49.751390,ProjectB,us-east-1,DataTransfer,739.4497055772456,14.788994111544913,0.030687162781455692
2026-03-03 10:02:49.751390,ProjectC,eu-west-1,EC2,131.62839349217745,13.162839349217746,1.5663778825569117
2026-03-03 10:02:49.751390,ProjectC,ap-southeast-1,RDS,58.15654137734632,8.723481206601948,1.8319310533864088
2026-03-03 10:02:49.751390,ProjectC,eu-west-1,S3,219.57036314154573,5.050118352255551,0.026128873213843943
2026-03-03 10:02:49.751390,ProjectC,eu-west-1,DataTransfer,708.1352897615589,14.162705795231178,0.0168536198963251
2026-03-03 10:02:49.751390,ProjectD,us-east-1,EC2,151.2180642554986,15.12180642554986,3.137774833301596
2026-03-03 10:02:49.751390,ProjectD,us-east-1,RDS,52.02400315929249,7.803600473893873,1.6192470983329788
2026-03-03 10:02:49.751390,ProjectD,us-east-1,S3,259.9410463744373,5.978644066612059,0.05393776712269573
2026-03-03 10:02:49.751390,ProjectD,us-east-1,DataTransfer,625.3118845588426,12.506237691176851,0.025950443209191966
2026-03-04 10:02:49.751390,ProjectA,eu-west-1,EC2,105.6037029620746,10.56037029620746,1.2566840652486877
2026-03-04 10:02:49.751390,ProjectA,ap-southeast-1,RDS,67.66690277077706,10.15003541561656,2.131507437279477
2026-03-04 10:02:49.751390,ProjectA,eu-west-1,S3,207.3659765599412,4.769417460878647,0.024676551210633002
2026-03-04 10:02:49.751390,ProjectA,eu-west-1,DataTransfer,755.7696155066413,15.115392310132828,0.017987316849058063
2026-03-04 10:02:49.751390,ProjectB,us-east-1,EC2,122.52112601225168,12.252112601225168,2.542313364754222
2026-03-04 10:02:49.751390,ProjectB,eu-west-1,RDS,54.47626311678719,8.171439467518077,0.9724012966346514
2026-03-04 10:02:49.751390,ProjectB,us-east-1,S3,237.9796115518915,5.473531065693504,0.049380769397017486
2026-03-04 10:02:49.751390,ProjectB,us-east-1,DataTransfer,716.742377400232,14.33484754800464,0.029744808662109625
2026-03-04 10:02:49.751390,ProjectC,ap-southeast-1,EC2,141.91207948455224,14.191207948455224,2.9801536691755968
2026-03-04 10:02:49.751390,ProjectC,ap-southeast-1,RDS,64.93372577158893,9.74005886573834,2.045412361805051
2026-03-04 10:02:49.751390,ProjectC,ap-southeast-1,S3,255.6418540511613,5.87976264317671,0.05368478935074387
2026-03-04 10:02:49.751390,ProjectC,us-east-1,DataTransfer,723.6891218990831,14.473782437981663,0.03003309855881195
2026-03-04 10:02:49.751390,ProjectD,us-east-1,EC2,138.86365357547527,13.886365357547527,2.881420811691112
2026-03-04 10:02:49.751390,ProjectD,us-east-1,RDS,75.73689038012176,11.360533557018265,2.3573107130812896
2026-03-04 10:02:49.751390,ProjectD,ap-southeast-1,S3,250.24398123713905,5.7556115684541975,0.052551236059799195
2026-03-04 10:02:49.751390,ProjectD,ap-southeast-1,DataTransfer,741.7297900182034,14.834595800364069,0.03115265118076454
2026-03-05 10:02:49.751390,ProjectA,eu-west-1,EC2,117.2741695671684,11.72741695671684,1.3955626178493037
2026-03-05 10:02:49.751390,ProjectA,ap-southeast-1,RDS,51.02804001733367,7.65420600260005,1.6073832605460108
2026-03-05 10:02:49.751390,ProjectA,ap-southeast-1,S3,239.49734092106337,5.508438841184457,0.050294441593423306
2026-03-05 10:02:49.751390,ProjectA,ap-southeast-1,DataTransfer,555.8228387038861,11.116456774077722,0.023344559225563215
2026-03-05 10:02:49.751390,ProjectB,us-east-1,EC2,140.091990567316,14.0091990567316,2.906908804271807
2026-03-05 10:02:49.751390,ProjectB,eu-west-1,RDS,72.91911733304546,10.93786759995682,1.3016062443948615
2026-03-05 10:02:49.751390,ProjectB,ap-southeast-1,S3,207.4290489551474,4.770868125968391,0.04356010028058095
2026-03-05 10:02:49.751390,ProjectB,ap-southeast-1,DataTransfer,544.225946894025,10.8845189378805,0.022857489769549048
2026-03-05 10:02:49.751390,ProjectC,ap-southeast-1,EC2,138.5815496388952,13.858154963889522,2.9102125424167995
2026-03-05 10:02:49.751390,ProjectC,us-east-1,RDS,52.8571537093153,7.928573056397294,1.6451789092024387
2026-03-05 10:02:49.751390,ProjectC,eu-west-1,S3,294.1895976143233,6.766360745129436,0.035008562116104466
2026-03-05 10:02:49.751390,ProjectC,eu-west-1,DataTransfer,675.9373010921298,13.518746021842595,0.01608730776599269
2026-03-05 10:02:49.751390,ProjectD,us-east-1,EC2,137.7566345978305,13.77566345978305,2.8584501679049823
2026-03-05 10:02:49.751390,ProjectD,ap-southeast-1,RDS,66.05460114917938,9.908190172376909,2.0807199361991504
2026-03-05 10:02:49.751390,ProjectD,us-east-1,S3,279.0109693512809,6.417252295079462,0.057894776140390784
2026-03-05 10:02:49.751390,ProjectD,eu-west-1,DataTransfer,594.6843441832742,11.893686883665485,0.014153487391561928
2026-03-06 10:02:49.751390,ProjectA,us-east-1,EC2,108.16191582564008,10.816191582564008,2.2443597533820316
2026-03-06 10:02:49.751390,ProjectA,eu-west-1,RDS,54.8101592629388,8.22152388944082,0.9783613428434574
2026-03-06 10:02:49.751390,ProjectA,us-east-1,S3,213.10258252773417,4.901359398137886,0.04421878587450484
2026-03-06 10:02:49.751390,ProjectA,us-east-1,DataTransfer,694.9336050281108,13.898672100562218,0.0288397446086666
2026-03-06 10:02:49.751390,ProjectB,us-east-1,EC2,141.9040967001375,14.19040967001375,2.944510006527853
2026-03-06 10:02:49.751390,ProjectB,eu-west-1,RDS,61.82265506772803,9.273398260159205,1.1035343929589454
2026-03-06 10:02:49.751390,ProjectB,eu-west-1,S3,267.6127324318398,6.155092845932315,0.031845915159388935
2026-03-06 10:02:49.751390,ProjectB,ap-southeast-1,DataTransfer,752.4667422120959,15.04933484424192,0.031603603172908036
2026-03-06 10:02:49.751390,ProjectC,eu-west-1,EC2,106.11323005786116,10.61132300578612,1.262747437688548
2026-03-06 10:02:49.751390,ProjectC,ap-southeast-1,RDS,58.729581449190775,8.809437217378616,1.8499818156495091
2026-03-06 10:02:49.751390,ProjectC,eu-west-1,S3,233.45466170333623,5.369457219176733,0.02778110474269701
2026-03-06 10:02:49.751390,ProjectC,eu-west-1,DataTransfer,731.6505336250472,14.633010672500944,0.017413282700276124
2026-03-06 10:02:49.751390,ProjectD,eu-west-1,EC2,149.81976552728756,14.981976552728757,1.782855209774722
2026-03-06 10:02:49.751390,ProjectD,ap-southeast-1,RDS,58.68181198284141,8.802271797426211,1.8484770774595043
2026-03-06 10:02:49.751390,ProjectD,us-east-1,S3,224.375651066964,5.160639974540173,0.046557947596395026
2026-03-06 10:02:49.751390,ProjectD,eu-west-1,DataTransfer,660.274234115197,13.205484682303942,0.01571452677194169
2026-03-07 10:02:49.751390,ProjectA,ap-southeast-1,EC2,111.49015818663888,11.149015818663887,2.3412933219194163
2026-03-07 10:02:49.751390,ProjectA,ap-southeast-1,RDS,71.36149292789794,10.704223939184692,2.247887027228785
2026-03-07 10:02:49.751390,ProjectA,us-east-1,S3,268.65050757761594,6.178961674285167,0.0557449803223553
2026-03-07 10:02:49.751390,ProjectA,ap-southeast-1,DataTransfer,552.7732308493127,11.055464616986251,0.023216475695671132
2026-03-07 10:02:49.751390,ProjectB,eu-west-1,EC2,127.5406563686046,12.75406563686046,1.5177338107863947
2026-03-07 10:02:49.751390,ProjectB,eu-west-1,RDS,74.80985929312456,11.221478893968683,1.3353559883822732
2026-03-07 10:02:49.751390,ProjectB,us-east-1,S3,293.0479879665772,6.740103723231275,0.06080745750306476
2026-03-07 10:02:49.751390,ProjectB,us-east-1,DataTransfer,727.78172445355,14.555634489071002,0.030202941564822325
2026-03-07 10:02:49.751390,ProjectC,us-east-1,EC2,143.19857066432263,14.319857066432265,2.9713703412846946
2026-03-07 10:02:49.751390,ProjectC,eu-west-1,RDS,73.67379628159038,11.051069442238555,1.315077263626388
2026-03-07 10:02:49.751390,ProjectC,eu-west-1,S3,259.3845957986125,5.965845703368087,0.030866766900034887
2026-03-07 10:02:49.751390,ProjectC,us-east-1,DataTransfer,711.0567009036713,14.221134018073426,0.029508853087502358
2026-03-07 10:02:49.751390,ProjectD,ap-southeast-1,EC2,122.09001361201857,12.209001361201857,2.56389028585239
2026-03-07 10:02:49.751390,ProjectD,us-east-1,RDS,64.14418431728593,9.62162764759289,1.9964877368755245
2026-03-07 10:02:49.751390,ProjectD,eu-west-1,S3,218.25394738538543,5.019840789863865,0.025972219738860863
2026-03-07 10:02:49.751390,ProjectD,us-east-1,DataTransfer,691.9004276215494,13.838008552430988,0.0287138677462943
2026-03-08 10:02:49.751390,ProjectA,eu-west-1,EC2,130.8007409014821,13.08007409014821,1.5565288167276368
2026-03-08 10:02:49.751390,ProjectA,us-east-1,RDS,70.79189947809559,10.618784921714338,2.203397871255725
2026-03-08 10:02:49.751390,ProjectA,eu-west-1,S3,304.151937617901,6.995494565211724,0.036194080576530216
2026-03-08 10:02:49.751390,ProjectA,ap-southeast-1,DataTransfer,615.6379058567564,12.312758117135129,0.025856792045983772
2026-03-08 10:02:49.751390,ProjectB,eu-west-1,EC2,116.84817399768116,11.684817399768116,1.3904932705724056
2026-03-08 10:02:49.751390,ProjectB,ap-southeast-1,RDS,57.03583511987472,8.555375267981207,1.7966288062760538
2026-03-08 10:02:49.751390,ProjectB,ap-southeast-1,S3,223.00408599367452,5.129093977854515,0.04683085805867165
2026-03-08 10:02:49.751390,ProjectB,eu-west-1,DataTransfer,642.0137480243209,12.840274960486418,0.015279927202978836
2026-03-08 10:02:49.751390,ProjectC,us-east-1,EC2,135.50724078240643,13.550724078240645,2.8117752462349332
2026-03-08 10:02:49.751390,ProjectC,eu-west-1,RDS,65.709840938894,9.8564761408341,1.172920660759258
2026-03-08 10:02:49.751390,ProjectC,us-east-1,S3,284.7180001497197,6.548514003443554,0.05907898503106684
2026-03-08 10:02:49.751390,ProjectC,us-east-1,DataTransfer,685.4244628909584,13.708489257819169,0.02844511520997477
2026-03-08 10:02:49.751390,ProjectD,us-east-1,EC2,133.24090669767722,13.324090669767722,2.7647488139768024
2026-03-08 10:02:49.751390,ProjectD,eu-west-1,RDS,57.93479913094691,8.690219869642036,1.034136164487402
2026-03-08 10:02:49.751390,ProjectD,us-east-1,S3,205.82782824681783,4.7340400496768105,0.042709274361214696
2026-03-08 10:02:49.751390,ProjectD,us-east-1,DataTransfer,687.9550406596992,13.759100813193983,0.028550134187377514
2026-03-09 10:02:49.751390,ProjectA,ap-southeast-1,EC2,103.4696533012036,10.346965330120362,2.172862719325276
2026-03-09 10:02:49.751390,ProjectA,eu-west-1,RDS,76.24840293689711,11.437260440534564,1.3610339924236134
2026-03-09 10:02:49.751390,ProjectA,eu-west-1,S3,294.59964803928864,6.775791904903638,0.03505735811667535
2026-03-09 10:02:49.751390,ProjectA,ap-southeast-1,DataTransfer,704.4129517184575,14.08825903436915,0.029585343972175212
2026-03-09 10:02:49.751390,ProjectB,us-east-1,EC2,142.05278003637062,14.205278003637062,2.94759518575469
2026-03-09 10:02:49.751390,ProjectB,ap-southeast-1,RDS,72.79971953515111,10.919957930272666,2.2931911653572596
2026-03-09 10:02:49.751390,ProjectB,eu-west-1,S3,297.18978949272054,6.835365158332572,0.03536558494963374
2026-03-09 10:02:49.751390,ProjectB,us-east-1,DataTransfer,692.9305369426224,13.858610738852448,0.02875661728311883
2026-03-09 10:02:49.751390,ProjectC,eu-west-1,EC2,119.72654457237164,11.972654457237164,1.4247458804112225
2026-03-09 10:02:49.751390,ProjectC,eu-west-1,RDS,59.916591322196496,8.987488698329473,1.0695111551012075
2026-03-09 10:02:49.751390,ProjectC,ap-southeast-1,S3,276.2685904932683,6.35417758134517,0.05801640400358634
2026-03-09 10:02:49.751390,ProjectC,eu-west-1,DataTransfer,699.4296450097738,13.988592900195476,0.016646425551232615
2026-03-09 10:02:49.751390,ProjectD,us-east-1,EC2,116.3149872461736,11.63149872461736,2.413535985358102
2026-03-09 10:02:49.751390,ProjectD,ap-southeast-1,RDS,55.1239758072724,8.268596371090858,1.7364052379290804
2026-03-09 10:02:49.751390,ProjectD,us-east-1,S3,283.02620667862,6.509602753608259,0.058727937885813646
2026-03-09 10:02:49.751390,ProjectD,eu-west-1,DataTransfer,679.4550955194694,13.589101910389388,0.016171031273363373
2026-03-10 10:02:49.751390,ProjectA,eu-west-1,EC2,120.0917195651264,12.00917195651264,1.429091462825004
2026-03-10 10:02:49.751390,ProjectA,eu-west-1,RDS,63.6219011528912,9.54328517293368,1.135650935579108
2026-03-10 10:02:49.751390,ProjectA,ap-southeast-1,S3,247.6526933653148,5.696011947402241,0.052007065606716106
2026-03-10 10:02:49.751390,ProjectA,eu-west-1,DataTransfer,759.2883160247286,15.185766320494572,0.01807106192138854
2026-03-10 10:02:49.751390,ProjectB,eu-west-1,EC2,151.07744343636574,15.107744343636575,1.7978215768927521
2026-03-10 10:02:49.751390,ProjectB,ap-southeast-1,RDS,56.47288982729246,8.470933474093869,1.7788960295597127
2026-03-10 10:02:49.751390,ProjectB,ap-southeast-1,S3,295.8411790376741,6.804347117866505,0.06212664759791157
2026-03-10 10:02:49.751390,ProjectB,us-east-1,DataTransfer,539.4296092458312,10.788592184916624,0.022386328783701996
2026-03-10 10:02:49.751390,ProjectC,us-east-1,EC2,125.1694187748439,12.516941877484392,2.597265439578011
2026-03-10 10:02:49.751390,ProjectC,us-east-1,RDS,57.442044504815726,8.616306675722358,1.7878836352123892
2026-03-10 10:02:49.751390,ProjectC,ap-southeast-1,S3,236.54635123488305,5.44056607840231,0.049674733759325435
2026-03-10 10:02:49.751390,ProjectC,eu-west-1,DataTransfer,693.7347039103632,13.874694078207265,0.016510885953066642
2026-03-10 10:02:49.751390,ProjectD,eu-west-1,EC2,138.91849126629623,13.891849126629625,1.653130046068925
2026-03-10 10:02:49.751390,ProjectD,ap-southeast-1,RDS,62.88917762205467,9.4333766433082,1.9810090950947221
2026-03-10 10:02:49.751390,ProjectD,eu-west-1,S3,251.54596229299315,5.785557132738842,0.02993396951286618
2026-03-10 10:02:49.751390,ProjectD,eu-west-1,DataTransfer,673.0758856214801,13.461517712429602,0.016019206077791226
2026-03-11 10:02:49.751390,ProjectA,us-east-1,EC2,121.20229236292576,12.12022923629258,2.5149475665307097
2026-03-11 10:02:49.751390,ProjectA,eu-west-1,RDS,66.94188440218444,10.041282660327663,1.1949126365789924
2026-03-11 10:02:49.751390,ProjectA,ap-southeast-1,S3,280.8228333835286,6.458925167821157,0.058972795010541
2026-03-11 10:02:49.751390,ProjectA,ap-southeast-1,DataTransfer,711.122229667809,14.22244459335618,0.02986713364604798
2026-03-11 10:02:49.751390,ProjectB,us-east-1,EC2,127.39331202142232,12.739331202142232,2.643411224444513
2026-03-11 10:02:49.751390,ProjectB,eu-west-1,RDS,66.01007752071283,9.901511628106924,1.178279883744724
2026-03-11 10:02:49.751390,ProjectB,ap-southeast-1,S3,255.3605316148925,5.873292227142528,0.05362571163912742
2026-03-11 10:02:49.751390,ProjectB,eu-west-1,DataTransfer,647.8390919542338,12.956781839084677,0.015418570388510765
2026-03-11 10:02:49.751390,ProjectC,eu-west-1,EC2,131.31627880367887,13.131627880367889,1.5626637177637785
2026-03-11 10:02:49.751390,ProjectC,eu-west-1,RDS,75.8427657980388,11.37641486970582,1.3537933694949924
2026-03-11 10:02:49.751390,ProjectC,ap-southeast-1,S3,284.16210029516674,6.535728306788835,0.05967404106198502
2026-03-11 10:02:49.751390,ProjectC,us-east-1,DataTransfer,595.5412581131233,11.910825162262466,0.024714962211694617
2026-03-11 10:02:49.751390,ProjectD,eu-west-1,EC2,102.67996617405277,10.267996617405275,1.2218915974712279
2026-03-11 10:02:49.751390,ProjectD,ap-southeast-1,RDS,69.28615583679932,10.392923375519898,2.1825139088591783
2026-03-11 10:02:49.751390,ProjectD,ap-southeast-1,S3,293.5917026543938,6.752609161051058,0.0616542575574227
2026-03-11 10:02:49.751390,ProjectD,ap-southeast-1,DataTransfer,747.423591805051,14.94847183610102,0.031391790855812146
2026-03-12 10:02:49.751390,ProjectA,ap-southeast-1,EC2,152.88765724660468,15.288765724660468,3.210640802178698
2026-03-12 10:02:49.751390,ProjectA,eu-west-1,RDS,73.61292239484048,11.041938359226071,1.3139906647479027
2026-03-12 10:02:49.751390,ProjectA,us-east-1,S3,244.39943856887103,5.621187087084033,0.050712883503040734
2026-03-12 10:02:49.751390,ProjectA,ap-southeast-1,DataTransfer,744.5849466865652,14.891698933731304,0.03127256776083574
2026-03-12 10:02:49.751390,ProjectB,ap-southeast-1,EC2,108.62214201321753,10.862214201321752,2.281064982277568
2026-03-12 10:02:49.751390,ProjectB,us-east-1,RDS,52.45792794843408,7.868689192265111,1.6327530073950107
2026-03-12 10:02:49.751390,ProjectB,eu-west-1,S3,242.5986599807125,5.579769179556388,0.028869240537704788
2026-03-12 10:02:49.751390,ProjectB,eu-west-1,DataTransfer,716.5304060734306,14.330608121468613,0.017053423664547648
2026-03-12 10:02:49.751390,ProjectC,ap-southeast-1,EC2,108.58823863884083,10.858823863884083,2.2803530114156576
2026-03-12 10:02:49.751390,ProjectC,ap-southeast-1,RDS,58.84078063323003,8.826117094984504,1.853484589946746
2026-03-12 10:02:49.751390,ProjectC,ap-southeast-1,S3,301.35669129352345,6.931203899751039,0.06328490517163991
2026-03-12 10:02:49.751390,ProjectC,eu-west-1,DataTransfer,601.9137991681164,12.038275983362327,0.014325548420201171
2026-03-12 10:02:49.751390,ProjectD,ap-southeast-1,EC2,102.96348510325195,10.296348510325195,2.162233187168291
2026-03-12 10:02:49.751390,ProjectD,ap-southeast-1,RDS,61.35059543840731,9.202589315761095,1.9325437563098302
2026-03-12 10:02:49.751390,ProjectD,us-east-1,S3,235.774519321268,5.422813944389163,0.04892321275916311
2026-03-12 10:02:49.751390,ProjectD,us-east-1,DataTransfer,678.942872840242,13.57885745680484,0.028176129222870043
2026-03-13 10:02:49.751390,ProjectA,us-east-1,EC2,126.01034892738076,12.601034892738076,2.6147147402431505
2026-03-13 10:02:49.751390,ProjectA,ap-southeast-1,RDS,62.914464600656345,9.437169690098452,1.981805634920675
2026-03-13 10:02:49.751390,ProjectA,us-east-1,S3,307.26976077160754,7.067204497746973,0.06375847536010856
2026-03-13 10:02:49.751390,ProjectA,ap-southeast-1,DataTransfer,554.8659485641332,11.097318971282665,0.023304369839693594
2026-03-13 10:02:49.751390,ProjectB,eu-west-1,EC2,112.17176706459348,11.217176706459348,1.3348440280686624
2026-03-13 10:02:49.751390,ProjectB,us-east-1,RDS,71.20345932946508,10.68051889941976,2.2162076716296
2026-03-13 10:02:49.751390,ProjectB,us-east-1,S3,225.9222844512841,5.196212542379534,0.046878874023641444
2026-03-13 10:02:49.751390,ProjectB,eu-west-1,DataTransfer,699.0217788144172,13.980435576288343,0.01663671833578313
2026-03-13 10:02:49.751390,ProjectC,us-east-1,EC2,108.84806326092053,10.884806326092054,2.2585973126641012
2026-03-13 10:02:49.751390,ProjectC,ap-southeast-1,RDS,53.60661804161686,8.040992706242529,1.6886084683109313
2026-03-13 10:02:49.751390,ProjectC,us-east-1,S3,290.38287362288327,6.678806093326315,0.06025444627674828
2026-03-13 10:02:49.751390,ProjectC,ap-southeast-1,DataTransfer,609.1203337159719,12.182406674319438,0.02558305401607082
2026-03-13 10:02:49.751390,ProjectD,ap-southeast-1,EC2,128.10302639005852,12.810302639005853,2.6901635541912285
2026-03-13 10:02:49.751390,ProjectD,eu-west-1,RDS,60.66795593656264,9.100193390484394,1.082923013467643
2026-03-13 10:02:49.751390,ProjectD,ap-southeast-1,S3,227.685312719739,5.236762192553996,0.04781391567114519
2026-03-13 10:02:49.751390,ProjectD,ap-southeast-1,DataTransfer,582.1808894981812,11.643617789963624,0.024451597358923608
2026-03-14 10:02:49.751390,ProjectA,ap-southeast-1,EC2,109.39870031598927,10.939870031598929,2.297372706635775
2026-03-14 10:02:49.751390,ProjectA,eu-west-1,RDS,58.72436371597466,8.8086545573962,1.0482298923301476
2026-03-14 10:02:49.751390,ProjectA,eu-west-1,S3,233.0321474883013,5.35973939223093,0.02773082555110785
2026-03-14 10:02:49.751390,ProjectA,us-east-1,DataTransfer,543.4494006877055,10.86898801375411,0.022553150128539777
2026-03-14 10:02:49.751390,ProjectB,eu-west-1,EC2,123.3928763323422,12.33928763323422,1.468375228354872
2026-03-14 10:02:49.751390,ProjectB,us-east-1,RDS,54.29317165832292,8.143975748748437,1.6898749678653004
2026-03-14 10:02:49.751390,ProjectB,eu-west-1,S3,207.1938304237708,4.765458099746728,0.024656065820428723
2026-03-14 10:02:49.751390,ProjectB,us-east-1,DataTransfer,527.303217312884,10.546064346257682,0.021883083518484687
2026-03-14 10:02:49.751390,ProjectC,us-east-1,EC2,116.97777163856053,11.697777163856053,2.427288761500131
2026-03-14 10:02:49.751390,ProjectC,eu-west-1,RDS,55.67293518423782,8.350940277635672,0.9937618930386449
2026-03-14 10:02:49.751390,ProjectC,us-east-1,S3,209.60086923026776,4.820819992296158,0.04349218036528056
2026-03-14 10:02:49.751390,ProjectC,ap-southeast-1,DataTransfer,573.9100065447453,11.478200130894908,0.024104220274879306
2026-03-14 10:02:49.751390,ProjectD,eu-west-1,EC2,118.9868489450428,11.898684894504282,1.4159435024460092
2026-03-14 10:02:49.751390,ProjectD,eu-west-1,RDS,65.31737640566331,9.797606460849495,1.1659151688410898
2026-03-14 10:02:49.751390,ProjectD,us-east-1,S3,232.88511137715528,5.356357561674572,0.04832366061075972
2026-03-14 10:02:49.751390,ProjectD,us-east-1,DataTransfer,584.8755230018628,11.697510460037256,0.024272334204577303
2026-03-15 10:02:49.751390,ProjectA,us-east-1,EC2,114.99727054364384,11.499727054364383,2.3861933637806096
2026-03-15 10:02:49.751390,ProjectA,eu-west-1,RDS,69.12097082611545,10.368145623917318,1.2338093292461607
2026-03-15 10:02:49.751390,ProjectA,ap-southeast-1,S3,245.2296052210576,5.640280920084325,0.0514982170964221
2026-03-15 10:02:49.751390,ProjectA,us-east-1,DataTransfer,682.8554794639495,13.657109589278988,0.028338502397753897
2026-03-15 10:02:49.751390,ProjectB,ap-southeast-1,EC2,142.2161904597061,14.22161904597061,2.986539999653828
2026-03-15 10:02:49.751390,ProjectB,us-east-1,RDS,54.762060072346,8.2143090108519,1.7044691197517694
2026-03-15 10:02:49.751390,ProjectB,eu-west-1,S3,289.0430013295947,6.6479890305806775,0.034396117158221766
2026-03-15 10:02:49.751390,ProjectB,us-east-1,DataTransfer,725.4396419614474,14.508792839228947,0.030105745141400065
2026-03-15 10:02:49.751390,ProjectC,ap-southeast-1,EC2,120.0599675917167,12.005996759171673,2.5212593194260506
2026-03-15 10:02:49.751390,ProjectC,eu-west-1,RDS,73.96238790361994,11.09435818554299,1.3202286240796157
2026-03-15 10:02:49.751390,ProjectC,ap-southeast-1,S3,249.0990374956864,5.729277862400787,0.052310797874094137
2026-03-15 10:02:49.751390,ProjectC,us-east-1,DataTransfer,538.4529274925445,10.769058549850891,0.0223457964909406
2026-03-15 10:02:49.751390,ProjectD,eu-west-1,EC2,141.81344072409007,14.181344072409008,1.6875799446166717
2026-03-15 10:02:49.751390,ProjectD,ap-southeast-1,RDS,61.4326023646271,9.214890354694065,1.9351269744857535
2026-03-15 10:02:49.751390,ProjectD,us-east-1,S3,250.59457282010115,5.763675174862327,0.05199837386017099
2026-03-15 10:02:49.751390,ProjectD,ap-southeast-1,DataTransfer,711.0739868277507,14.221479736555011,0.02986510744676553
2026-03-16 10:02:49.751390,ProjectA,eu-west-1,EC2,141.0559061227926,14.10559061227926,1.6785652828612319
2026-03-16 10:02:49.751390,ProjectA,eu-west-1,RDS,76.43181660199389,11.464772490299085,1.3643079263455908
2026-03-16 10:02:49.751390,ProjectA,us-east-1,S3,304.21135023105813,6.996861055314337,0.06312385517294455
2026-03-16 10:02:49.751390,ProjectA,ap-southeast-1,DataTransfer,697.6787232085558,13.953574464171115,0.02930250637475934
2026-03-16 10:02:49.751390,ProjectB,ap-southeast-1,EC2,131.5068008583644,13.15068008583644,2.761642818025652
2026-03-16 10:02:49.751390,ProjectB,us-east-1,RDS,75.86796719225369,11.380195078838051,2.3613904788588957
2026-03-16 10:02:49.751390,ProjectB,us-east-1,S3,223.90056031669525,5.14971288728399,0.046459366265714265
2026-03-16 10:02:49.751390,ProjectB,us-east-1,DataTransfer,656.9727865180586,13.139455730361172,0.02726437064049943
2026-03-16 10:02:49.751390,ProjectC,us-east-1,EC2,131.79781901545206,13.179781901545208,2.73480474457063
2026-03-16 10:02:49.751390,ProjectC,us-east-1,RDS,69.88703561232347,10.48305534184852,2.175233983433568
2026-03-16 10:02:49.751390,ProjectC,eu-west-1,S3,259.3484101331833,5.965013433063215,0.03086246080584881
2026-03-16 10:02:49.751390,ProjectC,ap-southeast-1,DataTransfer,590.6456464273065,11.81291292854613,0.024807117149946874
2026-03-16 10:02:49.751390,ProjectD,eu-west-1,EC2,103.45633083617103,10.345633083617104,1.2311303369504354
2026-03-16 10:02:49.751390,ProjectD,eu-west-1,RDS,64.87427071211212,9.731140606816815,1.1580057322112014
2026-03-16 10:02:49.751390,ProjectD,eu-west-1,S3,235.383489774372,5.413820264810555,0.02801063528315027
2026-03-16 10:02:49.751390,ProjectD,eu-west-1,DataTransfer,668.7065237277378,13.374130474554756,0.01591521526472016
2026-03-17 10:02:49.751390,ProjectA,ap-southeast-1,EC2,119.965138443658,11.9965138443658,2.519267907316818
2026-03-17 10:02:49.751390,ProjectA,ap-southeast-1,RDS,68.28650562822327,10.24297584423349,2.1510249272890327
2026-03-17 10:02:49.751390,ProjectA,us-east-1,S3,218.59028393276265,5.0275765304535405,0.04535748391604825
2026-03-17 10:02:49.751390,ProjectA,ap-southeast-1,DataTransfer,621.8594645359406,12.43718929071881,0.026118097510509503
2026-03-17 10:02:49.751390,ProjectB,eu-west-1,EC2,129.20152204997146,12.920152204997146,1.5374981123946603
2026-03-17 10:02:49.751390,ProjectB,eu-west-1,RDS,74.74854137346719,11.212281206020078,1.3342614635163894
2026-03-17 10:02:49.751390,ProjectB,ap-southeast-1,S3,303.01520518218246,6.9693497191901965,0.06363319308825831
2026-03-17 10:02:49.751390,ProjectB,eu-west-1,DataTransfer,544.830342814819,10.89660685629638,0.012966962158992693
2026-03-17 10:02:49.751390,ProjectC,eu-west-1,EC2,139.1526148995755,13.915261489957553,1.6559161173049484
2026-03-17 10:02:49.751390,ProjectC,eu-west-1,RDS,56.9776702470525,8.546650537057875,1.0170514139098872
2026-03-17 10:02:49.751390,ProjectC,ap-southeast-1,S3,243.6917753714533,5.604910833543426,0.05117527282800519
2026-03-17 10:02:49.751390,ProjectC,eu-west-1,DataTransfer,599.1786980635949,11.983573961271896,0.014260453013913559
2026-03-17 10:02:49.751390,ProjectD,eu-west-1,EC2,110.30852759133984,11.030852759133984,1.312671478336944
2026-03-17 10:02:49.751390,ProjectD,eu-west-1,RDS,56.36574680802208,8.454862021203311,1.0061285805231943
2026-03-17 10:02:49.751390,ProjectD,eu-west-1,S3,215.3636385102697,4.953363685736204,0.025628272982722095
2026-03-17 10:02:49.751390,ProjectD,eu-west-1,DataTransfer,531.2037901514452,10.624075803028903,0.012642650205604395
2026-03-18 10:02:49.751390,ProjectA,eu-west-1,EC2,103.85587249641834,10.385587249641835,1.235884882707378
2026-03-18 10:02:49.751390,ProjectA,us-east-1,RDS,61.240926295738696,9.186138944360804,1.9061238309548667
2026-03-18 10:02:49.751390,ProjectA,us-east-1,S3,228.44949326833796,5.254338345171773,0.04740326985318013
2026-03-18 10:02:49.751390,ProjectA,ap-southeast-1,DataTransfer,658.5761216943774,13.17152243388755,0.02766019711116385
2026-03-18 10:02:49.751390,ProjectB,eu-west-1,EC2,123.47759822573406,12.347759822573408,1.4693834188862351
2026-03-18 10:02:49.751390,ProjectB,ap-southeast-1,RDS,55.26140587735637,8.289210881603454,1.7407342851367253
2026-03-18 10:02:49.751390,ProjectB,us-east-1,S3,272.2131234869043,6.260901840198799,0.056484223123532636
2026-03-18 10:02:49.751390,ProjectB,eu-west-1,DataTransfer,572.2156216330395,11.44431243266079,0.013618731794866341
2026-03-18 10:02:49.751390,ProjectC,eu-west-1,EC2,141.50898083230027,14.150898083230029,1.683956871904373
2026-03-18 10:02:49.751390,ProjectC,us-east-1,RDS,72.09536441173526,10.81430466176029,2.2439682173152597
2026-03-18 10:02:49.751390,ProjectC,eu-west-1,S3,223.8608045896524,5.148798505562006,0.026639435746168633
2026-03-18 10:02:49.751390,ProjectC,eu-west-1,DataTransfer,736.7384308618931,14.734768617237862,0.017534374654513053
2026-03-18 10:02:49.751390,ProjectD,ap-southeast-1,EC2,135.2845374164207,13.528453741642071,2.8409752857448343
2026-03-18 10:02:49.751390,ProjectD,ap-southeast-1,RDS,75.34608194405624,11.301912291608437,2.3734015812377716
2026-03-18 10:02:49.751390,ProjectD,eu-west-1,S3,284.02030668139145,6.532467053672003,0.03379841649508558
2026-03-18 10:02:49.751390,ProjectD,ap-southeast-1,DataTransfer,585.4130798832373,11.708261597664746,0.024587349355095964
2026-03-19 10:02:49.751390,ProjectA,eu-west-1,EC2,118.95827800841556,11.895827800841555,1.4156035083001453
2026-03-19 10:02:49.751390,ProjectA,eu-west-1,RDS,70.00814942196558,10.501222413294837,1.2496454671820856
2026-03-19 10:02:49.751390,ProjectA,ap-southeast-1,S3,236.88506474724585,5.448356489186653,0.049745863596921625
2026-03-19 10:02:49.751390,ProjectA,ap-southeast-1,DataTransfer,717.3424865605311,14.346849731210623,0.030128384435542308
2026-03-19 10:02:49.751390,ProjectB,ap-southeast-1,EC2,143.65301084993507,14.365301084993508,3.0167132278486366
2026-03-19 10:02:49.751390,ProjectB,ap-southeast-1,RDS,55.73608517178144,8.360412775767216,1.7556866829111153
2026-03-19 10:02:49.751390,ProjectB,eu-west-1,S3,247.1104271474736,5.683539824391891,0.029406140830549356
2026-03-19 10:02:49.751390,ProjectB,eu-west-1,DataTransfer,759.7516843874948,15.195033687749897,0.01808209008842238
2026-03-19 10:02:49.751390,ProjectC,ap-southeast-1,EC2,126.83020171399085,12.683020171399084,2.6634342359938077
2026-03-19 10:02:49.751390,ProjectC,us-east-1,RDS,67.10663583285778,10.065995374928669,2.0886940402976983
2026-03-19 10:02:49.751390,ProjectC,eu-west-1,S3,241.31004004833372,5.550130921111676,0.02871589476575171
2026-03-19 10:02:49.751390,ProjectC,us-east-1,DataTransfer,676.1618827822683,13.523237655645367,0.02806071813546413
2026-03-19 10:02:49.751390,ProjectD,ap-southeast-1,EC2,149.3460494808827,14.934604948088271,3.1362670390985365
2026-03-19 10:02:49.751390,ProjectD,ap-southeast-1,RDS,70.43340209089666,10.5650103136345,2.2186521658632445
2026-03-19 10:02:49.751390,ProjectD,eu-west-1,S3,237.96458275658972,5.473185403401565,0.028317785348034176
2026-03-19 10:02:49.751390,ProjectD,ap-southeast-1,DataTransfer,612.7144700534665,12.254289401069329,0.025734007742245595
2026-03-20 10:02:49.751390,ProjectA,ap-southeast-1,EC2,119.82490542373156,11.982490542373156,2.5163230138983628
2026-03-20 10:02:49.751390,ProjectA,eu-west-1,RDS,64.77999666348582,9.716999499522872,1.156322940443222
2026-03-20 10:02:49.751390,ProjectA,eu-west-1,S3,228.47864585571864,5.255008854681528,0.02718895885683052
2026-03-20 10:02:49.751390,ProjectA,ap-southeast-1,DataTransfer,751.4996415283662,15.029992830567323,0.03156298494419138
2026-03-20 10:02:49.751390,ProjectB,us-east-1,EC2,142.83285357658667,14.283285357658668,2.9637817117141734
2026-03-20 10:02:49.751390,ProjectB,ap-southeast-1,RDS,67.22794616942463,10.084191925413691,2.1176803043368753
2026-03-20 10:02:49.751390,ProjectB,us-east-1,S3,257.80725566672874,5.929566880334761,0.053495005550846214
2026-03-20 10:02:49.751390,ProjectB,ap-southeast-1,DataTransfer,743.6404535094165,14.87280907018833,0.031232899047395495
2026-03-20 10:02:49.751390,ProjectC,us-east-1,EC2,105.7502270079112,10.57502270079112,2.1943172104141575
2026-03-20 10:02:49.751390,ProjectC,eu-west-1,RDS,61.94796176838434,9.29219426525765,1.1057711175656604
2026-03-20 10:02:49.751390,ProjectC,eu-west-1,S3,232.92294700813392,5.35722778118708,0.027717830693967938
2026-03-20 10:02:49.751390,ProjectC,eu-west-1,DataTransfer,623.744528626193,12.47489057252386,0.014845119781303392
2026-03-20 10:02:49.751390,ProjectD,ap-southeast-1,EC2,117.769865112753,11.7769865112753,2.473167167367813
2026-03-20 10:02:49.751390,ProjectD,us-east-1,RDS,76.96616003678479,11.544924005517718,2.3955717311449263
2026-03-20 10:02:49.751390,ProjectD,us-east-1,S3,248.13798151383352,5.707173574818171,0.05148863116412045
2026-03-20 10:02:49.751390,ProjectD,us-east-1,DataTransfer,661.0732447112342,13.221464894224685,0.027434539655516215
2026-03-21 10:02:49.751390,ProjectA,ap-southeast-1,EC2,120.7873068247651,12.078730682476513,2.536533443320067
2026-03-21 10:02:49.751390,ProjectA,eu-west-1,RDS,65.17078050004191,9.775617075006286,1.163298431925748
2026-03-21 10:02:49.751390,ProjectA,eu-west-1,S3,253.5427989977769,5.831484376948869,0.030171593080735453
2026-03-21 10:02:49.751390,ProjectA,ap-southeast-1,DataTransfer,558.6762166696317,11.173524333392631,0.02346440110012453
2026-03-21 10:02:49.751390,ProjectB,eu-west-1,EC2,145.9713534183227,14.59713534183227,1.7370591056780402
2026-03-21 10:02:49.751390,ProjectB,ap-southeast-1,RDS,61.31076259015895,9.196614388523844,1.931289021590007
2026-03-21 10:02:49.751390,ProjectB,eu-west-1,S3,251.91985200839596,5.7941565961931065,0.029978462388999115
2026-03-21 10:02:49.751390,ProjectB,eu-west-1,DataTransfer,704.4558934703374,14.08911786940675,0.016766050264594032
2026-03-21 10:02:49.751390,ProjectC,eu-west-1,EC2,154.38058660616218,15.43805866061622,1.8371289806133297
2026-03-21 10:02:49.751390,ProjectC,us-east-1,RDS,74.65872358823222,11.198808538234832,2.3237527716837274
2026-03-21 10:02:49.751390,ProjectC,ap-southeast-1,S3,245.594671314573,5.648677440235179,0.051574880976060326
2026-03-21 10:02:49.751390,ProjectC,us-east-1,DataTransfer,746.6928894634391,14.933857789268782,0.03098775491273272
2026-03-21 10:02:49.751390,ProjectD,eu-west-1,EC2,141.30379504783474,14.130379504783477,1.6815151610692332
2026-03-21 10:02:49.751390,ProjectD,ap-southeast-1,RDS,58.58157573226705,8.787236359840056,1.8453196355664119
2026-03-21 10:02:49.751390,ProjectD,ap-southeast-1,S3,289.1311721083651,6.650016958492397,0.060717546142756665
2026-03-21 10:02:49.751390,ProjectD,eu-west-1,DataTransfer,644.2926151667002,12.885852303334005,0.015334164240967466
2026-03-22 10:02:49.751390,ProjectA,ap-southeast-1,EC2,141.81378678471393,14.181378678471392,2.9780895224789923
2026-03-22 10:02:49.751390,ProjectA,us-east-1,RDS,53.0757547031747,7.961363205476205,1.6519828651363124
2026-03-22 10:02:49.751390,ProjectA,eu-west-1,S3,287.53915840009967,6.613400643202292,0.034217159849611864
2026-03-22 10:02:49.751390,ProjectA,ap-southeast-1,DataTransfer,623.6768652179431,12.473537304358864,0.026194428339153614
2026-03-22 10:02:49.751390,ProjectB,eu-west-1,EC2,131.17255543719858,13.11725554371986,1.5609534097026632
2026-03-22 10:02:49.751390,ProjectB,eu-west-1,RDS,73.67269200981781,11.050903801472671,1.315057552375248
2026-03-22 10:02:49.751390,ProjectB,us-east-1,S3,257.92193654211286,5.932204540468596,0.053518801832488416
2026-03-22 10:02:49.751390,ProjectB,ap-southeast-1,DataTransfer,520.8936979176154,10.41787395835231,0.021877535312539848
2026-03-22 10:02:49.751390,ProjectC,eu-west-1,EC2,111.81983743032544,11.181983743032545,1.3306560654208728
2026-03-22 10:02:49.751390,ProjectC,eu-west-1,RDS,67.27220122226048,10.09083018333907,1.2008087918173496
2026-03-22 10:02:49.751390,ProjectC,us-east-1,S3,249.8696912001353,5.747002897603111,0.051847960924028075
2026-03-22 10:02:49.751390,ProjectC,us-east-1,DataTransfer,726.3963322986868,14.527926645973738,0.030145447790395505
2026-03-22 10:02:49.751390,ProjectD,us-east-1,EC2,150.78421522325235,15.078421522325238,3.128772465882486
2026-03-22 10:02:49.751390,ProjectD,eu-west-1,RDS,59.74425959620396,8.961638939430594,1.0664350337922406
2026-03-22 10:02:49.751390,ProjectD,us-east-1,S3,220.6224549096001,5.074316462920802,0.04577915939374202
2026-03-22 10:02:49.751390,ProjectD,ap-southeast-1,DataTransfer,708.4593279669285,14.16918655933857,0.029755291774610997
2026-03-23 10:02:49.751390,ProjectA,eu-west-1,EC2,146.3838767635739,14.638387676357391,1.7419681334865296
2026-03-23 10:02:49.751390,ProjectA,ap-southeast-1,RDS,53.94862191642165,8.092293287463248,1.699381590367282
2026-03-23 10:02:49.751390,ProjectA,eu-west-1,S3,235.1785319961977,5.409106235912547,0.027986245307547526
2026-03-23 10:02:49.751390,ProjectA,ap-southeast-1,DataTransfer,765.900480906567,15.318009618131342,0.03216782019807582
2026-03-23 10:02:49.751390,ProjectB,us-east-1,EC2,105.0144397950774,10.50144397950774,2.1790496257478558
2026-03-23 10:02:49.751390,ProjectB,us-east-1,RDS,66.76038919561935,10.014058379342902,2.077917113713652
2026-03-23 10:02:49.751390,ProjectB,eu-west-1,S3,295.4269729123763,6.794820376984655,0.035155809776572775
2026-03-23 10:02:49.751390,ProjectB,ap-southeast-1,DataTransfer,599.2082811412137,11.984165622824271,0.025166747807930972
2026-03-23 10:02:49.751390,ProjectC,us-east-1,EC2,122.6939426027965,12.26939426027965,2.5458993090080275
2026-03-23 10:02:49.751390,ProjectC,ap-southeast-1,RDS,70.08122455409426,10.51218368311414,2.2075585734539693
2026-03-23 10:02:49.751390,ProjectC,ap-southeast-1,S3,295.5305766846332,6.797203263746564,0.062061421103772975
2026-03-23 10:02:49.751390,ProjectC,ap-southeast-1,DataTransfer,607.0613800709847,12.141227601419692,0.025496577962981357
2026-03-23 10:02:49.751390,ProjectD,ap-southeast-1,EC2,135.0067401440754,13.50067401440754,2.8351415430255833
2026-03-23 10:02:49.751390,ProjectD,eu-west-1,RDS,68.01031854170084,10.201547781255126,1.2139841859693599
2026-03-23 10:02:49.751390,ProjectD,us-east-1,S3,244.6908437426121,5.627889406080078,0.050773350076592005
2026-03-23 10:02:49.751390,ProjectD,us-east-1,DataTransfer,707.0472149164257,14.140944298328511,0.029342459419031665
2026-03-24 10:02:49.751390,ProjectA,ap-southeast-1,EC2,151.87131750391868,15.187131750391869,3.189297667582292
2026-03-24 10:02:49.751390,ProjectA,us-east-1,RDS,73.39652562544794,11.00947884381719,2.284466860092067
2026-03-24 10:02:49.751390,ProjectA,ap-southeast-1,S3,242.10465697303775,5.5684071103798685,0.050841977964337925
2026-03-24 10:02:49.751390,ProjectA,us-east-1,DataTransfer,537.4115952496228,10.748231904992457,0.022302581202859346
2026-03-24 10:02:49.751390,ProjectB,ap-southeast-1,EC2,126.32105291639128,12.632105291639128,2.652742111244217
2026-03-24 10:02:49.751390,ProjectB,us-east-1,RDS,62.23726178751557,9.335589268127334,1.9371347731364221
2026-03-24 10:02:49.751390,ProjectB,eu-west-1,S3,230.56548648476576,5.303006189149613,0.027437292891687125
2026-03-24 10:02:49.751390,ProjectB,us-east-1,DataTransfer,719.6408829939678,14.392817659879356,0.02986509664424966
2026-03-24 10:02:49.751390,ProjectC,us-east-1,EC2,135.94396934403278,13.594396934403278,2.82083736388868
2026-03-24 10:02:49.751390,ProjectC,us-east-1,RDS,76.678939611696,11.5018409417544,2.3866319954140374
2026-03-24 10:02:49.751390,ProjectC,us-east-1,S3,274.04764352928584,6.303095801173575,0.05686488603232681
2026-03-24 10:02:49.751390,ProjectC,eu-west-1,DataTransfer,690.2630434591194,13.805260869182389,0.016428260434327043
2026-03-24 10:02:49.751390,ProjectD,eu-west-1,EC2,112.49109999337652,11.249109999337652,1.3386440899211804
2026-03-24 10:02:49.751390,ProjectD,us-east-1,RDS,70.90350632290259,10.635525948435388,2.206871634300343
2026-03-24 10:02:49.751390,ProjectD,ap-southeast-1,S3,259.65654064425166,5.972100434817788,0.05452787353529284
2026-03-24 10:02:49.751390,ProjectD,eu-west-1,DataTransfer,692.2614641237112,13.845229282474223,0.016475822846144326
2026-03-25 10:02:49.751390,ProjectA,ap-southeast-1,EC2,116.99497818947955,11.699497818947956,2.4568945419790706
2026-03-25 10:02:49.751390,ProjectA,eu-west-1,RDS,53.352958673061934,8.00294380095929,0.9523503123141555
2026-03-25 10:02:49.751390,ProjectA,us-east-1,S3,222.7747958115173,5.123820303664897,0.04622577013088984
2026-03-25 10:02:49.751390,ProjectA,us-east-1,DataTransfer,674.2842675875747,13.485685351751496,0.027982797104884355
2026-03-25 10:02:49.751390,ProjectB,eu-west-1,EC2,116.99569953412455,11.699569953412457,1.3922488244560822
2026-03-25 10:02:49.751390,ProjectB,us-east-1,RDS,59.83919958907092,8.975879938360636,1.8624950872098323
2026-03-25 10:02:49.751390,ProjectB,eu-west-1,S3,255.3190188154532,5.872337432755423,0.03038296323903893
2026-03-25 10:02:49.751390,ProjectB,ap-southeast-1,DataTransfer,767.9628462449657,15.359256924899316,0.032254439542288564
2026-03-25 10:02:49.751390,ProjectC,us-east-1,EC2,132.31688672133097,13.231688672133098,2.7455753994676177
2026-03-25 10:02:49.751390,ProjectC,us-east-1,RDS,70.9836223173937,10.647543347609052,2.209365244628879
2026-03-25 10:02:49.751390,ProjectC,us-east-1,S3,256.31169965889546,5.895169092154595,0.053184677679220804
2026-03-25 10:02:49.751390,ProjectC,ap-southeast-1,DataTransfer,726.3370814141717,14.526741628283435,0.030506157419395212
2026-03-25 10:02:49.751390,ProjectD,ap-southeast-1,EC2,117.30065950548864,11.730065950548864,2.4633138496152616
2026-03-25 10:02:49.751390,ProjectD,ap-southeast-1,RDS,55.474672265186975,8.321200839778045,1.74745217635339
2026-03-25 10:02:49.751390,ProjectD,us-east-1,S3,237.2436681707844,5.4566043679280405,0.049228061145437756
2026-03-25 10:02:49.751390,ProjectD,eu-west-1,DataTransfer,577.227941552883,11.54455883105766,0.013738025008958614
2026-03-26 10:02:49.751390,ProjectA,eu-west-1,EC2,149.62281457526646,14.962281457526649,1.7805114934456707
2026-03-26 10:02:49.751390,ProjectA,ap-southeast-1,RDS,58.66646271897656,8.799969407846485,1.8479935756477612
2026-03-26 10:02:49.751390,ProjectA,ap-southeast-1,S3,308.0148836338058,7.084342323577534,0.06468312556309921
2026-03-26 10:02:49.751390,ProjectA,ap-southeast-1,DataTransfer,548.860358140254,10.97720716280508,0.02305213504189067
2026-03-26 10:02:49.751390,ProjectB,ap-southeast-1,EC2,141.8225551177093,14.182255511770933,2.9782736574718953
2026-03-26 10:02:49.751390,ProjectB,eu-west-1,RDS,71.42206083553637,10.713309125330456,1.2748837859143243
2026-03-26 10:02:49.751390,ProjectB,eu-west-1,S3,261.758000958475,6.020434022044925,0.031149202114058524
2026-03-26 10:02:49.751390,ProjectB,ap-southeast-1,DataTransfer,597.3092237344786,11.946184474689572,0.0250869873968481
2026-03-26 10:02:49.751390,ProjectC,ap-southeast-1,EC2,126.2364737491426,12.62364737491426,2.6509659487319945
2026-03-26 10:02:49.751390,ProjectC,us-east-1,RDS,52.147102114548325,7.822065317182249,1.6230785533153165
2026-03-26 10:02:49.751390,ProjectC,ap-southeast-1,S3,242.66357283829635,5.581262175280816,0.05095935029604223
2026-03-26 10:02:49.751390,ProjectC,us-east-1,DataTransfer,524.8613800494167,10.497227600988332,0.021781747272050792
2026-03-26 10:02:49.751390,ProjectD,ap-southeast-1,EC2,151.01563922364028,15.10156392236403,3.171328423696446
2026-03-26 10:02:49.751390,ProjectD,us-east-1,RDS,73.05514432388485,10.958271648582729,2.273841367080916
2026-03-26 10:02:49.751390,ProjectD,us-east-1,S3,256.9964517057116,5.910918389231367,0.053326763728935155
2026-03-26 10:02:49.751390,ProjectD,us-east-1,DataTransfer,538.9051692333575,10.77810338466715,0.022364564523184336
2026-03-27 10:02:49.751390,ProjectA,ap-southeast-1,EC2,116.51876215929298,11.6518762159293,2.4468940053451527
2026-03-27 10:02:49.751390,ProjectA,ap-southeast-1,RDS,60.19861126274477,9.029791689411717,1.89625625477646
2026-03-27 10:02:49.751390,ProjectA,ap-southeast-1,S3,294.5807533407917,6.7753573268382095,0.06186195820156626
2026-03-27 10:02:49.751390,ProjectA,us-east-1,DataTransfer,777.8538807407003,15.557077614814007,0.03228093605073906
2026-03-27 10:02:49.751390,ProjectB,us-east-1,EC2,132.68686494368663,13.268686494368664,2.7532524475814975
2026-03-27 10:02:49.751390,ProjectB,us-east-1,RDS,63.9129359511284,9.58694039266926,1.9892901314788711
2026-03-27 10:02:49.751390,ProjectB,ap-southeast-1,S3,253.49552333179608,5.83039703663131,0.05323405989967718
2026-03-27 10:02:49.751390,ProjectB,ap-southeast-1,DataTransfer,759.2338701659837,15.184677403319675,0.03188782254697131
2026-03-27 10:02:49.751390,ProjectC,ap-southeast-1,EC2,155.122614354185,15.512261435418502,3.2575749014378848
2026-03-27 10:02:49.751390,ProjectC,us-east-1,RDS,52.17617215503301,7.826425823254951,1.6239833583254022
2026-03-27 10:02:49.751390,ProjectC,us-east-1,S3,295.70545251465586,6.801225407837085,0.06135888139679108
2026-03-27 10:02:49.751390,ProjectC,eu-west-1,DataTransfer,764.6805611760512,15.293611223521026,0.018199397355990018
2026-03-27 10:02:49.751390,ProjectD,ap-southeast-1,EC2,115.2182181922056,11.521821819220564,2.4195825820363175
2026-03-27 10:02:49.751390,ProjectD,ap-southeast-1,RDS,69.26672321487581,10.390008482231371,2.181901781268588
2026-03-27 10:02:49.751390,ProjectD,ap-southeast-1,S3,228.41102033170228,5.253453467629153,0.04796631426965747
2026-03-27 10:02:49.751390,ProjectD,us-east-1,DataTransfer,589.6412931590139,11.792825863180278,0.024470113666099077
2026-03-28 10:02:49.751390,ProjectA,ap-southeast-1,EC2,146.8895847071012,14.68895847071012,3.084681278849125
2026-03-28 10:02:49.751390,ProjectA,eu-west-1,RDS,52.91170020401861,7.936755030602791,0.9444738486417321
2026-03-28 10:02:49.751390,ProjectA,ap-southeast-1,S3,234.9618984441012,5.404123664214328,0.04934199867326125
2026-03-28 10:02:49.751390,ProjectA,ap-southeast-1,DataTransfer,543.6680896034284,10.873361792068568,0.02283405976334399
2026-03-28 10:02:49.751390,ProjectB,us-east-1,EC2,146.94899364836843,14.694899364836845,3.0491916182036447
2026-03-28 10:02:49.751390,ProjectB,ap-southeast-1,RDS,67.14945269475842,10.072417904213763,2.1152077598848904
2026-03-28 10:02:49.751390,ProjectB,eu-west-1,S3,307.18804776392955,7.065325098570379,0.03655537768390762
2026-03-28 10:02:49.751390,ProjectB,ap-southeast-1,DataTransfer,559.1768784293963,11.183537568587926,0.023485428894034648
2026-03-28 10:02:49.751390,ProjectC,us-east-1,EC2,124.78208816167098,12.4782088161671,2.5892283293546727
2026-03-28 10:02:49.751390,ProjectC,ap-southeast-1,RDS,54.82301510152869,8.223452265229303,1.7269249756981537
2026-03-28 10:02:49.751390,ProjectC,eu-west-1,S3,208.3308349930651,4.791609204840498,0.02479136936417475
2026-03-28 10:02:49.751390,ProjectC,us-east-1,DataTransfer,644.8236741811451,12.896473483622902,0.026760182478517518
2026-03-28 10:02:49.751390,ProjectD,ap-southeast-1,EC2,155.59895010588397,15.5598950105884,3.2675779522235637
2026-03-28 10:02:49.751390,ProjectD,eu-west-1,RDS,74.62963148203923,11.194444722305883,1.3321389219544002
2026-03-28 10:02:49.751390,ProjectD,eu-west-1,S3,303.4829263490736,6.9801073060286924,0.03611446823553976
2026-03-28 10:02:49.751390,ProjectD,us-east-1,DataTransfer,644.4626534175625,12.88925306835125,0.026745200116828842
2026-03-29 10:02:49.751390,ProjectA,us-east-1,EC2,135.5608941620101,13.556089416201011,2.8128885538617094
2026-03-29 10:02:49.751390,ProjectA,ap-southeast-1,RDS,68.1057503301591,10.215862549523864,2.1453311354000113
2026-03-29 10:02:49.751390,ProjectA,ap-southeast-1,S3,240.20350706870755,5.524680662580273,0.05044273648442858
2026-03-29 10:02:49.751390,ProjectA,ap-southeast-1,DataTransfer,569.0501371522828,11.381002743045656,0.023900105760395876
2026-03-29 10:02:49.751390,ProjectB,eu-west-1,EC2,148.52887829918032,14.852887829918032,1.7674936517602458
2026-03-29 10:02:49.751390,ProjectB,ap-southeast-1,RDS,68.51541274645335,10.277311911968004,2.1582355015132806
2026-03-29 10:02:49.751390,ProjectB,eu-west-1,S3,221.24668716042515,5.088673804689779,0.02632835577209059
2026-03-29 10:02:49.751390,ProjectB,us-east-1,DataTransfer,702.5945334158911,14.051890668317824,0.029157673136759477
2026-03-29 10:02:49.751390,ProjectC,eu-west-1,EC2,135.92196823556776,13.592196823556776,1.6174714220032562
2026-03-29 10:02:49.751390,ProjectC,eu-west-1,RDS,55.050441596803,8.257566239520449,0.9826503825029334
2026-03-29 10:02:49.751390,ProjectC,us-east-1,S3,297.40765234949606,6.84037600403841,0.06171208786252043
2026-03-29 10:02:49.751390,ProjectC,us-east-1,DataTransfer,617.4366241050546,12.348732482101092,0.025623619900359766
2026-03-29 10:02:49.751390,ProjectD,eu-west-1,EC2,109.2700958742674,10.92700958742674,1.3003141409037817
2026-03-29 10:02:49.751390,ProjectD,eu-west-1,RDS,66.3220669120623,9.948310036809344,1.1838488943803118
2026-03-29 10:02:49.751390,ProjectD,eu-west-1,S3,256.10781383635793,5.890479718236232,0.030476829846526596
2026-03-29 10:02:49.751390,ProjectD,eu-west-1,DataTransfer,752.8101229624723,15.056202459249446,0.01791688092650684
2026-03-30 10:02:49.751390,ProjectA,us-east-1,EC2,124.7690539916367,12.47690539916367,2.5889578703264613
2026-03-30 10:02:49.751390,ProjectA,eu-west-1,RDS,73.98246028437275,11.097369042655911,1.3205869160760533
2026-03-30 10:02:49.751390,ProjectA,us-east-1,S3,277.95582809667627,6.392984046223554,0.05767583433006033
2026-03-30 10:02:49.751390,ProjectA,us-east-1,DataTransfer,551.1970052861639,11.023940105723277,0.022874675719375803
2026-03-30 10:02:49.751390,ProjectB,us-east-1,EC2,140.99711592330294,14.099711592330294,2.9256901554085357
2026-03-30 10:02:49.751390,ProjectB,eu-west-1,RDS,67.27780438381664,10.091670657572497,1.200908808251127
2026-03-30 10:02:49.751390,ProjectB,eu-west-1,S3,271.86657849920266,6.252931305481661,0.032352122841405116
2026-03-30 10:02:49.751390,ProjectB,ap-southeast-1,DataTransfer,578.0291318073059,11.56058263614612,0.02427722353590685
2026-03-30 10:02:49.751390,ProjectC,ap-southeast-1,EC2,146.54422963442053,14.654422963442054,3.077428822322831
2026-03-30 10:02:49.751390,ProjectC,ap-southeast-1,RDS,52.1871045487957,7.828065682319355,1.6438937932870645
2026-03-30 10:02:49.751390,ProjectC,ap-southeast-1,S3,269.39002721247914,6.19597062588702,0.05657190571462061
2026-03-30 10:02:49.751390,ProjectC,eu-west-1,DataTransfer,765.250454162599,15.30500908325198,0.018212960809069857
2026-03-30 10:02:49.751390,ProjectD,us-east-1,EC2,136.28181739282445,13.628181739282446,2.827847710901107
2026-03-30 10:02:49.751390,ProjectD,us-east-1,RDS,53.91061795106542,8.086592692659812,1.6779679837269112
2026-03-30 10:02:49.751390,ProjectD,us-east-1,S3,244.88403962597425,5.632332911397407,0.05081343822238965
2026-03-30 10:02:49.751390,ProjectD,eu-west-1,DataTransfer,639.6419254061266,12.792838508122532,0.01522347782466581
2026-03-31 10:02:49.751390,ProjectA,us-east-1,EC2,137.15619339379128,13.71561933937913,2.845991012921169
2026-03-31 10:02:49.751390,ProjectA,us-east-1,RDS,63.81578900583969,9.572368350875951,1.9862664328067603
2026-03-31 10:02:49.751390,ProjectA,ap-southeast-1,S3,253.60088470619252,5.832820348242429,0.05325618578830043
2026-03-31 10:02:49.751390,ProjectA,eu-west-1,DataTransfer,558.5942289903664,11.17188457980733,0.01329454264997072
2026-03-31 10:02:49.751390,ProjectB,eu-west-1,EC2,122.7716485281214,12.277164852812142,1.4609826174846445
2026-03-31 10:02:49.751390,ProjectB,eu-west-1,RDS,55.16958648895282,8.275437973342923,0.9847771188278078
2026-03-31 10:02:49.751390,ProjectB,eu-west-1,S3,221.0874810019629,5.085012063045147,0.026309410239233586
2026-03-31 10:02:49.751390,ProjectB,ap-southeast-1,DataTransfer,733.5963958797149,14.6719279175943,0.030811048626948025
2026-03-31 10:02:49.751390,ProjectC,eu-west-1,EC2,116.36470346966256,11.636470346966258,1.3847399712889843
2026-03-31 10:02:49.751390,ProjectC,ap-southeast-1,RDS,77.76613500253151,11.664920250379726,2.449633252579743
2026-03-31 10:02:49.751390,ProjectC,ap-southeast-1,S3,263.1592997489481,6.052663894225806,0.05526345294727911
2026-03-31 10:02:49.751390,ProjectC,eu-west-1,DataTransfer,762.1534059323238,15.243068118646477,0.018139251061189306
2026-03-31 10:02:49.751390,ProjectD,us-east-1,EC2,154.5257563969023,15.452575639690233,3.2064094452357224
2026-03-31 10:02:49.751390,ProjectD,us-east-1,RDS,69.63044703152724,10.444567054729086,2.167247663856285
2026-03-31 10:02:49.751390,ProjectD,ap-southeast-1,S3,224.9751119753033,5.174427575431976,0.04724477351481369
2026-03-31 10:02:49.751390,ProjectD,ap-southeast-1,DataTransfer,772.9084099447954,15.458168198895908,0.03246215321768141
2026-04-01 10:02:49.751390,ProjectA,eu-west-1,EC2,122.23288072095706,12.223288072095706,1.454571280579389
2026-04-01 10:02:49.751390,ProjectA,ap-southeast-1,RDS,60.51217453815916,9.076826180723874,1.9061334979520135
2026-04-01 10:02:49.751390,ProjectA,eu-west-1,S3,255.07734113085183,5.866778846009593,0.030354203594571368
2026-04-01 10:02:49.751390,ProjectA,eu-west-1,DataTransfer,522.763143770381,10.45526287540762,0.01244176282173507
2026-04-01 10:02:49.751390,ProjectB,ap-southeast-1,EC2,137.59925896860952,13.759925896860953,2.8895844383408
2026-04-01 10:02:49.751390,ProjectB,ap-southeast-1,RDS,55.52619045917772,8.328928568876657,1.749074999464098
2026-04-01 10:02:49.751390,ProjectB,ap-southeast-1,S3,264.6022548781333,6.085851862197067,0.05556647352440799
2026-04-01 10:02:49.751390,ProjectB,us-east-1,DataTransfer,620.1675916210623,12.403351832421247,0.02573695505227409
2026-04-01 10:02:49.751390,ProjectC,eu-west-1,EC2,111.37860263492968,11.13786026349297,1.325405371355663
2026-04-01 10:02:49.751390,ProjectC,us-east-1,RDS,60.38363211659604,9.057544817489406,1.8794405496290516
2026-04-01 10:02:49.751390,ProjectC,eu-west-1,S3,231.7950967917716,5.331287226210747,0.027583616518220822
2026-04-01 10:02:49.751390,ProjectC,ap-southeast-1,DataTransfer,663.8140448365153,13.276280896730308,0.027880189883133646
2026-04-01 10:02:49.751390,ProjectD,ap-southeast-1,EC2,122.19211250161166,12.219211250161166,2.566034362533845
2026-04-01 10:02:49.751390,ProjectD,us-east-1,RDS,72.97270961321401,10.9459064419821,2.271275586711286
2026-04-01 10:02:49.751390,ProjectD,us-east-1,S3,253.6508034802256,5.833968480045188,0.05263254172214681
2026-04-01 10:02:49.751390,ProjectD,eu-west-1,DataTransfer,594.9037850345231,11.898075700690462,0.01415871008382165
2026-04-02 10:02:49.751390,ProjectA,us-east-1,EC2,139.84366254572123,13.984366254572125,2.9017559978237153
2026-04-02 10:02:49.751390,ProjectA,eu-west-1,RDS,52.80501841402883,7.920752762104324,0.9425695786904146
2026-04-02 10:02:49.751390,ProjectA,ap-southeast-1,S3,255.6914982216714,5.880904459098442,0.053695214626551
2026-04-02 10:02:49.751390,ProjectA,us-east-1,DataTransfer,733.0931966991946,14.661863933983891,0.030423367663016575
2026-04-02 10:02:49.751390,ProjectB,eu-west-1,EC2,104.30795169208952,10.430795169208952,1.2412646251358652
2026-04-02 10:02:49.751390,ProjectB,us-east-1,RDS,56.08617862168458,8.412926793252687,1.7456823095999325
2026-04-02 10:02:49.751390,ProjectB,us-east-1,S3,277.1472850752616,6.374387556731016,0.057508061653116775
2026-04-02 10:02:49.751390,ProjectB,ap-southeast-1,DataTransfer,755.9297493014917,15.118594986029834,0.03174904947066265
2026-04-02 10:02:49.751390,ProjectC,eu-west-1,EC2,130.15113436895442,13.015113436895442,1.5487984989905572
2026-04-02 10:02:49.751390,ProjectC,ap-southeast-1,RDS,64.44456422324481,9.66668463348672,2.030003773032212
2026-04-02 10:02:49.751390,ProjectC,eu-west-1,S3,293.0056757571367,6.739130542414144,0.03486767541509927
2026-04-02 10:02:49.751390,ProjectC,eu-west-1,DataTransfer,615.369109448481,12.30738218896962,0.014645784804873848
2026-04-02 10:02:49.751390,ProjectD,ap-southeast-1,EC2,119.32409517968776,11.932409517968775,2.5058059987734427
2026-04-02 10:02:49.751390,ProjectD,ap-southeast-1,RDS,60.65469009940405,9.098203514910606,1.9106227381312273
2026-04-02 10:02:49.751390,ProjectD,us-east-1,S3,214.2747465432601,4.928319170494983,0.044462009907726474
2026-04-02 10:02:49.751390,ProjectD,ap-southeast-1,DataTransfer,699.0055629823961,13.980111259647922,0.02935823364526063
2026-04-03 10:02:49.751390,ProjectA,eu-west-1,EC2,146.0882291143172,14.60882291143172,1.7384499264603743
2026-04-03 10:02:49.751390,ProjectA,us-east-1,RDS,55.20333103293519,8.280499654940279,1.7182036784001078
2026-04-03 10:02:49.751390,ProjectA,us-east-1,S3,274.31638052471953,6.309276752068549,0.0569206489588793
2026-04-03 10:02:49.751390,ProjectA,ap-southeast-1,DataTransfer,601.3689056410274,12.027378112820548,0.02525749403692315
2026-04-03 10:02:49.751390,ProjectB,us-east-1,EC2,105.96332348688176,10.596332348688176,2.198738962352796
2026-04-03 10:02:49.751390,ProjectB,eu-west-1,RDS,59.072020299731626,8.860803044959743,1.0544355623502095
2026-04-03 10:02:49.751390,ProjectB,eu-west-1,S3,306.9256976768351,7.059291046567208,0.036524158023543384
2026-04-03 10:02:49.751390,ProjectB,eu-west-1,DataTransfer,738.5990675976449,14.771981351952896,0.017578657808823946
2026-04-03 10:02:49.751390,ProjectC,eu-west-1,EC2,130.45267072233978,13.045267072233978,1.5523867815958432
2026-04-03 10:02:49.751390,ProjectC,eu-west-1,RDS,68.92609941777651,10.338914912666477,1.2303308746073107
2026-04-03 10:02:49.751390,ProjectC,us-east-1,S3,237.53493348938747,5.463303470255911,0.049288498699047896
2026-04-03 10:02:49.751390,ProjectC,ap-southeast-1,DataTransfer,522.8393567253983,10.456787134507966,0.021959252982466725
2026-04-03 10:02:49.751390,ProjectD,ap-southeast-1,EC2,130.77322723529713,13.077322723529711,2.7462377719412396
2026-04-03 10:02:49.751390,ProjectD,eu-west-1,RDS,76.81852251707569,11.522778377561352,1.371210626929801
2026-04-03 10:02:49.751390,ProjectD,ap-southeast-1,S3,278.6223250723323,6.4083134766636425,0.05851068826518977
2026-04-03 10:02:49.751390,ProjectD,us-east-1,DataTransfer,579.9851745145871,11.599703490291745,0.024069384742355367
2026-04-04 10:02:49.751390,ProjectA,eu-west-1,EC2,142.19021959203818,14.219021959203818,1.6920636131452542
2026-04-04 10:02:49.751390,ProjectA,eu-west-1,RDS,76.60758130151765,11.491137195227648,1.36744532623209
2026-04-04 10:02:49.751390,ProjectA,ap-southeast-1,S3,269.1892542446833,6.191352847627716,0.056529743391383495
2026-04-04 10:02:49.751390,ProjectA,ap-southeast-1,DataTransfer,775.0330555401644,15.500661110803287,0.032551388332686906
2026-04-04 10:02:49.751390,ProjectB,eu-west-1,EC2,114.8717220391056,11.48717220391056,1.3669734922653567
2026-04-04 10:02:49.751390,ProjectB,eu-west-1,RDS,65.00372500247394,9.750558750371091,1.16031649129416
2026-04-04 10:02:49.751390,ProjectB,eu-west-1,S3,286.64670523948075,6.592874220508057,0.03411095792349821
2026-04-04 10:02:49.751390,ProjectB,ap-southeast-1,DataTransfer,739.7128756003459,14.79425751200692,0.03106794077521453
2026-04-04 10:02:49.751390,ProjectC,ap-southeast-1,EC2,105.90183748389369,10.590183748389368,2.223938587161767
2026-04-04 10:02:49.751390,ProjectC,us-east-1,RDS,75.07317485662354,11.260976228493533,2.3366525674124077
2026-04-04 10:02:49.751390,ProjectC,eu-west-1,S3,243.31626508897477,5.596274097046419,0.028954635545587998
2026-04-04 10:02:49.751390,ProjectC,eu-west-1,DataTransfer,616.3693552143551,12.3273871042871,0.014669590654101651
2026-04-04 10:02:49.751390,ProjectD,us-east-1,EC2,137.46310297899765,13.746310297899766,2.852359386814201
2026-04-04 10:02:49.751390,ProjectD,eu-west-1,RDS,64.40526475176009,9.660789712764013,1.1496339758189176
2026-04-04 10:02:49.751390,ProjectD,ap-southeast-1,S3,265.1189281931698,6.097735348442905,0.055674974920565654
2026-04-04 10:02:49.751390,ProjectD,us-east-1,DataTransfer,676.6093259238826,13.532186518477651,0.02807928702584113
2026-04-05 10:02:49.751390,ProjectA,eu-west-1,EC2,114.5701469389504,11.45701469389504,1.3633847485735098
2026-04-05 10:02:49.751390,ProjectA,us-east-1,RDS,52.7096146456191,7.906442196842864,1.6405867558448943
2026-04-05 10:02:49.751390,ProjectA,ap-southeast-1,S3,282.8140343543723,6.504722790150564,0.059390947214418184
2026-04-05 10:02:49.751390,ProjectA,us-east-1,DataTransfer,763.5213288630434,15.270426577260867,0.031686135147816305
2026-04-05 10:02:49.751390,ProjectB,eu-west-1,EC2,133.75478365835707,13.375478365835708,1.591681925534449
2026-04-05 10:02:49.751390,ProjectB,us-east-1,RDS,53.57824101350007,8.03673615202501,1.6676227515451896
2026-04-05 10:02:49.751390,ProjectB,us-east-1,S3,234.26185146560996,5.388022583709028,0.04860933417911407
2026-04-05 10:02:49.751390,ProjectB,ap-southeast-1,DataTransfer,717.2956384109143,14.345912768218286,0.030126416813258398
2026-04-05 10:02:49.751390,ProjectC,us-east-1,EC2,148.99740608260336,14.899740608260338,3.0916961762140196
2026-04-05 10:02:49.751390,ProjectC,eu-west-1,RDS,70.02239250754398,10.503358876131598,1.24989970625966
2026-04-05 10:02:49.751390,ProjectC,us-east-1,S3,289.8950936734673,6.667587154489747,0.06015323193724446
2026-04-05 10:02:49.751390,ProjectC,us-east-1,DataTransfer,730.30653037229,14.6061306074458,0.030307721010450032
2026-04-05 10:02:49.751390,ProjectD,us-east-1,EC2,124.21841417818874,12.421841417818875,2.5775320941974162
2026-04-05 10:02:49.751390,ProjectD,ap-southeast-1,RDS,58.64650703989879,8.79697605598482,1.8473649717568117
2026-04-05 10:02:49.751390,ProjectD,eu-west-1,S3,309.2942538832141,7.113767839313923,0.03680601621210247
2026-04-05 10:02:49.751390,ProjectD,us-east-1,DataTransfer,637.7287514590508,12.754575029181018,0.02646574318555061
2026-04-06 10:02:49.751390,ProjectA,eu-west-1,EC2,153.687083430297,15.368708343029702,1.8288762928205342
2026-04-06 10:02:49.751390,ProjectA,us-east-1,RDS,54.61334291022903,8.192001436534355,1.6998402980808784
2026-04-06 10:02:49.751390,ProjectA,us-east-1,S3,221.64195977804368,5.097765074895005,0.045990706653944065
2026-04-06 10:02:49.751390,ProjectA,us-east-1,DataTransfer,701.3749297562296,14.027498595124593,0.02910705958488353
2026-04-06 10:02:49.751390,ProjectB,ap-southeast-1,EC2,151.6338021260116,15.163380212601162,3.1843098446462434
2026-04-06 10:02:49.751390,ProjectB,us-east-1,RDS,62.8231661503312,9.42347492254968,1.9553710464290586
2026-04-06 10:02:49.751390,ProjectB,ap-southeast-1,S3,282.5538602089647,6.498738784806188,0.059336310643882575
2026-04-06 10:02:49.751390,ProjectB,ap-southeast-1,DataTransfer,591.2956755389407,11.825913510778816,0.024834418372635513
2026-04-06 10:02:49.751390,ProjectC,ap-southeast-1,EC2,112.3410976110981,11.234109761109812,2.35916304983306
2026-04-06 10:02:49.751390,ProjectC,us-east-1,RDS,77.77075284528577,11.665612926792866,2.4206146823095196
2026-04-06 10:02:49.751390,ProjectC,eu-west-1,S3,305.3600139236936,7.023280320244953,0.036337841656919535
2026-04-06 10:02:49.751390,ProjectC,eu-west-1,DataTransfer,539.3108981509818,10.786217963019636,0.012835599375993366
2026-04-06 10:02:49.751390,ProjectD,us-east-1,EC2,130.24420015356134,13.024420015356135,2.7025671531863975
2026-04-06 10:02:49.751390,ProjectD,ap-southeast-1,RDS,72.95819584983,10.9437293774745,2.2981831692696453
2026-04-06 10:02:49.751390,ProjectD,us-east-1,S3,257.91550599926546,5.932056637983106,0.05351746749484758
2026-04-06 10:02:49.751390,ProjectD,us-east-1,DataTransfer,652.57372644666,13.0514745289332,0.02708180964753639
2026-04-07 10:02:49.751390,ProjectA,eu-west-1,EC2,109.06857686413224,10.906857686413224,1.2979160646831738
2026-04-07 10:02:49.751390,ProjectA,ap-southeast-1,RDS,64.57945650859611,9.686918476289415,2.0342528800207775
2026-04-07 10:02:49.751390,ProjectA,ap-southeast-1,S3,208.43651179075573,4.794039771187382,0.0437716674760587
2026-04-07 10:02:49.751390,ProjectA,us-east-1,DataTransfer,617.4291798384539,12.348583596769078,0.02562331096329584
2026-04-07 10:02:49.751390,ProjectB,ap-southeast-1,EC2,140.4871252112802,14.04871252112802,2.9502296294368837
2026-04-07 10:02:49.751390,ProjectB,us-east-1,RDS,64.29406471636531,9.644109707454795,2.00115276429687
2026-04-07 10:02:49.751390,ProjectB,eu-west-1,S3,251.9987678948557,5.795971661581681,0.02998785337948783
2026-04-07 10:02:49.751390,ProjectB,ap-southeast-1,DataTransfer,718.0318052171784,14.36063610434357,0.030157335819121493
2026-04-07 10:02:49.751390,ProjectC,ap-southeast-1,EC2,144.78924959036743,14.478924959036744,3.0405742413977164
2026-04-07 10:02:49.751390,ProjectC,ap-southeast-1,RDS,72.50377504285885,10.875566256428828,2.283868913850054
2026-04-07 10:02:49.751390,ProjectC,ap-southeast-1,S3,244.54893078601737,5.6246254080784,0.051355275465063646
2026-04-07 10:02:49.751390,ProjectC,ap-southeast-1,DataTransfer,769.4417352571365,15.388834705142733,0.032316552880799744
2026-04-07 10:02:49.751390,ProjectD,ap-southeast-1,EC2,120.8837276505639,12.088372765056391,2.538558280661842
2026-04-07 10:02:49.751390,ProjectD,eu-west-1,RDS,72.1459969704925,10.821899545573876,1.287806045923291
2026-04-07 10:02:49.751390,ProjectD,us-east-1,S3,218.3363776634724,5.021736686259866,0.045304798365170526
2026-04-07 10:02:49.751390,ProjectD,us-east-1,DataTransfer,710.9234640490683,14.218469280981369,0.029503323758036333
2026-04-08 10:02:49.751390,ProjectA,us-east-1,EC2,130.57960947453518,13.057960947453518,2.709526896596605
2026-04-08 10:02:49.751390,ProjectA,ap-southeast-1,RDS,71.47455151010523,10.721182726515783,2.2514483725683148
2026-04-08 10:02:49.751390,ProjectA,eu-west-1,S3,300.7206116249721,6.916574067374359,0.03578575278337168
2026-04-08 10:02:49.751390,ProjectA,eu-west-1,DataTransfer,605.920074463141,12.11840148926282,0.014420897772222755
2026-04-08 10:02:49.751390,ProjectB,ap-southeast-1,EC2,130.57003915387972,13.057003915387972,2.741970822231474
2026-04-08 10:02:49.751390,ProjectB,ap-southeast-1,RDS,66.41657742164034,9.962486613246051,2.0921221887816706
2026-04-08 10:02:49.751390,ProjectB,ap-southeast-1,S3,237.5240565963668,5.463053301716437,0.049880051885237024
2026-04-08 10:02:49.751390,ProjectB,ap-southeast-1,DataTransfer,719.1879220144056,14.383758440288112,0.03020589272460503
2026-04-08 10:02:49.751390,ProjectC,eu-west-1,EC2,123.42040879392864,12.342040879392863,1.4687028646477507
2026-04-08 10:02:49.751390,ProjectC,ap-southeast-1,RDS,69.19438487544492,10.379157731316738,2.179623123576515
2026-04-08 10:02:49.751390,ProjectC,eu-west-1,S3,220.08649895074424,5.061989475867118,0.026190293375138566
2026-04-08 10:02:49.751390,ProjectC,us-east-1,DataTransfer,684.9075919093254,13.69815183818651,0.028423665064237005
2026-04-08 10:02:49.751390,ProjectD,ap-southeast-1,EC2,113.12185593874496,11.312185593874498,2.375558974713644
2026-04-08 10:02:49.751390,ProjectD,us-east-1,RDS,72.86309948009733,10.9294649220146,2.2678639713180297
2026-04-08 10:02:49.751390,ProjectD,ap-southeast-1,S3,285.67738599347337,6.570579877849887,0.0599922510586294
2026-04-08 10:02:49.751390,ProjectD,eu-west-1,DataTransfer,749.8588216551252,14.997176433102505,0.01784663995539198
2026-04-09 10:02:49.751390,ProjectA,eu-west-1,EC2,130.2158704433205,13.021587044332051,1.549568858275514
2026-04-09 10:02:49.751390,ProjectA,ap-southeast-1,RDS,70.04208002625472,10.506312003938207,2.206325520827024
2026-04-09 10:02:49.751390,ProjectA,eu-west-1,S3,233.0151659593644,5.3593488170653805,0.027728804749164362
2026-04-09 10:02:49.751390,ProjectA,eu-west-1,DataTransfer,601.8280303146441,12.036560606292882,0.01432350712148853
2026-04-09 10:02:49.751390,ProjectB,ap-southeast-1,EC2,122.7384430121098,12.273844301210982,2.577507303254306
2026-04-09 10:02:49.751390,ProjectB,eu-west-1,RDS,68.74554173290706,10.311831259936058,1.2271079199323909
2026-04-09 10:02:49.751390,ProjectB,us-east-1,S3,291.6843644711552,6.70874038283657,0.0605245056277647
2026-04-09 10:02:49.751390,ProjectB,us-east-1,DataTransfer,642.0293386890232,12.840586773780466,0.02664421755559446
2026-04-09 10:02:49.751390,ProjectC,eu-west-1,EC2,136.66617442811597,13.666617442811598,1.62632747569458
2026-04-09 10:02:49.751390,ProjectC,ap-southeast-1,RDS,74.72019358754592,11.208029038131889,2.3536860980076963
2026-04-09 10:02:49.751390,ProjectC,us-east-1,S3,304.6305484333212,7.006502613966386,0.06321083879991415
2026-04-09 10:02:49.751390,ProjectC,eu-west-1,DataTransfer,584.5560055866949,11.691120111733898,0.01391243293296334
2026-04-09 10:02:49.751390,ProjectD,us-east-1,EC2,139.62326837729017,13.962326837729018,2.897182818828771
2026-04-09 10:02:49.751390,ProjectD,us-east-1,RDS,64.8779293981751,9.731689409726265,2.0193255525182
2026-04-09 10:02:49.751390,ProjectD,ap-southeast-1,S3,306.1913122525337,7.042400181808275,0.06430017557303208
2026-04-09 10:02:49.751390,ProjectD,eu-west-1,DataTransfer,530.9498032112109,10.618996064224218,0.01263660531642682
2026-04-10 10:02:49.751390,ProjectA,ap-southeast-1,EC2,107.62425209182862,10.762425209182863,2.2601092939284007
2026-04-10 10:02:49.751390,ProjectA,eu-west-1,RDS,68.1281392453688,10.21922088680532,1.216087285529833
2026-04-10 10:02:49.751390,ProjectA,eu-west-1,S3,233.77324033354623,5.376784527671563,0.027819015599692
2026-04-10 10:02:49.751390,ProjectA,eu-west-1,DataTransfer,531.6679064646705,10.633358129293413,0.012653696173859159
2026-04-10 10:02:49.751390,ProjectB,ap-southeast-1,EC2,142.6340771537936,14.263407715379362,2.9953156202296656
2026-04-10 10:02:49.751390,ProjectB,eu-west-1,RDS,71.91437593253539,10.787156389880307,1.2836716103957566
2026-04-10 10:02:49.751390,ProjectB,eu-west-1,S3,249.4465638753948,5.73727096913408,0.029684141101171978
2026-04-10 10:02:49.751390,ProjectB,us-east-1,DataTransfer,675.9344173052198,13.518688346104396,0.02805127831816662
2026-04-10 10:02:49.751390,ProjectC,eu-west-1,EC2,154.1934545470838,15.41934545470838,1.8349021091102973
2026-04-10 10:02:49.751390,ProjectC,ap-southeast-1,RDS,62.150295932006365,9.322544389800957,1.9577343218582004
2026-04-10 10:02:49.751390,ProjectC,eu-west-1,S3,242.16702102383735,5.56984148354826,0.028817875501836645
2026-04-10 10:02:49.751390,ProjectC,us-east-1,DataTransfer,750.0740147867673,15.001480295735346,0.03112807161365084
2026-04-10 10:02:49.751390,ProjectD,us-east-1,EC2,130.91493829705186,13.091493829705186,2.716484969663826
2026-04-10 10:02:49.751390,ProjectD,eu-west-1,RDS,58.35784676982564,8.753677015473846,1.0416875648413877
2026-04-10 10:02:49.751390,ProjectD,ap-southeast-1,S3,214.99408520494688,4.9448639597137785,0.04514875789303885
2026-04-10 10:02:49.751390,ProjectD,ap-southeast-1,DataTransfer,624.6046678305738,12.492093356611475,0.0262333960488841
2026-04-11 10:02:49.751390,ProjectA,eu-west-1,EC2,146.27379035267975,14.627379035267976,1.740658105196889
2026-04-11 10:02:49.751390,ProjectA,ap-southeast-1,RDS,63.65079937667746,9.54761990650162,2.00500018036534
2026-04-11 10:02:49.751390,ProjectA,us-east-1,S3,211.18298980064228,4.857208765414772,0.043820470383633264
2026-04-11 10:02:49.751390,ProjectA,us-east-1,DataTransfer,655.6282374725492,13.112564749450986,0.027208571855110796
2026-04-11 10:02:49.751390,ProjectB,ap-southeast-1,EC2,110.41996025633183,11.041996025633184,2.3188191653829686
2026-04-11 10:02:49.751390,ProjectB,us-east-1,RDS,62.90477518870096,9.435716278305144,1.9579111277483172
2026-04-11 10:02:49.751390,ProjectB,eu-west-1,S3,260.03343206218614,5.980768937430281,0.030943978415400152
2026-04-11 10:02:49.751390,ProjectB,us-east-1,DataTransfer,586.4492482197875,11.72898496439575,0.02433764380112118
2026-04-11 10:02:49.751390,ProjectC,us-east-1,EC2,150.8513425674857,15.08513425674857,3.1301653582753275
2026-04-11 10:02:49.751390,ProjectC,eu-west-1,RDS,57.81128532653779,8.671692798980668,1.0319314430786994
2026-04-11 10:02:49.751390,ProjectC,us-east-1,S3,289.1413775756979,6.650251684241051,0.059996835846957315
2026-04-11 10:02:49.751390,ProjectC,us-east-1,DataTransfer,538.7583195789631,10.775166391579262,0.022358470262526967
2026-04-11 10:02:49.751390,ProjectD,ap-southeast-1,EC2,126.58924652635147,12.65892465263515,2.6583741770533806
2026-04-11 10:02:49.751390,ProjectD,eu-west-1,RDS,77.6649360315838,11.649740404737573,1.386319108163771
2026-04-11 10:02:49.751390,ProjectD,eu-west-1,S3,247.40552817289688,5.690327147976628,0.029441257852574728
2026-04-11 10:02:49.751390,ProjectD,us-east-1,DataTransfer,582.4837637806717,11.649675275613433,0.024173076196897875
2026-04-12 10:02:49.751390,ProjectA,eu-west-1,EC2,125.76596821832648,12.576596821832648,1.496615021798085
2026-04-12 10:02:49.751390,ProjectA,eu-west-1,RDS,56.91294214374752,8.536941321562129,1.0158960172658933
2026-04-12 10:02:49.751390,ProjectA,us-east-1,S3,253.9545478804414,5.840954601250152,0.05269556868519159
2026-04-12 10:02:49.751390,ProjectA,eu-west-1,DataTransfer,751.8614047503903,15.037228095007809,0.017894301433059288
2026-04-12 10:02:49.751390,ProjectB,eu-west-1,EC2,116.812384959828,11.6812384959828,1.3900673810219533
2026-04-12 10:02:49.751390,ProjectB,us-east-1,RDS,52.65761662946996,7.8986424944204945,1.6389683175922525
2026-04-12 10:02:49.751390,ProjectB,us-east-1,S3,214.91934392183197,4.943144910202134,0.04459576386378013
2026-04-12 10:02:49.751390,ProjectB,ap-southeast-1,DataTransfer,665.8449624039225,13.316899248078451,0.027965488420964746
2026-04-12 10:02:49.751390,ProjectC,ap-southeast-1,EC2,118.47610096773164,11.847610096773163,2.4879981203223642
2026-04-12 10:02:49.751390,ProjectC,ap-southeast-1,RDS,55.94171859265254,8.391257788897882,1.7621641356685551
2026-04-12 10:02:49.751390,ProjectC,eu-west-1,S3,288.2533144531504,6.629826232422459,0.03430214441992489
2026-04-12 10:02:49.751390,ProjectC,ap-southeast-1,DataTransfer,689.7783530860049,13.7955670617201,0.028970690829612206
2026-04-12 10:02:49.751390,ProjectD,eu-west-1,EC2,118.93710708062324,11.893710708062326,1.4153515742594163
2026-04-12 10:02:49.751390,ProjectD,ap-southeast-1,RDS,53.86551206324315,8.079826809486473,1.6967636299921594
2026-04-12 10:02:49.751390,ProjectD,eu-west-1,S3,310.37202914575715,7.138556670352415,0.0369342714683451
2026-04-12 10:02:49.751390,ProjectD,eu-west-1,DataTransfer,636.0622079014018,12.721244158028036,0.015138280548053362
2026-04-13 10:02:49.751390,ProjectA,eu-west-1,EC2,128.75716884448173,12.875716884448174,1.5322103092493324
2026-04-13 10:02:49.751390,ProjectA,eu-west-1,RDS,69.08745819025437,10.363118728538154,1.2332111286960403
2026-04-13 10:02:49.751390,ProjectA,us-east-1,S3,298.14374301693283,6.857306089389455,0.061864826676013555
2026-04-13 10:02:49.751390,ProjectA,ap-southeast-1,DataTransfer,678.1706756058837,13.563413512117677,0.028483168375447118
2026-04-13 10:02:49.751390,ProjectB,us-east-1,EC2,112.04341897895888,11.204341897895889,2.3249009438133967
2026-04-13 10:02:49.751390,ProjectB,us-east-1,RDS,53.522004360150845,8.028300654022626,1.665872385709695
2026-04-13 10:02:49.751390,ProjectB,ap-southeast-1,S3,277.576221798439,6.384253101364097,0.05829100657767219
2026-04-13 10:02:49.751390,ProjectB,ap-southeast-1,DataTransfer,559.0818112403117,11.181636224806237,0.023481436072093093
2026-04-13 10:02:49.751390,ProjectC,eu-west-1,EC2,123.33694283060302,12.333694283060304,1.467709619684176
2026-04-13 10:02:49.751390,ProjectC,us-east-1,RDS,62.90917555670289,9.436376333505434,1.9580480892023775
2026-04-13 10:02:49.751390,ProjectC,eu-west-1,S3,291.6950809546986,6.708986861958068,0.03471171463360913
2026-04-13 10:02:49.751390,ProjectC,us-east-1,DataTransfer,681.853999329978,13.63707998659956,0.028296940972194092
2026-04-13 10:02:49.751390,ProjectD,us-east-1,EC2,140.65300190592427,14.065300190592428,2.9185497895479284
2026-04-13 10:02:49.751390,ProjectD,us-east-1,RDS,66.5279237407467,9.979188561112004,2.070681626430741
2026-04-13 10:02:49.751390,ProjectD,us-east-1,S3,221.58163159644096,5.0963775267181415,0.0459781885562615
2026-04-13 10:02:49.751390,ProjectD,us-east-1,DataTransfer,739.6153169007097,14.792306338014194,0.030694035651379452
2026-04-14 10:02:49.751390,ProjectA,eu-west-1,EC2,148.73831680808894,14.873831680808896,1.7699859700162581
2026-04-14 10:02:49.751390,ProjectA,us-east-1,RDS,56.853184180999335,8.5279776271499,1.769555357633604
2026-04-14 10:02:49.751390,ProjectA,us-east-1,S3,254.9540795897815,5.863943830564974,0.05290297151487966
2026-04-14 10:02:49.751390,ProjectA,eu-west-1,DataTransfer,626.4906208808425,12.52981241761685,0.014910476776964051
2026-04-14 10:02:49.751390,ProjectB,us-east-1,EC2,106.65998556131264,10.665998556131266,2.213194700397237
2026-04-14 10:02:49.751390,ProjectB,ap-southeast-1,RDS,64.78837126470145,9.718255689705218,2.0408336948380956
2026-04-14 10:02:49.751390,ProjectB,us-east-1,S3,279.3602257901688,6.425285193173882,0.05796724685146002
2026-04-14 10:02:49.751390,ProjectB,eu-west-1,DataTransfer,759.5238989506656,15.190477979013313,0.01807666879502584
2026-04-14 10:02:49.751390,ProjectC,eu-west-1,EC2,113.4183925300144,11.34183925300144,1.3496788711071714
2026-04-14 10:02:49.751390,ProjectC,ap-southeast-1,RDS,72.39183317514325,10.858774976271487,2.280342745017012
2026-04-14 10:02:49.751390,ProjectC,us-east-1,S3,296.61933014296534,6.822244593288203,0.0615485110046653
2026-04-14 10:02:49.751390,ProjectC,ap-southeast-1,DataTransfer,664.9477969116217,13.298955938232435,0.027927807470288113
2026-04-14 10:02:49.751390,ProjectD,us-east-1,EC2,116.20856426176904,11.620856426176903,2.4113277084317075
2026-04-14 10:02:49.751390,ProjectD,ap-southeast-1,RDS,67.17653549707912,10.076480324561867,2.116060868157992
2026-04-14 10:02:49.751390,ProjectD,eu-west-1,S3,234.4170540367308,5.391592242844808,0.027895629430370963
2026-04-14 10:02:49.751390,ProjectD,us-east-1,DataTransfer,766.8811880193816,15.337623760387633,0.031825569302804335
2026-04-15 10:02:49.751390,ProjectA,ap-southeast-1,EC2,106.090537289173,10.6090537289173,2.227901283072633
2026-04-15 10:02:49.751390,ProjectA,ap-southeast-1,RDS,57.64354548177712,8.646531822266567,1.8157716826759793
2026-04-15 10:02:49.751390,ProjectA,ap-southeast-1,S3,252.37596704876904,5.804647242121688,0.052998953080241495
2026-04-15 10:02:49.751390,ProjectA,ap-southeast-1,DataTransfer,560.866245985919,11.21732491971838,0.0235563823314086
2026-04-15 10:02:49.751390,ProjectB,us-east-1,EC2,153.5180447238227,15.35180447238227,3.185499428019321
2026-04-15 10:02:49.751390,ProjectB,ap-southeast-1,RDS,60.27177517475892,9.040766276213835,1.8985609180049061
2026-04-15 10:02:49.751390,ProjectB,ap-southeast-1,S3,273.50135906200995,6.2905312584262285,0.05743528540302209
2026-04-15 10:02:49.751390,ProjectB,eu-west-1,DataTransfer,649.6531011377657,12.993062022755314,0.015461743807078822
2026-04-15 10:02:49.751390,ProjectC,eu-west-1,EC2,109.40537768898436,10.940537768898436,1.3019239944989138
2026-04-15 10:02:49.751390,ProjectC,ap-southeast-1,RDS,57.010400640551325,8.551560096082698,1.7958276201773669
2026-04-15 10:02:49.751390,ProjectC,ap-southeast-1,S3,211.2549441934121,4.858863716448479,0.04436353828061654
2026-04-15 10:02:49.751390,ProjectC,eu-west-1,DataTransfer,704.527508681518,14.090550173630362,0.01676775470662013
2026-04-15 10:02:49.751390,ProjectD,us-east-1,EC2,110.9754328929655,11.097543289296553,2.3027402325290343
2026-04-15 10:02:49.751390,ProjectD,ap-southeast-1,RDS,74.17028220917409,11.125542331376112,2.3363638895889838
2026-04-15 10:02:49.751390,ProjectD,ap-southeast-1,S3,237.2405194569584,5.456531947510044,0.049820509085961265
2026-04-15 10:02:49.751390,ProjectD,us-east-1,DataTransfer,774.0601380466824,15.481202760933648,0.03212349572893732
2026-04-16 10:02:49.751390,ProjectA,eu-west-1,EC2,139.38111157155413,13.938111157155411,1.6586352277014942
2026-04-16 10:02:49.751390,ProjectA,ap-southeast-1,RDS,54.78602949614067,8.2179044244211,1.725759929128431
2026-04-16 10:02:49.751390,ProjectA,eu-west-1,S3,237.96319152799492,5.473153405143884,0.028317619791831394
2026-04-16 10:02:49.751390,ProjectA,ap-southeast-1,DataTransfer,763.4539438915755,15.26907887783151,0.03206506564344617
2026-04-16 10:02:49.751390,ProjectB,us-east-1,EC2,149.13082532504168,14.91308253250417,3.0944646254946147
2026-04-16 10:02:49.751390,ProjectB,us-east-1,RDS,58.827123958431706,8.824068593764755,1.8309942332061866
2026-04-16 10:02:49.751390,ProjectB,ap-southeast-1,S3,252.6070384437296,5.809961884205781,0.05304747807318322
2026-04-16 10:02:49.751390,ProjectB,ap-southeast-1,DataTransfer,714.7397310513054,14.294794621026108,0.030019068704154824
2026-04-16 10:02:49.751390,ProjectC,ap-southeast-1,EC2,135.22891760456992,13.522891760456991,2.839807269695968
2026-04-16 10:02:49.751390,ProjectC,ap-southeast-1,RDS,73.25146225608094,10.98771933841214,2.3074210610665498
2026-04-16 10:02:49.751390,ProjectC,us-east-1,S3,210.37874163835957,4.83871105768227,0.043653588889959606
2026-04-16 10:02:49.751390,ProjectC,ap-southeast-1,DataTransfer,575.2848172521321,11.505696345042644,0.02416196232458955
2026-04-16 10:02:49.751390,ProjectD,ap-southeast-1,EC2,105.62323323206216,10.562323323206217,2.218087897873305
2026-04-16 10:02:49.751390,ProjectD,us-east-1,RDS,68.93759672688122,10.340639509032185,2.1456826981241783
2026-04-16 10:02:49.751390,ProjectD,ap-southeast-1,S3,276.03942884204383,6.3489068633670085,0.057968280056829205
2026-04-16 10:02:49.751390,ProjectD,us-east-1,DataTransfer,760.244282708188,15.20488565416376,0.0315501377323898
2026-04-17 10:02:49.751390,ProjectA,us-east-1,EC2,149.84513363699108,14.984513363699108,3.109286522967565
2026-04-17 10:02:49.751390,ProjectA,us-east-1,RDS,73.46580371879259,11.019870557818887,2.286623140747419
2026-04-17 10:02:49.751390,ProjectA,us-east-1,S3,213.53639340536148,4.911337048323314,0.04430880163161251
2026-04-17 10:02:49.751390,ProjectA,eu-west-1,DataTransfer,718.6724332050989,14.373448664101977,0.01710440391028135
2026-04-17 10:02:49.751390,ProjectB,ap-southeast-1,EC2,150.08472279439238,15.00847227943924,3.15177917868224
2026-04-17 10:02:49.751390,ProjectB,eu-west-1,RDS,76.16221391569282,11.424332087353925,1.3594955183951167
2026-04-17 10:02:49.751390,ProjectB,eu-west-1,S3,208.4022860319328,4.793252578734454,0.0247998720378
2026-04-17 10:02:49.751390,ProjectB,ap-southeast-1,DataTransfer,556.6924071829848,11.133848143659696,0.023381081101685363
2026-04-17 10:02:49.751390,ProjectC,us-east-1,EC2,131.2176564053148,13.121765640531482,2.722766370410282
2026-04-17 10:02:49.751390,ProjectC,eu-west-1,RDS,60.12002250140755,9.018003375211132,1.0731424016501245
2026-04-17 10:02:49.751390,ProjectC,ap-southeast-1,S3,309.04313539202565,7.107992114016589,0.06489905843232538
2026-04-17 10:02:49.751390,ProjectC,eu-west-1,DataTransfer,699.0212408732049,13.980424817464096,0.016636705532782278
2026-04-17 10:02:49.751390,ProjectD,ap-southeast-1,EC2,113.17965414692443,11.317965414692445,2.3767727370854135
2026-04-17 10:02:49.751390,ProjectD,eu-west-1,RDS,72.20469426418146,10.830704139627215,1.2888537926156387
2026-04-17 10:02:49.751390,ProjectD,ap-southeast-1,S3,278.2453384592559,6.399642784562885,0.058431521076443727
2026-04-17 10:02:49.751390,ProjectD,ap-southeast-1,DataTransfer,772.6212475147101,15.452424950294205,0.03245009239561783
2026-04-18 10:02:49.751390,ProjectA,eu-west-1,EC2,133.02237805483622,13.302237805483625,1.582966298852551
2026-04-18 10:02:49.751390,ProjectA,us-east-1,RDS,51.84198786651557,7.776298179977336,1.6135818723452968
2026-04-18 10:02:49.751390,ProjectA,ap-southeast-1,S3,296.64803544436216,6.82290481522033,0.06229608744331606
2026-04-18 10:02:49.751390,ProjectA,ap-southeast-1,DataTransfer,690.6313275556782,13.812626551113564,0.02900651575733848
2026-04-18 10:02:49.751390,ProjectB,us-east-1,EC2,152.7360407099952,15.27360407099952,3.1692728447324003
2026-04-18 10:02:49.751390,ProjectB,us-east-1,RDS,70.86954883960334,10.6304323259405,2.2058147076326535
2026-04-18 10:02:49.751390,ProjectB,eu-west-1,S3,276.6788171797958,6.363612795135302,0.03292477924439569
2026-04-18 10:02:49.751390,ProjectB,ap-southeast-1,DataTransfer,759.2324442504687,15.184648885009372,0.03188776265851968
2026-04-18 10:02:49.751390,ProjectC,us-east-1,EC2,129.7719075002453,12.977190750024532,2.6927670806300896
2026-04-18 10:02:49.751390,ProjectC,eu-west-1,RDS,73.51322030118139,11.026983045177207,1.312210982376088
2026-04-18 10:02:49.751390,ProjectC,eu-west-1,S3,305.33339179838555,7.0226680113628674,0.03633467362400788
2026-04-18 10:02:49.751390,ProjectC,ap-southeast-1,DataTransfer,664.1593579946272,13.283187159892544,0.02789469303577434
2026-04-18 10:02:49.751390,ProjectD,ap-southeast-1,EC2,150.33860423336498,15.0338604233365,3.1571106889006644
2026-04-18 10:02:49.751390,ProjectD,ap-southeast-1,RDS,76.04716735945415,11.407075103918125,2.3954857718228055
2026-04-18 10:02:49.751390,ProjectD,ap-southeast-1,S3,254.2341812541293,5.847386168844975,0.05338917806336716
2026-04-18 10:02:49.751390,ProjectD,eu-west-1,DataTransfer,756.6971415980403,15.133942831960804,0.01800939197003336
2026-04-19 10:02:49.751390,ProjectA,eu-west-1,EC2,132.67685372438555,13.267685372438557,1.578854559320188
2026-04-19 10:02:49.751390,ProjectA,us-east-1,RDS,70.93197873874155,10.639796810811232,2.2077578382433307
2026-04-19 10:02:49.751390,ProjectA,eu-west-1,S3,291.4666220170347,6.703732306391798,0.03468452802002713
2026-04-19 10:02:49.751390,ProjectA,us-east-1,DataTransfer,669.0426900362446,13.380853800724893,0.027765271636504153
2026-04-19 10:02:49.751390,ProjectB,eu-west-1,EC2,148.29331732189797,14.829331732189798,1.764690476130586
2026-04-19 10:02:49.751390,ProjectB,us-east-1,RDS,57.43828873563723,8.615743310345584,1.7877667368967085
2026-04-19 10:02:49.751390,ProjectB,eu-west-1,S3,250.95580961262365,5.771983621090343,0.02986374134390221
2026-04-19 10:02:49.751390,ProjectB,eu-west-1,DataTransfer,715.7676781697082,14.315353563394163,0.017035270740439055
2026-04-19 10:02:49.751390,ProjectC,ap-southeast-1,EC2,132.71062448092223,13.271062448092223,2.7869231140993667
2026-04-19 10:02:49.751390,ProjectC,ap-southeast-1,RDS,74.94897589574973,11.242346384362458,2.360892740716116
2026-04-19 10:02:49.751390,ProjectC,us-east-1,S3,266.25867690138574,6.123949568731872,0.05524867545703753
2026-04-19 10:02:49.751390,ProjectC,ap-southeast-1,DataTransfer,516.7222375132766,10.334444750265533,0.021702333975557618
2026-04-19 10:02:49.751390,ProjectD,ap-southeast-1,EC2,142.8322165961705,14.28322165961705,2.9994765485195805
2026-04-19 10:02:49.751390,ProjectD,ap-southeast-1,RDS,52.649716666219234,7.897457499932885,1.658466074985906
2026-04-19 10:02:49.751390,ProjectD,eu-west-1,S3,231.14419599728453,5.316316507937544,0.02750615932367686
2026-04-19 10:02:49.751390,ProjectD,us-east-1,DataTransfer,555.6432225651437,11.112864451302874,0.023059193736453463
2026-04-20 10:02:49.751390,ProjectA,ap-southeast-1,EC2,111.90756584345928,11.190756584345928,2.350058882712645
2026-04-20 10:02:49.751390,ProjectA,us-east-1,RDS,73.48772690547014,11.02315903582052,2.2873054999327582
2026-04-20 10:02:49.751390,ProjectA,eu-west-1,S3,297.86719182716587,6.850945412024815,0.03544619582743273
2026-04-20 10:02:49.751390,ProjectA,eu-west-1,DataTransfer,567.6873744265934,11.353747488531868,0.013510959511352923
2026-04-20 10:02:49.751390,ProjectB,eu-west-1,EC2,123.03722822579812,12.303722822579813,1.4641430158869975
2026-04-20 10:02:49.751390,ProjectB,ap-southeast-1,RDS,58.46869250337329,8.770303875505993,1.8417638138562584
2026-04-20 10:02:49.751390,ProjectB,us-east-1,S3,248.23188519826132,5.709333359560011,0.05150811617863923
2026-04-20 10:02:49.751390,ProjectB,eu-west-1,DataTransfer,580.8514912215461,11.617029824430922,0.013824265491072796
2026-04-20 10:02:49.751390,ProjectC,us-east-1,EC2,118.6889231982884,11.86889231982884,2.4627951563644843
2026-04-20 10:02:49.751390,ProjectC,ap-southeast-1,RDS,55.14373362517201,8.271560043775802,1.7370276091929182
2026-04-20 10:02:49.751390,ProjectC,us-east-1,S3,242.35451238782696,5.57415378492002,0.050288561320474094
2026-04-20 10:02:49.751390,ProjectC,us-east-1,DataTransfer,673.1290697493081,13.46258139498616,0.027934856394596284
2026-04-20 10:02:49.751390,ProjectD,ap-southeast-1,EC2,133.36046312448536,13.336046312448538,2.8005697256141926
2026-04-20 10:02:49.751390,ProjectD,ap-southeast-1,RDS,67.00475016162838,10.050712524244256,2.110649630091294
2026-04-20 10:02:49.751390,ProjectD,eu-west-1,S3,234.33300228806468,5.389659052625487,0.027885627272279695
2026-04-20 10:02:49.751390,ProjectD,us-east-1,DataTransfer,760.9448834064773,15.218897668129546,0.03157921266136881
2026-04-21 10:02:49.751390,ProjectA,eu-west-1,EC2,133.8042556700221,13.38042556700221,1.5922706424732627
2026-04-21 10:02:49.751390,ProjectA,ap-southeast-1,RDS,59.99843862796155,8.999765794194232,1.8899508167807886
2026-04-21 10:02:49.751390,ProjectA,ap-southeast-1,S3,248.11806342596464,5.706715458797187,0.05210479331945257
2026-04-21 10:02:49.751390,ProjectA,us-east-1,DataTransfer,533.8104520876334,10.676209041752667,0.022153133761636787
2026-04-21 10:02:49.751390,ProjectB,us-east-1,EC2,145.78728649809537,14.578728649809538,3.0250861948354784
2026-04-21 10:02:49.751390,ProjectB,us-east-1,RDS,64.79626584882196,9.719439877323294,2.016783774544583
2026-04-21 10:02:49.751390,ProjectB,ap-southeast-1,S3,300.2281710723215,6.905247934663395,0.06304791592518752
2026-04-21 10:02:49.751390,ProjectB,ap-southeast-1,DataTransfer,715.416856131872,14.30833712263744,0.030047507957538626
2026-04-21 10:02:49.751390,ProjectC,eu-west-1,EC2,129.72930677258285,12.972930677258285,1.543778750593736
2026-04-21 10:02:49.751390,ProjectC,eu-west-1,RDS,67.04271325663038,10.056406988494556,1.1967124316308522
2026-04-21 10:02:49.751390,ProjectC,ap-southeast-1,S3,268.1928904960057,6.168436481408131,0.05632050700416119
2026-04-21 10:02:49.751390,ProjectC,ap-southeast-1,DataTransfer,600.0924133936171,12.001848267872342,0.02520388136253192
2026-04-21 10:02:49.751390,ProjectD,eu-west-1,EC2,136.9428334700707,13.69428334700707,1.6296197182938412
2026-04-21 10:02:49.751390,ProjectD,ap-southeast-1,RDS,57.93680888240856,8.690521332361284,1.8250094797958696
2026-04-21 10:02:49.751390,ProjectD,us-east-1,S3,225.94772331323185,5.196797636204332,0.046884152587495606
2026-04-21 10:02:49.751390,ProjectD,ap-southeast-1,DataTransfer,693.0812827215238,13.861625654430478,0.029109413874304005
2026-04-22 10:02:49.751390,ProjectA,eu-west-1,EC2,121.91357658352992,12.191357658352992,1.450771561344006
2026-04-22 10:02:49.751390,ProjectA,eu-west-1,RDS,74.14438782544248,11.121658173816371,1.323477322684148
2026-04-22 10:02:49.751390,ProjectA,eu-west-1,S3,214.83076494333545,4.941107593696715,0.025564861028256915
2026-04-22 10:02:49.751390,ProjectA,eu-west-1,DataTransfer,640.7785616087223,12.815571232174443,0.015250529766287591
2026-04-22 10:02:49.751390,ProjectB,eu-west-1,EC2,133.07568109620803,13.307568109620805,1.5836006050448754
2026-04-22 10:02:49.751390,ProjectB,eu-west-1,RDS,66.2184383505064,9.93276575257596,1.1819991245565393
2026-04-22 10:02:49.751390,ProjectB,ap-southeast-1,S3,301.36582054671777,6.931413872574509,0.06328682231481074
2026-04-22 10:02:49.751390,ProjectB,ap-southeast-1,DataTransfer,556.0359331719374,11.120718663438748,0.02335350919322137
2026-04-22 10:02:49.751390,ProjectC,ap-southeast-1,EC2,102.65214190635804,10.265214190635804,2.155694980033519
2026-04-22 10:02:49.751390,ProjectC,us-east-1,RDS,54.68961645905655,8.203442468858482,1.7022143122881348
2026-04-22 10:02:49.751390,ProjectC,ap-southeast-1,S3,272.4147744608361,6.26553981259923,0.05720710263677558
2026-04-22 10:02:49.751390,ProjectC,eu-west-1,DataTransfer,612.9920312654834,12.25984062530967,0.014589210344118506
2026-04-22 10:02:49.751390,ProjectD,us-east-1,EC2,112.69318659987334,11.269318659987334,2.3383836219473713
2026-04-22 10:02:49.751390,ProjectD,ap-southeast-1,RDS,75.93209380902239,11.389814071353358,2.3918609549842054
2026-04-22 10:02:49.751390,ProjectD,ap-southeast-1,S3,214.84343808927665,4.941399076053362,0.045117121998748094
2026-04-22 10:02:49.751390,ProjectD,us-east-1,DataTransfer,641.5158565751665,12.83031713150333,0.026622908047869407
2026-04-23 10:02:49.751390,ProjectA,ap-southeast-1,EC2,125.86607814650569,12.58660781465057,2.643187641076619
2026-04-23 10:02:49.751390,ProjectA,us-east-1,RDS,65.70778150264093,9.856167225396138,2.0451546992696987
2026-04-23 10:02:49.751390,ProjectA,eu-west-1,S3,232.98746314352556,5.358711652301087,0.02772550811407954
2026-04-23 10:02:49.751390,ProjectA,us-east-1,DataTransfer,531.3107204453136,10.626214408906272,0.022049394898480512
2026-04-23 10:02:49.751390,ProjectB,eu-west-1,EC2,128.07123373502495,12.807123373502495,1.5240476814467967
2026-04-23 10:02:49.751390,ProjectB,ap-southeast-1,RDS,59.877948990382336,8.98169234855735,1.8861553931970432
2026-04-23 10:02:49.751390,ProjectB,us-east-1,S3,257.60483598879296,5.924911227742238,0.05345300346767454
2026-04-23 10:02:49.751390,ProjectB,eu-west-1,DataTransfer,653.4215857176574,13.06843171435315,0.015551433740080249
2026-04-23 10:02:49.751390,ProjectC,eu-west-1,EC2,105.89212115850664,10.589212115850664,1.260116241786229
2026-04-23 10:02:49.751390,ProjectC,eu-west-1,RDS,57.07847487432967,8.56177123114945,1.0188507765067845
2026-04-23 10:02:49.751390,ProjectC,us-east-1,S3,251.7324634266522,5.789846658813,0.052234486161030325
2026-04-23 10:02:49.751390,ProjectC,us-east-1,DataTransfer,514.3467410386281,10.286934820772563,0.02134538975310307
2026-04-23 10:02:49.751390,ProjectD,us-east-1,EC2,118.97334371109606,11.897334371109608,2.468696882005243
2026-04-23 10:02:49.751390,ProjectD,eu-west-1,RDS,76.7174318893934,11.507614783409007,1.369406159225672
2026-04-23 10:02:49.751390,ProjectD,us-east-1,S3,225.4440147164315,5.185212338477925,0.046779633053659536
2026-04-23 10:02:49.751390,ProjectD,eu-west-1,DataTransfer,599.2742964494224,11.98548592898845,0.014262728255496253
2026-04-24 10:02:49.751390,ProjectA,us-east-1,EC2,120.27581250269893,12.027581250269892,2.4957231094310024
2026-04-24 10:02:49.751390,ProjectA,us-east-1,RDS,65.87880119640177,9.881820179460265,2.0504776872380046
2026-04-24 10:02:49.751390,ProjectA,us-east-1,S3,283.9867171388058,6.531694494192533,0.0589272438063022
2026-04-24 10:02:49.751390,ProjectA,ap-southeast-1,DataTransfer,690.793771935993,13.81587543871986,0.02901333842131171
2026-04-24 10:02:49.751390,ProjectB,ap-southeast-1,EC2,144.6742990288181,14.467429902881811,3.03816027960518
2026-04-24 10:02:49.751390,ProjectB,eu-west-1,RDS,72.56994591937207,10.885491887905811,1.2953735346607915
2026-04-24 10:02:49.751390,ProjectB,ap-southeast-1,S3,305.49389322433325,7.026359544159664,0.06415371757710998
2026-04-24 10:02:49.751390,ProjectB,ap-southeast-1,DataTransfer,710.9870170506923,14.219740341013846,0.029861454716129075
2026-04-24 10:02:49.751390,ProjectC,ap-southeast-1,EC2,133.14668115332694,13.314668115332694,2.7960803042198656
2026-04-24 10:02:49.751390,ProjectC,eu-west-1,RDS,62.35808753816072,9.353713130724108,1.1130918625561685
2026-04-24 10:02:49.751390,ProjectC,us-east-1,S3,266.84579707959614,6.137453332830711,0.0553705028940162
2026-04-24 10:02:49.751390,ProjectC,eu-west-1,DataTransfer,548.6567187970788,10.973134375941576,0.013058029907370476
2026-04-24 10:02:49.751390,ProjectD,eu-west-1,EC2,109.1255620553712,10.91255620553712,1.2985941884589174
2026-04-24 10:02:49.751390,ProjectD,ap-southeast-1,RDS,56.92320155323007,8.53848023298451,1.7930808489267474
2026-04-24 10:02:49.751390,ProjectD,eu-west-1,S3,253.8762200594432,5.839153061367194,0.03021127018707374
2026-04-24 10:02:49.751390,ProjectD,us-east-1,DataTransfer,645.8991864739485,12.91798372947897,0.026804816238668865
2026-04-25 10:02:49.751390,ProjectA,ap-southeast-1,EC2,150.18977664638837,15.018977664638838,3.1539853095741552
2026-04-25 10:02:49.751390,ProjectA,ap-southeast-1,RDS,71.14656542554692,10.671984813832038,2.241116810904728
2026-04-25 10:02:49.751390,ProjectA,us-east-1,S3,272.77603080224503,6.273848708451635,0.056601026391465845
2026-04-25 10:02:49.751390,ProjectA,ap-southeast-1,DataTransfer,701.5516937133483,14.031033874266967,0.029465171135960633
2026-04-25 10:02:49.751390,ProjectB,eu-west-1,EC2,118.54801536511596,11.854801536511598,1.4107213828448797
2026-04-25 10:02:49.751390,ProjectB,ap-southeast-1,RDS,64.25949419406886,9.638924129110327,2.024174067113169
2026-04-25 10:02:49.751390,ProjectB,ap-southeast-1,S3,206.06018352983483,4.739384221186201,0.04327263854126531
2026-04-25 10:02:49.751390,ProjectB,ap-southeast-1,DataTransfer,672.6089535970439,13.452179071940876,0.028249576051075843
2026-04-25 10:02:49.751390,ProjectC,ap-southeast-1,EC2,114.89649240354316,11.489649240354318,2.4128263404744064
2026-04-25 10:02:49.751390,ProjectC,ap-southeast-1,RDS,71.61282533008335,10.741923799512502,2.255803997897625
2026-04-25 10:02:49.751390,ProjectC,us-east-1,S3,298.5779251672941,6.867292278847765,0.06195491947221352
2026-04-25 10:02:49.751390,ProjectC,eu-west-1,DataTransfer,605.487452420096,12.10974904840192,0.014410601367598284
2026-04-25 10:02:49.751390,ProjectD,eu-west-1,EC2,144.70746958210927,14.470746958210928,1.7220188880271001
2026-04-25 10:02:49.751390,ProjectD,us-east-1,RDS,65.8255122535301,9.873826838029515,2.0488190688911243
2026-04-25 10:02:49.751390,ProjectD,eu-west-1,S3,265.2662775758842,6.101124384245336,0.03156668703153022
2026-04-25 10:02:49.751390,ProjectD,eu-west-1,DataTransfer,519.1334592088873,10.382669184177749,0.012355376329171518
2026-04-26 10:02:49.751390,ProjectA,us-east-1,EC2,125.86326913562512,12.586326913562514,2.611662834564221
2026-04-26 10:02:49.751390,ProjectA,us-east-1,RDS,57.237571867679215,8.585635780151883,1.7815194243815156
2026-04-26 10:02:49.751390,ProjectA,eu-west-1,S3,277.86025311221425,6.390785821580928,0.033065370120353495
2026-04-26 10:02:49.751390,ProjectA,us-east-1,DataTransfer,713.5492859101911,14.27098571820382,0.029612295365272934
2026-04-26 10:02:49.751390,ProjectB,eu-west-1,EC2,135.1584692526683,13.515846925266832,1.6083857841067528
2026-04-26 10:02:49.751390,ProjectB,us-east-1,RDS,60.46046859073859,9.069070288610789,1.8818320848867385
2026-04-26 10:02:49.751390,ProjectB,eu-west-1,S3,257.1481573551056,5.914407619167428,0.030600630725257566
2026-04-26 10:02:49.751390,ProjectB,eu-west-1,DataTransfer,696.4880899800366,13.929761799600731,0.016576416541524874
2026-04-26 10:02:49.751390,ProjectC,us-east-1,EC2,118.27611564741431,11.827611564741431,2.454229399683847
2026-04-26 10:02:49.751390,ProjectC,us-east-1,RDS,59.97442861133955,8.996164291700932,1.8667040905279433
2026-04-26 10:02:49.751390,ProjectC,ap-southeast-1,S3,241.24971438087323,5.5487434307600845,0.05066244001998337
2026-04-26 10:02:49.751390,ProjectC,us-east-1,DataTransfer,534.9070562974537,10.698141125949071,0.022198642836344328
2026-04-26 10:02:49.751390,ProjectD,ap-southeast-1,EC2,114.66234738288496,11.466234738288495,2.4079092950405845
2026-04-26 10:02:49.751390,ProjectD,eu-west-1,RDS,53.93638900341468,8.0904583505122,0.962764543710952
2026-04-26 10:02:49.751390,ProjectD,eu-west-1,S3,222.75823504306769,5.123439405990556,0.026508229970125054
2026-04-26 10:02:49.751390,ProjectD,us-east-1,DataTransfer,703.2892777224066,14.065785554448132,0.029186505025479873
2026-04-27 10:02:49.751390,ProjectA,ap-southeast-1,EC2,104.68627086511768,10.468627086511768,2.198411688167471
2026-04-27 10:02:49.751390,ProjectA,us-east-1,RDS,66.54830873155318,9.982246309732975,2.0713161092695924
2026-04-27 10:02:49.751390,ProjectA,us-east-1,S3,281.9953699525561,6.48589350890879,0.05851403926515539
2026-04-27 10:02:49.751390,ProjectA,us-east-1,DataTransfer,676.2922251035502,13.525844502071005,0.028066127341797333
2026-04-27 10:02:49.751390,ProjectB,eu-west-1,EC2,102.44620530992674,10.244620530992677,1.219109843188128
2026-04-27 10:02:49.751390,ProjectB,eu-west-1,RDS,68.7625528746724,10.31438293120086,1.2274115688129021
2026-04-27 10:02:49.751390,ProjectB,eu-west-1,S3,210.14682450634825,4.8333769636460095,0.025007472116255442
2026-04-27 10:02:49.751390,ProjectB,ap-southeast-1,DataTransfer,746.2758956524497,14.925517913048994,0.031343587617402885
2026-04-27 10:02:49.751390,ProjectC,us-east-1,EC2,108.27190321487818,10.82719032148782,2.246641991708722
2026-04-27 10:02:49.751390,ProjectC,eu-west-1,RDS,69.28443069692388,10.39266460453858,1.2367270879400913
2026-04-27 10:02:49.751390,ProjectC,ap-southeast-1,S3,243.67393318184685,5.604500463182477,0.05117152596818784
2026-04-27 10:02:49.751390,ProjectC,us-east-1,DataTransfer,753.4419024644824,15.068838049289647,0.03126783895227602
2026-04-27 10:02:49.751390,ProjectD,ap-southeast-1,EC2,133.90761665149984,13.390761665149984,2.812059949681496
2026-04-27 10:02:49.751390,ProjectD,us-east-1,RDS,60.14129513346018,9.021194270019029,1.871897811028948
2026-04-27 10:02:49.751390,ProjectD,us-east-1,S3,275.2246433200327,6.330166796360753,0.057109113488906786
2026-04-27 10:02:49.751390,ProjectD,ap-southeast-1,DataTransfer,694.5974792093511,13.891949584187024,0.029173094126792743
2026-04-28 10:02:49.751390,ProjectA,us-east-1,EC2,151.87586634169952,15.187586634169952,3.1514242265902648
2026-04-28 10:02:49.751390,ProjectA,us-east-1,RDS,60.1626364213615,9.024395463204224,1.8725620586148763
2026-04-28 10:02:49.751390,ProjectA,us-east-1,S3,239.88127467065337,5.517269317425027,0.04977536449416057
2026-04-28 10:02:49.751390,ProjectA,us-east-1,DataTransfer,620.1036921761931,12.402073843523864,0.025734303225312016
2026-04-28 10:02:49.751390,ProjectB,ap-southeast-1,EC2,149.61728027561267,14.961728027561268,3.1419628857878656
2026-04-28 10:02:49.751390,ProjectB,ap-southeast-1,RDS,75.25202357185616,11.287803535778425,2.3704387425134685
2026-04-28 10:02:49.751390,ProjectB,ap-southeast-1,S3,277.43656541713244,6.381041004594046,0.05826167873759781
2026-04-28 10:02:49.751390,ProjectB,eu-west-1,DataTransfer,544.4713801028473,10.889427602056946,0.012958418846447765
2026-04-28 10:02:49.751390,ProjectC,us-east-1,EC2,130.16949060935278,13.016949060935278,2.7010169301440703
2026-04-28 10:02:49.751390,ProjectC,ap-southeast-1,RDS,71.46241273736247,10.71936191060437,2.2510660012269175
2026-04-28 10:02:49.751390,ProjectC,ap-southeast-1,S3,220.228481769698,5.065255080703054,0.04624798117163658
2026-04-28 10:02:49.751390,ProjectC,us-east-1,DataTransfer,510.46864720382047,10.20937294407641,0.021184448858958548
2026-04-28 10:02:49.751390,ProjectD,us-east-1,EC2,114.7248559855316,11.472485598553162,2.380540761699781
2026-04-28 10:02:49.751390,ProjectD,us-east-1,RDS,57.94570245499722,8.691855368249582,1.8035599889117881
2026-04-28 10:02:49.751390,ProjectD,eu-west-1,S3,205.31015506415943,4.722133566475667,0.02443190845263497
2026-04-28 10:02:49.751390,ProjectD,ap-southeast-1,DataTransfer,658.0293976765815,13.160587953531632,0.027637234702416427
2026-04-29 10:02:49.751390,ProjectA,eu-west-1,EC2,142.66445022683885,14.266445022683886,1.6977069576993824
2026-04-29 10:02:49.751390,ProjectA,us-east-1,RDS,52.59367264491971,7.889050896737956,1.6369780610731257
2026-04-29 10:02:49.751390,ProjectA,eu-west-1,S3,275.299537695122,6.331889366987805,0.03276064498571952
2026-04-29 10:02:49.751390,ProjectA,ap-southeast-1,DataTransfer,655.3756663792929,13.107513327585858,0.027525777987930298
2026-04-29 10:02:49.751390,ProjectB,eu-west-1,EC2,137.9183071492609,13.79183071492609,1.6412278550762045
2026-04-29 10:02:49.751390,ProjectB,us-east-1,RDS,74.2746480750808,11.14119721126212,2.31179842133689
2026-04-29 10:02:49.751390,ProjectB,eu-west-1,S3,258.7679830819069,5.951663610883858,0.03079338998674692
2026-04-29 10:02:49.751390,ProjectB,us-east-1,DataTransfer,614.0273161479297,12.280546322958594,0.02548213362013908
2026-04-29 10:02:49.751390,ProjectC,ap-southeast-1,EC2,122.88840658665876,12.288840658665878,2.580656538319834
2026-04-29 10:02:49.751390,ProjectC,eu-west-1,RDS,62.32287380800937,9.348431071201404,1.1124632974729671
2026-04-29 10:02:49.751390,ProjectC,eu-west-1,S3,301.9548021445309,6.944960449324211,0.035932621455199175
2026-04-29 10:02:49.751390,ProjectC,us-east-1,DataTransfer,672.6331343793432,13.452662687586866,0.027914275076742746
2026-04-29 10:02:49.751390,ProjectD,us-east-1,EC2,137.7423652034962,13.77423652034962,2.8581540779725465
2026-04-29 10:02:49.751390,ProjectD,eu-west-1,RDS,57.58140305075607,8.63721045761341,1.027828044455996
2026-04-29 10:02:49.751390,ProjectD,eu-west-1,S3,301.5378831797232,6.935371313133634,0.03588300809838706
2026-04-29 10:02:49.751390,ProjectD,us-east-1,DataTransfer,601.1294953235737,12.022589906471474,0.024946874055928308
2026-04-30 10:02:49.751390,ProjectA,eu-west-1,EC2,126.66839553547356,12.666839553547357,1.5073539068721353
2026-04-30 10:02:49.751390,ProjectA,eu-west-1,RDS,56.283549966094654,8.442532494914198,1.0046613668947895
2026-04-30 10:02:49.751390,ProjectA,eu-west-1,S3,290.6109841967707,6.684052636525726,0.03458270711941571
2026-04-30 10:02:49.751390,ProjectA,ap-southeast-1,DataTransfer,614.8300243059759,12.29660048611952,0.02582286102085099
2026-04-30 10:02:49.751390,ProjectB,us-east-1,EC2,104.44291981994006,10.444291981994006,2.167190586263756
2026-04-30 10:02:49.751390,ProjectB,ap-southeast-1,RDS,64.57566399842024,9.686349599763036,2.0341334159502376
2026-04-30 10:02:49.751390,ProjectB,ap-southeast-1,S3,265.59407561975115,6.108663739254276,0.055774755880147735
2026-04-30 10:02:49.751390,ProjectB,eu-west-1,DataTransfer,747.54328382657,14.9508656765314,0.017791530155072368
2026-04-30 10:02:49.751390,ProjectC,us-east-1,EC2,134.3611743427506,13.43611743427506,2.7879943676120744
2026-04-30 10:02:49.751390,ProjectC,us-east-1,RDS,56.505837535001255,8.475875630250188,1.758744193276914
2026-04-30 10:02:49.751390,ProjectC,eu-west-1,S3,216.9154196786212,4.989054652608288,0.02581293494175592
2026-04-30 10:02:49.751390,ProjectC,ap-southeast-1,DataTransfer,696.9843630999288,13.939687261998577,0.02927334325019701
2026-04-30 10:02:49.751390,ProjectD,us-east-1,EC2,115.35467457254036,11.535467457254036,2.3936094973802122
2026-04-30 10:02:49.751390,ProjectD,ap-southeast-1,RDS,74.61082276179337,11.191623414269005,2.350240916996491
2026-04-30 10:02:49.751390,ProjectD,eu-west-1,S3,224.23445876601,5.15739255161823,0.026683900593155188
2026-04-30 10:02:49.751390,ProjectD,eu-west-1,DataTransfer,644.9553135345656,12.89910627069131,0.015349936462122658
2026-05-01 10:02:49.751390,ProjectA,us-east-1,EC2,123.35903098438172,12.335903098438171,2.5596998929259205
2026-05-01 10:02:49.751390,ProjectA,eu-west-1,RDS,61.44565961137712,9.216848941706568,1.0968050240630818
2026-05-01 10:02:49.751390,ProjectA,ap-southeast-1,S3,244.41096601844063,5.621452218424135,0.05132630286387253
2026-05-01 10:02:49.751390,ProjectA,eu-west-1,DataTransfer,604.5306957530253,12.090613915060503,0.014387830558922
2026-05-01 10:02:49.751390,ProjectB,us-east-1,EC2,103.43374428669227,10.343374428669229,2.1462501939488643
2026-05-01 10:02:49.751390,ProjectB,ap-southeast-1,RDS,52.353742660437085,7.853061399065562,1.6491428938037682
2026-05-01 10:02:49.751390,ProjectB,us-east-1,S3,249.16731816447364,5.730848317782893,0.051702218519128276
2026-05-01 10:02:49.751390,ProjectB,us-east-1,DataTransfer,689.3433830086506,13.786867660173012,0.028607750394859
2026-05-01 10:02:49.751390,ProjectC,eu-west-1,EC2,135.87693297191046,13.587693297191048,1.6169355023657346
2026-05-01 10:02:49.751390,ProjectC,us-east-1,RDS,67.24539883817096,10.086809825725645,2.093013038838071
2026-05-01 10:02:49.751390,ProjectC,eu-west-1,S3,288.1954074216682,6.628494370698369,0.034295253483178516
2026-05-01 10:02:49.751390,ProjectC,ap-southeast-1,DataTransfer,721.4596703201132,14.429193406402264,0.030301306153444757
2026-05-01 10:02:49.751390,ProjectD,ap-southeast-1,EC2,139.707052887245,13.9707052887245,2.9338481106321446
2026-05-01 10:02:49.751390,ProjectD,ap-southeast-1,RDS,73.79530670527706,11.06929600579156,2.324552161216227
2026-05-01 10:02:49.751390,ProjectD,us-east-1,S3,243.91561297474516,5.610059098419138,0.050612489692259614
2026-05-01 10:02:49.751390,ProjectD,ap-southeast-1,DataTransfer,653.1466998535266,13.062933997070532,0.027432161393848117
2026-05-02 10:02:49.751390,ProjectA,eu-west-1,EC2,104.3404732848266,10.43404732848266,1.2416516320894366
2026-05-02 10:02:49.751390,ProjectA,ap-southeast-1,RDS,73.80719895273333,11.07107984291,2.3249267670110996
2026-05-02 10:02:49.751390,ProjectA,us-east-1,S3,240.70145686980615,5.536133508005542,0.04994555230048477
2026-05-02 10:02:49.751390,ProjectA,ap-southeast-1,DataTransfer,547.4413462247816,10.948826924495632,0.022992536541440827
2026-05-02 10:02:49.751390,ProjectB,ap-southeast-1,EC2,127.37758706668384,12.737758706668384,2.6749293284003604
2026-05-02 10:02:49.751390,ProjectB,us-east-1,RDS,55.599162408403146,8.339874361260472,1.7305239299615478
2026-05-02 10:02:49.751390,ProjectB,ap-southeast-1,S3,259.86813907307726,5.976967198680777,0.054572309205346226
2026-05-02 10:02:49.751390,ProjectB,eu-west-1,DataTransfer,696.4618684727294,13.929237369454588,0.01657579246965096
2026-05-02 10:02:49.751390,ProjectC,us-east-1,EC2,103.4152499070059,10.341524990700592,2.1458664355703725
2026-05-02 10:02:49.751390,ProjectC,us-east-1,RDS,60.05364477733457,9.008046716600186,1.8691696936945383
2026-05-02 10:02:49.751390,ProjectC,us-east-1,S3,264.19959267075217,6.0765906314273,0.05482141547918107
2026-05-02 10:02:49.751390,ProjectC,ap-southeast-1,DataTransfer,719.471806201072,14.38943612402144,0.030217815860445023
2026-05-02 10:02:49.751390,ProjectD,us-east-1,EC2,105.7713412411442,10.57713412411442,2.194755330753742
2026-05-02 10:02:49.751390,ProjectD,us-east-1,RDS,59.51143811301481,8.926715716952222,1.852293511267586
2026-05-02 10:02:49.751390,ProjectD,ap-southeast-1,S3,203.45258739794852,4.679409510152817,0.04272504335356919
2026-05-02 10:02:49.751390,ProjectD,eu-west-1,DataTransfer,671.5763943917462,13.431527887834925,0.015983518186523563
2026-05-03 10:02:49.751390,ProjectA,eu-west-1,EC2,132.72841544974952,13.272841544974952,1.5794681438520193
2026-05-03 10:02:49.751390,ProjectA,us-east-1,RDS,53.350159135652746,8.002523870347911,1.6605237030971916
2026-05-03 10:02:49.751390,ProjectA,us-east-1,S3,235.95388472127811,5.426939348589397,0.04896043107966521
2026-05-03 10:02:49.751390,ProjectA,us-east-1,DataTransfer,593.9560038842335,11.87912007768467,0.02464917416119569
2026-05-03 10:02:49.751390,ProjectB,us-east-1,EC2,128.34737767647496,12.834737767647496,2.6632080867868555
2026-05-03 10:02:49.751390,ProjectB,us-east-1,RDS,73.81506558628841,11.072259837943262,2.297493916373227
2026-05-03 10:02:49.751390,ProjectB,eu-west-1,S3,262.747510977743,6.043192752488089,0.031266953806351416
2026-05-03 10:02:49.751390,ProjectB,eu-west-1,DataTransfer,505.6286134515325,10.11257226903065,0.012033961000146474
2026-05-03 10:02:49.751390,ProjectC,eu-west-1,EC2,144.21579655781323,14.421579655781324,1.7161679790379774
2026-05-03 10:02:49.751390,ProjectC,ap-southeast-1,RDS,61.219001962032,9.1828502943048,1.9283985618040083
2026-05-03 10:02:49.751390,ProjectC,eu-west-1,S3,286.8910355608732,6.598493817900084,0.03414003323174391
2026-05-03 10:02:49.751390,ProjectC,ap-southeast-1,DataTransfer,739.3408838474722,14.786817676949443,0.031052317121593835
2026-05-03 10:02:49.751390,ProjectD,us-east-1,EC2,148.829695342163,14.8829695342163,3.088216178349882
2026-05-03 10:02:49.751390,ProjectD,ap-southeast-1,RDS,66.12028612529329,9.918042918793994,2.082789012946739
2026-05-03 10:02:49.751390,ProjectD,ap-southeast-1,S3,245.3834903471814,5.6438202779851725,0.05153053297290809
2026-05-03 10:02:49.751390,ProjectD,us-east-1,DataTransfer,735.0619198631995,14.70123839726399,0.030505069674322774
2026-05-04 10:02:49.751390,ProjectA,us-east-1,EC2,137.2020254133115,13.720202541331153,2.846942027326213
2026-05-04 10:02:49.751390,ProjectA,us-east-1,RDS,74.22995568216861,11.134493352325292,2.3104073706074977
2026-05-04 10:02:49.751390,ProjectA,eu-west-1,S3,228.25366275298185,5.249834243318583,0.027162185867604837
2026-05-04 10:02:49.751390,ProjectA,ap-southeast-1,DataTransfer,521.0646365152384,10.421292730304769,0.021884714733640013
2026-05-04 10:02:49.751390,ProjectB,us-east-1,EC2,147.21584256130154,14.721584256130155,3.0547287331470065
2026-05-04 10:02:49.751390,ProjectB,us-east-1,RDS,60.24468714973566,9.036703072460348,1.875115887535522
2026-05-04 10:02:49.751390,ProjectB,us-east-1,S3,251.26055472450065,5.778992758663515,0.05213656510533388
2026-05-04 10:02:49.751390,ProjectB,eu-west-1,DataTransfer,590.7861948741626,11.81572389748325,0.01406071143800507
2026-05-04 10:02:49.751390,ProjectC,ap-southeast-1,EC2,122.78658727039232,12.278658727039232,2.5785183326782386
2026-05-04 10:02:49.751390,ProjectC,eu-west-1,RDS,69.83364494287414,10.475046741431122,1.2465305622303033
2026-05-04 10:02:49.751390,ProjectC,us-east-1,S3,287.8656543656628,6.620910050410244,0.05973212328087503
2026-05-04 10:02:49.751390,ProjectC,us-east-1,DataTransfer,688.9410384416713,13.778820768833423,0.02859105309532936
2026-05-04 10:02:49.751390,ProjectD,eu-west-1,EC2,144.76018734749613,14.476018734749614,1.7226462294352038
2026-05-04 10:02:49.751390,ProjectD,us-east-1,RDS,50.36800532317933,7.5552007984769,1.5677041656839565
2026-05-04 10:02:49.751390,ProjectD,us-east-1,S3,295.0578199604572,6.7863298590905154,0.06122449764179487
2026-05-04 10:02:49.751390,ProjectD,us-east-1,DataTransfer,533.0628792778542,10.661257585557085,0.02212210949003095
2026-05-05 10:02:49.751390,ProjectA,eu-west-1,EC2,111.97685481152978,11.19768548115298,1.332524572257204
2026-05-05 10:02:49.751390,ProjectA,us-east-1,RDS,53.2448727871965,7.986730918079474,1.6572466655014908
2026-05-05 10:02:49.751390,ProjectA,eu-west-1,S3,265.8374444286387,6.1142612218586905,0.031634655887008006
2026-05-05 10:02:49.751390,ProjectA,us-east-1,DataTransfer,527.0763046570066,10.541526093140131,0.021873666643265774
2026-05-05 10:02:49.751390,ProjectB,ap-southeast-1,EC2,106.1139631119222,10.61139631119222,2.228393225350366
2026-05-05 10:02:49.751390,ProjectB,us-east-1,RDS,55.44282292925532,8.316423439388299,1.725657863673072
2026-05-05 10:02:49.751390,ProjectB,ap-southeast-1,S3,270.0635721573799,6.211462159619738,0.05671335015304978
2026-05-05 10:02:49.751390,ProjectB,ap-southeast-1,DataTransfer,713.6899171613312,14.273798343226623,0.02997497652077591
2026-05-05 10:02:49.751390,ProjectC,ap-southeast-1,EC2,112.62211498463188,11.26221149846319,2.3650644146772692
2026-05-05 10:02:49.751390,ProjectC,us-east-1,RDS,75.01112720609923,11.251669080914883,2.334721334289838
2026-05-05 10:02:49.751390,ProjectC,ap-southeast-1,S3,243.4823439138304,5.600093910018099,0.05113129222190438
2026-05-05 10:02:49.751390,ProjectC,ap-southeast-1,DataTransfer,654.3786204268497,13.087572408536994,0.027483902057927685
2026-05-05 10:02:49.751390,ProjectD,eu-west-1,EC2,148.1857349830846,14.818573498308462,1.7634102462987065
2026-05-05 10:02:49.751390,ProjectD,eu-west-1,RDS,72.57852623109835,10.886778934664752,1.2955266932251057
2026-05-05 10:02:49.751390,ProjectD,us-east-1,S3,203.1852123365597,4.673259883740872,0.04216093155983613
2026-05-05 10:02:49.751390,ProjectD,eu-west-1,DataTransfer,736.3311496536063,14.726622993072128,0.01752468136175583
2026-05-06 10:02:49.751390,ProjectA,ap-southeast-1,EC2,131.20261815316914,13.120261815316915,2.755254981216552
2026-05-06 10:02:49.751390,ProjectA,eu-west-1,RDS,70.24211963487896,10.536317945231843,1.2538218354825894
2026-05-06 10:02:49.751390,ProjectA,eu-west-1,S3,239.52500465505383,5.509075107066239,0.028503475553951406
2026-05-06 10:02:49.751390,ProjectA,eu-west-1,DataTransfer,537.930050185605,10.7586010037121,0.012802735194417398
2026-05-06 10:02:49.751390,ProjectB,us-east-1,EC2,119.60634980328886,11.960634980328887,2.481831758418244
2026-05-06 10:02:49.751390,ProjectB,us-east-1,RDS,72.87337750558328,10.931006625837492,2.2681838748612795
2026-05-06 10:02:49.751390,ProjectB,eu-west-1,S3,226.4360818615445,5.208029882815524,0.026945893741523792
2026-05-06 10:02:49.751390,ProjectB,us-east-1,DataTransfer,665.2820513500723,13.305641027001446,0.027609205131027995
2026-05-06 10:02:49.751390,ProjectC,ap-southeast-1,EC2,117.68577866628964,11.768577866628966,2.4714013519920823
2026-05-06 10:02:49.751390,ProjectC,us-east-1,RDS,54.41641698240109,8.162462547360162,1.693710978577234
2026-05-06 10:02:49.751390,ProjectC,ap-southeast-1,S3,218.14314919065984,5.017292431385176,0.045810061330038565
2026-05-06 10:02:49.751390,ProjectC,ap-southeast-1,DataTransfer,715.9250894779137,14.318501789558274,0.030068853758072375
2026-05-06 10:02:49.751390,ProjectD,us-east-1,EC2,136.98991062426356,13.698991062426355,2.8425406454534685
2026-05-06 10:02:49.751390,ProjectD,us-east-1,RDS,54.03031612690028,8.104547419035042,1.681693589449771
2026-05-06 10:02:49.751390,ProjectD,ap-southeast-1,S3,262.50442777227283,6.037601838762275,0.055125929832177296
2026-05-06 10:02:49.751390,ProjectD,eu-west-1,DataTransfer,505.6021973606473,10.112043947212946,0.012033332297183407
2026-05-07 10:02:49.751390,ProjectA,us-east-1,EC2,107.36246925504528,10.73624692550453,2.2277712370421896
2026-05-07 10:02:49.751390,ProjectA,ap-southeast-1,RDS,63.3368031579011,9.500520473685166,1.9951092994738844
2026-05-07 10:02:49.751390,ProjectA,ap-southeast-1,S3,206.34411752975183,4.745914703184293,0.04333226468124788
2026-05-07 10:02:49.751390,ProjectA,us-east-1,DataTransfer,699.1875048922619,13.983750097845238,0.029016281453028873
2026-05-07 10:02:49.751390,ProjectB,eu-west-1,EC2,140.16788859184018,14.016788859184018,1.667997874242898
2026-05-07 10:02:49.751390,ProjectB,ap-southeast-1,RDS,52.38659353348753,7.857989030023129,1.650177696304857
2026-05-07 10:02:49.751390,ProjectB,us-east-1,S3,229.93546382807332,5.288515668045687,0.04771160874432521
2026-05-07 10:02:49.751390,ProjectB,us-east-1,DataTransfer,561.508590496868,11.23017180993736,0.02330260650562002
2026-05-07 10:02:49.751390,ProjectC,ap-southeast-1,EC2,102.43507925727552,10.243507925727554,2.151136664402786
2026-05-07 10:02:49.751390,ProjectC,ap-southeast-1,RDS,65.2016329879358,9.780244948190369,2.0538514391199776
2026-05-07 10:02:49.751390,ProjectC,eu-west-1,S3,243.25969631193703,5.594973015174553,0.028947903861120505
2026-05-07 10:02:49.751390,ProjectC,us-east-1,DataTransfer,536.0536199754274,10.721072399508548,0.02224622522898024
2026-05-07 10:02:49.751390,ProjectD,eu-west-1,EC2,109.74053657448036,10.974053657448035,1.3059123852363161
2026-05-07 10:02:49.751390,ProjectD,us-east-1,RDS,70.93326431172513,10.63998964675877,2.2077978517024444
2026-05-07 10:02:49.751390,ProjectD,us-east-1,S3,205.3688867188052,4.723484394532519,0.04261404399415207
2026-05-07 10:02:49.751390,ProjectD,us-east-1,DataTransfer,718.3665949477092,14.367331898954186,0.029812213690329933
2026-05-08 10:02:49.751390,ProjectA,eu-west-1,EC2,111.57227397323668,11.15722739732367,1.3277100602815164
2026-05-08 10:02:49.751390,ProjectA,us-east-1,RDS,70.91793881035386,10.63769082155308,2.207320845472264
2026-05-08 10:02:49.751390,ProjectA,eu-west-1,S3,278.7311111237862,6.4108155558470825,0.03316900222373055
2026-05-08 10:02:49.751390,ProjectA,us-east-1,DataTransfer,676.0386281681301,13.520772563362602,0.028055603068977402
2026-05-08 10:02:49.751390,ProjectB,eu-west-1,EC2,137.6633211966173,13.76633211966173,1.6381935222397457
2026-05-08 10:02:49.751390,ProjectB,us-east-1,RDS,51.17266784218646,7.6759001763279695,1.5927492865880537
2026-05-08 10:02:49.751390,ProjectB,us-east-1,S3,297.11932081478454,6.833744378740044,0.06165225906906779
2026-05-08 10:02:49.751390,ProjectB,eu-west-1,DataTransfer,621.7866809494849,12.435733618989698,0.01479852300659774
2026-05-08 10:02:49.751390,ProjectC,ap-southeast-1,EC2,136.22434472223958,13.622434472223958,2.860711239167031
2026-05-08 10:02:49.751390,ProjectC,us-east-1,RDS,52.09213781255568,7.813820671883351,1.6213677894157954
2026-05-08 10:02:49.751390,ProjectC,eu-west-1,S3,214.60991140918543,4.9360279624112655,0.025538579457693063
2026-05-08 10:02:49.751390,ProjectC,us-east-1,DataTransfer,644.2778764475984,12.885557528951969,0.026737531872575333
2026-05-08 10:02:49.751390,ProjectD,eu-west-1,EC2,104.00023375876236,10.400023375876236,1.2376027817292723
2026-05-08 10:02:49.751390,ProjectD,eu-west-1,RDS,62.40889705045937,9.361334557568906,1.1139988123506999
2026-05-08 10:02:49.751390,ProjectD,eu-west-1,S3,270.84278639731,6.22938408713813,0.03223029158127989
2026-05-08 10:02:49.751390,ProjectD,ap-southeast-1,DataTransfer,517.7510398241009,10.355020796482018,0.021745543672612236
2026-05-09 10:02:49.751390,ProjectA,ap-southeast-1,EC2,119.69706767770404,11.969706767770404,2.513638421231785
2026-05-09 10:02:49.751390,ProjectA,eu-west-1,RDS,50.90838821157761,7.636258231736641,0.9087147295766602
2026-05-09 10:02:49.751390,ProjectA,us-east-1,S3,239.9188394702901,5.518133307816672,0.0497831591900852
2026-05-09 10:02:49.751390,ProjectA,ap-southeast-1,DataTransfer,589.7254742311571,11.794509484623145,0.0247684699177086
2026-05-09 10:02:49.751390,ProjectB,ap-southeast-1,EC2,145.3033258543161,14.530332585431612,3.0513698429406384
2026-05-09 10:02:49.751390,ProjectB,eu-west-1,RDS,50.82214559071065,7.623321838606596,0.907175298794185
2026-05-09 10:02:49.751390,ProjectB,us-east-1,S3,255.70986371898576,5.881326865536672,0.05305979672168954
2026-05-09 10:02:49.751390,ProjectB,us-east-1,DataTransfer,698.252739430981,13.96505478861962,0.02897748868638571
2026-05-09 10:02:49.751390,ProjectC,ap-southeast-1,EC2,143.4696728977664,14.34696728977664,3.012863130853094
2026-05-09 10:02:49.751390,ProjectC,ap-southeast-1,RDS,51.40133345334974,7.710200018002461,1.6191420037805169
2026-05-09 10:02:49.751390,ProjectC,eu-west-1,S3,216.394884787455,4.9770823501114645,0.025750991289707145
2026-05-09 10:02:49.751390,ProjectC,eu-west-1,DataTransfer,504.6183368854677,10.092366737709357,0.012009916417874132
2026-05-09 10:02:49.751390,ProjectD,ap-southeast-1,EC2,138.332334171496,13.8332334171496,2.904979017601416
2026-05-09 10:02:49.751390,ProjectD,ap-southeast-1,RDS,60.14070238062962,9.021105357094443,1.8944321249898326
2026-05-09 10:02:49.751390,ProjectD,ap-southeast-1,S3,289.6911275634497,6.662895933959344,0.06083513678832444
2026-05-09 10:02:49.751390,ProjectD,ap-southeast-1,DataTransfer,560.0211700461388,11.200423400922777,0.023520889141937826
2026-05-10 10:02:49.751390,ProjectA,ap-southeast-1,EC2,119.61891699792696,11.961891699792696,2.511997256956466
2026-05-10 10:02:49.751390,ProjectA,us-east-1,RDS,51.23775077346326,7.685662616019488,1.594774992824044
2026-05-10 10:02:49.751390,ProjectA,ap-southeast-1,S3,217.77501963950144,5.008825451708533,0.045732754124295304
2026-05-10 10:02:49.751390,ProjectA,eu-west-1,DataTransfer,695.2630089686285,13.90526017937257,0.016547259613453356
2026-05-10 10:02:49.751390,ProjectB,ap-southeast-1,EC2,138.91219673844773,13.891219673844772,2.917156131507402
2026-05-10 10:02:49.751390,ProjectB,ap-southeast-1,RDS,50.73256610583834,7.60988491587575,1.5980758323339075
2026-05-10 10:02:49.751390,ProjectB,ap-southeast-1,S3,207.82917388615613,4.780070999381591,0.043644126516092785
2026-05-10 10:02:49.751390,ProjectB,ap-southeast-1,DataTransfer,610.4947063822067,12.209894127644134,0.02564077766805268
2026-05-10 10:02:49.751390,ProjectC,us-east-1,EC2,129.05908746267878,12.905908746267878,2.6779760648505846
2026-05-10 10:02:49.751390,ProjectC,us-east-1,RDS,55.02402128440184,8.253603192660275,1.7126226624770071
2026-05-10 10:02:49.751390,ProjectC,ap-southeast-1,S3,226.14415592780688,5.201315586339558,0.04749027274483944
2026-05-10 10:02:49.751390,ProjectC,ap-southeast-1,DataTransfer,503.948140971416,10.07896281942832,0.021165821920799473
2026-05-10 10:02:49.751390,ProjectD,us-east-1,EC2,99.84813040852494,9.984813040852494,2.071848705976892
2026-05-10 10:02:49.751390,ProjectD,ap-southeast-1,RDS,52.56759669563991,7.885139504345986,1.655879295912657
2026-05-10 10:02:49.751390,ProjectD,eu-west-1,S3,211.44525813298443,4.863240937058642,0.025161985717825144
2026-05-10 10:02:49.751390,ProjectD,us-east-1,DataTransfer,729.1726007434349,14.5834520148687,0.030260662930852552
2026-05-11 10:02:49.751390,ProjectA,eu-west-1,EC2,144.69159312615758,14.469159312615758,1.7218299582012753
2026-05-11 10:02:49.751390,ProjectA,us-east-1,RDS,59.94605780123426,8.991908670185138,1.8658210490634164
2026-05-11 10:02:49.751390,ProjectA,eu-west-1,S3,202.2936524259668,4.652754005797236,0.024072944638690048
2026-05-11 10:02:49.751390,ProjectA,eu-west-1,DataTransfer,692.596662736,13.85193325472,0.0164838005731168
2026-05-11 10:02:49.751390,ProjectB,ap-southeast-1,EC2,130.46317408656026,13.046317408656028,2.7397266558177655
2026-05-11 10:02:49.751390,ProjectB,eu-west-1,RDS,63.094654978911386,9.464198246836707,1.126239591373568
2026-05-11 10:02:49.751390,ProjectB,us-east-1,S3,214.6471388977603,4.936884194648487,0.04453928132128526
2026-05-11 10:02:49.751390,ProjectB,us-east-1,DataTransfer,548.4116143733409,10.968232287466815,0.022759081996493645
2026-05-11 10:02:49.751390,ProjectC,ap-southeast-1,EC2,132.7633344085582,13.27633344085582,2.7880300225797217
2026-05-11 10:02:49.751390,ProjectC,us-east-1,RDS,57.32552697655262,8.598829046482892,1.7842570271452
2026-05-11 10:02:49.751390,ProjectC,ap-southeast-1,S3,250.3526926016305,5.758111929837503,0.052574065446342404
2026-05-11 10:02:49.751390,ProjectC,us-east-1,DataTransfer,722.917014651408,14.45834029302816,0.03000105610803343
2026-05-11 10:02:49.751390,ProjectD,eu-west-1,EC2,143.28212815652194,14.328212815652194,1.7050573250626109
2026-05-11 10:02:49.751390,ProjectD,ap-southeast-1,RDS,64.44658126405912,9.666987189608868,2.0300673098178623
2026-05-11 10:02:49.751390,ProjectD,us-east-1,S3,274.3711479239085,6.310536402249896,0.056932013194211005
2026-05-11 10:02:49.751390,ProjectD,us-east-1,DataTransfer,716.4439601621223,14.328879203242446,0.029732424346728074
2026-05-12 10:02:49.751390,ProjectA,ap-southeast-1,EC2,142.5736449611981,14.257364496119813,2.99404654418516
2026-05-12 10:02:49.751390,ProjectA,ap-southeast-1,RDS,72.8978469828295,10.934677047424426,2.2962821799591295
2026-05-12 10:02:49.751390,ProjectA,us-east-1,S3,291.3899264545862,6.701968308455482,0.06046340973932664
2026-05-12 10:02:49.751390,ProjectA,us-east-1,DataTransfer,596.298863311176,11.92597726622352,0.024746402827413805
2026-05-12 10:02:49.751390,ProjectB,us-east-1,EC2,127.46607118905824,12.746607118905825,2.6449209771729585
2026-05-12 10:02:49.751390,ProjectB,eu-west-1,RDS,53.00927818602902,7.951391727904353,0.9462156156206181
2026-05-12 10:02:49.751390,ProjectB,us-east-1,S3,235.0453821676232,5.4060437898553335,0.04877191679978181
2026-05-12 10:02:49.751390,ProjectB,ap-southeast-1,DataTransfer,518.9792556006396,10.379585112012792,0.02179712873522686
2026-05-12 10:02:49.751390,ProjectC,eu-west-1,EC2,99.08186932931449,9.908186932931448,1.1790742450188423
2026-05-12 10:02:49.751390,ProjectC,eu-west-1,RDS,66.74429600469777,10.011644400704666,1.1913856836838552
2026-05-12 10:02:49.751390,ProjectC,ap-southeast-1,S3,200.24479629907856,4.605630314878807,0.0420514072228065
2026-05-12 10:02:49.751390,ProjectC,eu-west-1,DataTransfer,583.4039336608766,11.668078673217533,0.013885013621128863
2026-05-12 10:02:49.751390,ProjectD,us-east-1,EC2,111.50530844061215,11.150530844061215,2.313735150142702
2026-05-12 10:02:49.751390,ProjectD,ap-southeast-1,RDS,53.02772974084798,7.954159461127197,1.6703734868367115
2026-05-12 10:02:49.751390,ProjectD,ap-southeast-1,S3,224.9281859873256,5.173348277708488,0.04723491905733838
2026-05-12 10:02:49.751390,ProjectD,ap-southeast-1,DataTransfer,665.3131223472421,13.306262446944842,0.027943151138584168
2026-05-13 10:02:49.751390,ProjectA,eu-west-1,EC2,140.1991965602323,14.019919656023232,1.6683704390667644
2026-05-13 10:02:49.751390,ProjectA,us-east-1,RDS,57.66180751708716,8.649271127563074,1.7947237589693377
2026-05-13 10:02:49.751390,ProjectA,ap-southeast-1,S3,243.88477102081524,5.609349733478751,0.051215801914371195
2026-05-13 10:02:49.751390,ProjectA,ap-southeast-1,DataTransfer,499.2975352287684,9.98595070457537,0.020970496479608275
2026-05-13 10:02:49.751390,ProjectB,eu-west-1,EC2,137.96407876662042,13.796407876662045,1.641772537322783
2026-05-13 10:02:49.751390,ProjectB,us-east-1,RDS,50.62048767458957,7.593073151188435,1.5755626788716004
2026-05-13 10:02:49.751390,ProjectB,ap-southeast-1,S3,248.85487506675184,5.7236621265352925,0.052259523764017886
2026-05-13 10:02:49.751390,ProjectB,ap-southeast-1,DataTransfer,510.219716490932,10.20439432981864,0.021429228092619143
2026-05-13 10:02:49.751390,ProjectC,eu-west-1,EC2,119.07184679140234,11.907184679140236,1.4169549768176877
2026-05-13 10:02:49.751390,ProjectC,eu-west-1,RDS,49.24267640373294,7.386401460559941,0.878981773806633
2026-05-13 10:02:49.751390,ProjectC,eu-west-1,S3,233.01177334152823,5.3592707868551495,0.027728401027641857
2026-05-13 10:02:49.751390,ProjectC,us-east-1,DataTransfer,722.7239701823546,14.454479403647092,0.029993044762567717
2026-05-13 10:02:49.751390,ProjectD,ap-southeast-1,EC2,122.02025714101195,12.202025714101197,2.562425399961251
2026-05-13 10:02:49.751390,ProjectD,us-east-1,RDS,61.95489434049408,9.293234151074111,1.928346086347878
2026-05-13 10:02:49.751390,ProjectD,ap-southeast-1,S3,272.9841338799122,6.27863507923798,0.05732666811478155
2026-05-13 10:02:49.751390,ProjectD,us-east-1,DataTransfer,648.2778327130037,12.965556654260077,0.026903530057589654
2026-05-14 10:02:49.751390,ProjectA,us-east-1,EC2,130.2868919152792,13.02868919152792,2.703453007242043
2026-05-14 10:02:49.751390,ProjectA,us-east-1,RDS,53.24597945400143,7.986896918100214,1.6572811105057943
2026-05-14 10:02:49.751390,ProjectA,eu-west-1,S3,225.07444801612365,5.176712304370844,0.02678385931391871
2026-05-14 10:02:49.751390,ProjectA,eu-west-1,DataTransfer,641.5905442733226,12.831810885466451,0.015269854953705078
2026-05-14 10:02:49.751390,ProjectB,us-east-1,EC2,130.33565597469294,13.033565597469297,2.7044648614748787
2026-05-14 10:02:49.751390,ProjectB,us-east-1,RDS,54.70641685479884,8.205962528219825,1.7027372246056138
2026-05-14 10:02:49.751390,ProjectB,ap-southeast-1,S3,236.69042726172216,5.44387982701961,0.04970498972496165
2026-05-14 10:02:49.751390,ProjectB,eu-west-1,DataTransfer,694.9615334647414,13.899230669294829,0.016540084496460845
2026-05-14 10:02:49.751390,ProjectC,eu-west-1,EC2,144.77140482133956,14.477140482133956,1.7227797173739408
2026-05-14 10:02:49.751390,ProjectC,eu-west-1,RDS,69.43872552996554,10.41580882949483,1.2394812507098847
2026-05-14 10:02:49.751390,ProjectC,eu-west-1,S3,247.2099937209518,5.685829855581892,0.02941798925279326
2026-05-14 10:02:49.751390,ProjectC,eu-west-1,DataTransfer,508.834524691724,10.176690493834482,0.012110261687663031
2026-05-14 10:02:49.751390,ProjectD,ap-southeast-1,EC2,133.52238652086984,13.352238652086983,2.8039701169382663
2026-05-14 10:02:49.751390,ProjectD,eu-west-1,RDS,51.03209825862728,7.654814738794092,0.9109229539164969
2026-05-14 10:02:49.751390,ProjectD,us-east-1,S3,223.16643311909144,5.132827961739103,0.04630703487221147
2026-05-14 10:02:49.751390,ProjectD,us-east-1,DataTransfer,597.8280289939361,11.956560579878722,0.024809863203248347
2026-05-15 10:02:49.751390,ProjectA,ap-southeast-1,EC2,122.30069607134976,12.230069607134975,2.568314617498345
2026-05-15 10:02:49.751390,ProjectA,us-east-1,RDS,65.52834778833544,9.829252168250315,2.0395698249119403
2026-05-15 10:02:49.751390,ProjectA,us-east-1,S3,285.69275137016115,6.570933281513707,0.05928124590930844
2026-05-15 10:02:49.751390,ProjectA,us-east-1,DataTransfer,690.9211438655701,13.818422877311402,0.028673227470421163
2026-05-15 10:02:49.751390,ProjectB,ap-southeast-1,EC2,136.51352149008403,13.651352149008405,2.8667839512917643
2026-05-15 10:02:49.751390,ProjectB,eu-west-1,RDS,62.73137476196036,9.409706214294054,1.1197550395009925
2026-05-15 10:02:49.751390,ProjectB,ap-southeast-1,S3,276.7262354545687,6.364703415455081,0.058112509445459426
2026-05-15 10:02:49.751390,ProjectB,ap-southeast-1,DataTransfer,510.8999852735266,10.217999705470532,0.021457799381488115
2026-05-15 10:02:49.751390,ProjectC,ap-southeast-1,EC2,146.1993032075835,14.619930320758352,3.0701853673592536
2026-05-15 10:02:49.751390,ProjectC,eu-west-1,RDS,71.88331501732877,10.782497252599317,1.2831171730593187
2026-05-15 10:02:49.751390,ProjectC,eu-west-1,S3,246.7034554026729,5.674179474261476,0.029357711192918072
2026-05-15 10:02:49.751390,ProjectC,eu-west-1,DataTransfer,514.4823617132238,10.289647234264477,0.012244680208774726
2026-05-15 10:02:49.751390,ProjectD,ap-southeast-1,EC2,126.10607813866896,12.610607813866896,2.6482276409120478
2026-05-15 10:02:49.751390,ProjectD,us-east-1,RDS,58.038151859563456,8.705722778934518,1.8064374766289124
2026-05-15 10:02:49.751390,ProjectD,eu-west-1,S3,253.82925777849192,5.838072928905314,0.030205681675640535
2026-05-15 10:02:49.751390,ProjectD,ap-southeast-1,DataTransfer,684.1406335998694,13.682812671997388,0.028733906611194515
2026-05-16 10:02:49.751390,ProjectA,eu-west-1,EC2,118.74642655196529,11.87464265519653,1.4130824759683867
2026-05-16 10:02:49.751390,ProjectA,eu-west-1,RDS,51.16930208592468,7.675395312888702,0.9133720422337555
2026-05-16 10:02:49.751390,ProjectA,us-east-1,S3,252.86604239544656,5.815918975095271,0.052469703797055164
2026-05-16 10:02:49.751390,ProjectA,us-east-1,DataTransfer,529.0398902704576,10.580797805409151,0.02195515544622399
2026-05-16 10:02:49.751390,ProjectB,ap-southeast-1,EC2,143.29509254967573,14.329509254967574,3.0091969435431905
2026-05-16 10:02:49.751390,ProjectB,eu-west-1,RDS,58.64113752502406,8.796170628753607,1.0467443048216793
2026-05-16 10:02:49.751390,ProjectB,eu-west-1,S3,259.8085088572025,5.975595703715658,0.0309172125540071
2026-05-16 10:02:49.751390,ProjectB,ap-southeast-1,DataTransfer,709.3753231322079,14.187506462644158,0.029793763571552726
2026-05-16 10:02:49.751390,ProjectC,eu-west-1,EC2,99.61123214393926,9.961123214393927,1.1853736625128772
2026-05-16 10:02:49.751390,ProjectC,us-east-1,RDS,54.30549129867302,8.145823694800953,1.6902584166711976
2026-05-16 10:02:49.751390,ProjectC,ap-southeast-1,S3,205.3037394465137,4.721986007269815,0.04311378528376787
2026-05-16 10:02:49.751390,ProjectC,eu-west-1,DataTransfer,669.3034373210655,13.38606874642131,0.01592942180824136
2026-05-16 10:02:49.751390,ProjectD,us-east-1,EC2,144.75754924892595,14.475754924892597,3.003719146915213
2026-05-16 10:02:49.751390,ProjectD,eu-west-1,RDS,69.82415418927502,10.473623128391251,1.2463611522785591
2026-05-16 10:02:49.751390,ProjectD,eu-west-1,S3,241.5780602602386,5.556295385985488,0.02874778917096839
2026-05-16 10:02:49.751390,ProjectD,us-east-1,DataTransfer,684.3299166140414,13.686598332280829,0.028399691539482717
2026-05-17 10:02:49.751390,ProjectA,ap-southeast-1,EC2,113.02411735395168,11.302411735395168,2.3735064644329853
2026-05-17 10:02:49.751390,ProjectA,us-east-1,RDS,51.56633531204364,7.734950296806546,1.6050021865873583
2026-05-17 10:02:49.751390,ProjectA,eu-west-1,S3,272.3345007284469,6.263693516754279,0.032407805586685184
2026-05-17 10:02:49.751390,ProjectA,ap-southeast-1,DataTransfer,683.6154614552296,13.672309229104592,0.028711849381119644
2026-05-17 10:02:49.751390,ProjectB,eu-west-1,EC2,136.13287724623316,13.613287724623316,1.6199812392301745
2026-05-17 10:02:49.751390,ProjectB,us-east-1,RDS,53.35848097748874,8.00377214662331,1.6607827204243368
2026-05-17 10:02:49.751390,ProjectB,eu-west-1,S3,226.3793879305258,5.206725922402094,0.02693914716373257
2026-05-17 10:02:49.751390,ProjectB,eu-west-1,DataTransfer,707.4791389620055,14.149582779240111,0.01683800350729573
2026-05-17 10:02:49.751390,ProjectC,us-east-1,EC2,130.4358769637532,13.04358769637532,2.7065444469978788
2026-05-17 10:02:49.751390,ProjectC,eu-west-1,RDS,66.13775761095451,9.920663641643175,1.1805589733555377
2026-05-17 10:02:49.751390,ProjectC,ap-southeast-1,S3,211.7217855044304,4.869601066601899,0.04446157495593038
2026-05-17 10:02:49.751390,ProjectC,eu-west-1,DataTransfer,505.6709988024226,10.113419976048451,0.012034969771497659
2026-05-17 10:02:49.751390,ProjectD,eu-west-1,EC2,137.60709082233652,13.760709082233651,1.6375243807858046
2026-05-17 10:02:49.751390,ProjectD,eu-west-1,RDS,66.00989474099049,9.901484211148572,1.1782766211266802
2026-05-17 10:02:49.751390,ProjectD,eu-west-1,S3,244.9632034270149,5.634153678821342,0.02915062120781477
2026-05-17 10:02:49.751390,ProjectD,ap-southeast-1,DataTransfer,691.8833843183284,13.837667686366569,0.02905910214136979
2026-05-18 10:02:49.751390,ProjectA,eu-west-1,EC2,125.78160525256187,12.578160525256187,1.4968011025054861
2026-05-18 10:02:49.751390,ProjectA,ap-southeast-1,RDS,57.42580667967007,8.61387100195051,1.808912910409607
2026-05-18 10:02:49.751390,ProjectA,eu-west-1,S3,193.7594562441517,4.456467493615488,0.02305737529305405
2026-05-18 10:02:49.751390,ProjectA,us-east-1,DataTransfer,594.1725482132233,11.883450964264467,0.024658160750848767
2026-05-18 10:02:49.751390,ProjectB,ap-southeast-1,EC2,139.70918847771537,13.970918847771538,2.9338929580320228
2026-05-18 10:02:49.751390,ProjectB,ap-southeast-1,RDS,63.388204514338526,9.50823067715078,1.9967284422016636
2026-05-18 10:02:49.751390,ProjectB,eu-west-1,S3,275.74127363796595,6.342049293673217,0.03281321156291795
2026-05-18 10:02:49.751390,ProjectB,ap-southeast-1,DataTransfer,492.7992847482198,9.855985694964396,0.020697569959425233
2026-05-18 10:02:49.751390,ProjectC,us-east-1,EC2,108.6562191912348,10.86562191912348,2.254616548218122
2026-05-18 10:02:49.751390,ProjectC,ap-southeast-1,RDS,55.24067107271459,8.286100660907188,1.7400811387905093
2026-05-18 10:02:49.751390,ProjectC,ap-southeast-1,S3,245.42396716842583,5.644751244873794,0.05153903310536942
2026-05-18 10:02:49.751390,ProjectC,eu-west-1,DataTransfer,571.7671569903074,11.435343139806148,0.013608058336369317
2026-05-18 10:02:49.751390,ProjectD,ap-southeast-1,EC2,113.08021575633896,11.308021575633896,2.374684530883118
2026-05-18 10:02:49.751390,ProjectD,eu-west-1,RDS,51.76829370917973,7.765244056376959,0.9240640427088582
2026-05-18 10:02:49.751390,ProjectD,eu-west-1,S3,240.83165916005944,5.539128160681367,0.028658967440047072
2026-05-18 10:02:49.751390,ProjectD,ap-southeast-1,DataTransfer,606.3109645527747,12.126219291055495,0.02546506051121654
2026-05-19 10:02:49.751390,ProjectA,ap-southeast-1,EC2,101.3465986297653,10.13465986297653,2.128278571225071
2026-05-19 10:02:49.751390,ProjectA,ap-southeast-1,RDS,54.89484513621703,8.234226770432555,1.7291876217908364
2026-05-19 10:02:49.751390,ProjectA,ap-southeast-1,S3,212.375093636244,4.884627153633612,0.04459876966361124
2026-05-19 10:02:49.751390,ProjectA,eu-west-1,DataTransfer,616.5936645644167,12.331873291288334,0.014674929216633117
2026-05-19 10:02:49.751390,ProjectB,us-east-1,EC2,115.03691768708478,11.503691768708478,2.387016042007009
2026-05-19 10:02:49.751390,ProjectB,eu-west-1,RDS,62.91030841807321,9.43654626271098,1.1229490052626068
2026-05-19 10:02:49.751390,ProjectB,ap-southeast-1,S3,259.9752523968599,5.979430805127778,0.05459480300334058
2026-05-19 10:02:49.751390,ProjectB,eu-west-1,DataTransfer,658.6777874672524,13.173555749345049,0.01567653134172061
2026-05-19 10:02:49.751390,ProjectC,us-east-1,EC2,116.74975174280095,11.674975174280098,2.4225573486631196
2026-05-19 10:02:49.751390,ProjectC,eu-west-1,RDS,48.8279506007673,7.324192590115095,0.8715789182236964
2026-05-19 10:02:49.751390,ProjectC,ap-southeast-1,S3,216.2804701267632,4.974450812915553,0.04541889872662027
2026-05-19 10:02:49.751390,ProjectC,eu-west-1,DataTransfer,706.6685007183704,14.133370014367408,0.016818710317097217
2026-05-19 10:02:49.751390,ProjectD,ap-southeast-1,EC2,127.67590483677688,12.767590483677688,2.6811940015723144
2026-05-19 10:02:49.751390,ProjectD,eu-west-1,RDS,62.87007930910655,9.430511896365982,1.122230915667552
2026-05-19 10:02:49.751390,ProjectD,us-east-1,S3,201.8135984596045,4.641712764570904,0.04187632168036793
2026-05-19 10:02:49.751390,ProjectD,us-east-1,DataTransfer,703.6500185613038,14.073000371226076,0.029201475770294104
2026-05-20 10:02:49.751390,ProjectA,us-east-1,EC2,117.82106976644344,11.782106976644345,2.4447871976537012
2026-05-20 10:02:49.751390,ProjectA,ap-southeast-1,RDS,59.15444350710722,8.873166526066083,1.8633649704738773
2026-05-20 10:02:49.751390,ProjectA,eu-west-1,S3,271.88648879539505,6.253389242294086,0.03235449216665201
2026-05-20 10:02:49.751390,ProjectA,ap-southeast-1,DataTransfer,632.0645134177272,12.641290268354544,0.02654670956354454
2026-05-20 10:02:49.751390,ProjectB,us-east-1,EC2,107.24761985097484,10.724761985097484,2.2253881119077277
2026-05-20 10:02:49.751390,ProjectB,eu-west-1,RDS,65.76559964010242,9.864839946015364,1.1739159535758283
2026-05-20 10:02:49.751390,ProjectB,eu-west-1,S3,227.4527300012836,5.2314127900295215,0.027066874870152746
2026-05-20 10:02:49.751390,ProjectB,us-east-1,DataTransfer,665.5060719350945,13.31012143870189,0.027618501985306423
2026-05-20 10:02:49.751390,ProjectC,us-east-1,EC2,125.94174294832496,12.5941742948325,2.6132911661777425
2026-05-20 10:02:49.751390,ProjectC,ap-southeast-1,RDS,70.33428266775444,10.550142400163166,2.215529904034265
2026-05-20 10:02:49.751390,ProjectC,ap-southeast-1,S3,241.4639235117364,5.553670240769937,0.05070742393746464
2026-05-20 10:02:49.751390,ProjectC,us-east-1,DataTransfer,519.6096652918912,10.392193305837823,0.021563801109613485
2026-05-20 10:02:49.751390,ProjectD,us-east-1,EC2,123.25324466277692,12.325324466277692,2.557504826752621
2026-05-20 10:02:49.751390,ProjectD,us-east-1,RDS,64.0896119072422,9.61344178608633,1.9947891706129135
2026-05-20 10:02:49.751390,ProjectD,ap-southeast-1,S3,256.5898186733254,5.901565829486484,0.05388386192139834
2026-05-20 10:02:49.751390,ProjectD,ap-southeast-1,DataTransfer,627.5439880146324,12.550879760292649,0.02635684749661456
2026-05-21 10:02:49.751390,ProjectA,eu-west-1,EC2,122.73892132989737,12.273892132989737,1.4605931638257785
2026-05-21 10:02:49.751390,ProjectA,eu-west-1,RDS,54.53636497786267,8.1804547466794,0.9734741148548486
2026-05-21 10:02:49.751390,ProjectA,eu-west-1,S3,201.64484701323212,4.63783148130434,0.02399573679457462
2026-05-21 10:02:49.751390,ProjectA,ap-southeast-1,DataTransfer,679.2178630436231,13.584357260872462,0.02852715024783217
2026-05-21 10:02:49.751390,ProjectB,ap-southeast-1,EC2,140.70035478281457,14.070035478281458,2.954707450439106
2026-05-21 10:02:49.751390,ProjectB,ap-southeast-1,RDS,49.930596736555614,7.489589510483341,1.5728137972015017
2026-05-21 10:02:49.751390,ProjectB,eu-west-1,S3,277.94082737619925,6.392639029652583,0.03307495845776771
2026-05-21 10:02:49.751390,ProjectB,eu-west-1,DataTransfer,538.2169965350954,10.764339930701908,0.012809564517535269
2026-05-21 10:02:49.751390,ProjectC,eu-west-1,EC2,115.76630638060774,11.576630638060776,1.3776190459292321
2026-05-21 10:02:49.751390,ProjectC,us-east-1,RDS,71.33501592433434,10.700252388650153,2.220302370644906
2026-05-21 10:02:49.751390,ProjectC,us-east-1,S3,200.4076736523545,4.609376494004153,0.04158459228286356
2026-05-21 10:02:49.751390,ProjectC,ap-southeast-1,DataTransfer,648.9609572376082,12.979219144752165,0.027256360203979542
2026-05-21 10:02:49.751390,ProjectD,us-east-1,EC2,121.06675355221556,12.106675355221556,2.5121351362084727
2026-05-21 10:02:49.751390,ProjectD,eu-west-1,RDS,70.4911738272171,10.573676074082565,1.258267452815825
2026-05-21 10:02:49.751390,ProjectD,us-east-1,S3,229.9897484409705,5.289764214142321,0.04772287280150137
2026-05-21 10:02:49.751390,ProjectD,us-east-1,DataTransfer,536.7301443330491,10.734602886660982,0.022274300989821538
2026-05-22 10:02:49.751390,ProjectA,ap-southeast-1,EC2,128.92734487798808,12.892734487798808,2.7074742424377494
2026-05-22 10:02:49.751390,ProjectA,ap-southeast-1,RDS,63.76309148845724,9.564463723268586,2.008537381886403
2026-05-22 10:02:49.751390,ProjectA,us-east-1,S3,282.397946503291,6.495152769575693,0.058597573899432875
2026-05-22 10:02:49.751390,ProjectA,eu-west-1,DataTransfer,493.549114405508,9.87098228811016,0.011746468922851092
2026-05-22 10:02:49.751390,ProjectB,eu-west-1,EC2,135.83019584370604,13.583019584370604,1.6163793305401017
2026-05-22 10:02:49.751390,ProjectB,us-east-1,RDS,61.67796322214,9.251694483321,1.9197266052891073
2026-05-22 10:02:49.751390,ProjectB,us-east-1,S3,194.9735675322146,4.484392053240936,0.04045701526293453
2026-05-22 10:02:49.751390,ProjectB,eu-west-1,DataTransfer,586.5916655648693,11.731833311297388,0.01396088164044389
2026-05-22 10:02:49.751390,ProjectC,eu-west-1,EC2,120.49972864152744,12.049972864152744,1.4339467708341764
2026-05-22 10:02:49.751390,ProjectC,ap-southeast-1,RDS,63.01517398086881,9.45227609713032,1.9849779803973673
2026-05-22 10:02:49.751390,ProjectC,us-east-1,S3,228.6618365973345,5.259222241738693,0.04744733109394691
2026-05-22 10:02:49.751390,ProjectC,us-east-1,DataTransfer,489.1806563423139,9.783613126846278,0.020300997238206026
2026-05-22 10:02:49.751390,ProjectD,ap-southeast-1,EC2,113.84909391935604,11.384909391935606,2.390830972306477
2026-05-22 10:02:49.751390,ProjectD,ap-southeast-1,RDS,53.23006302529742,7.984509453794613,1.6767469852968686
2026-05-22 10:02:49.751390,ProjectD,ap-southeast-1,S3,194.58392726340816,4.475430327058389,0.04086262472531571
2026-05-22 10:02:49.751390,ProjectD,us-east-1,DataTransfer,701.4740774341981,14.02948154868396,0.02911117421351922
2026-05-23 10:02:49.751390,ProjectA,ap-southeast-1,EC2,126.90056895987765,12.690056895987764,2.6649119481574304
2026-05-23 10:02:49.751390,ProjectA,eu-west-1,RDS,52.773058870882046,7.915958830632307,0.9419991008452444
2026-05-23 10:02:49.751390,ProjectA,us-east-1,S3,264.0150109231697,6.072345251232903,0.05478311476655771
2026-05-23 10:02:49.751390,ProjectA,ap-southeast-1,DataTransfer,493.6229507155588,9.872459014311175,0.02073216393005347
2026-05-23 10:02:49.751390,ProjectB,ap-southeast-1,EC2,106.36111409873868,10.636111409873868,2.2335833960735125
2026-05-23 10:02:49.751390,ProjectB,ap-southeast-1,RDS,68.56723139008575,10.285084708512862,2.159867788787701
2026-05-23 10:02:49.751390,ProjectB,ap-southeast-1,S3,207.86430182208773,4.780878941908019,0.04365150338263842
2026-05-23 10:02:49.751390,ProjectB,eu-west-1,DataTransfer,568.7624553250631,11.375249106501265,0.013536546436736503
2026-05-23 10:02:49.751390,ProjectC,ap-southeast-1,EC2,113.87160516392557,11.387160516392557,2.391303708442437
2026-05-23 10:02:49.751390,ProjectC,eu-west-1,RDS,53.84866238089359,8.077299357134038,0.9611986234989507
2026-05-23 10:02:49.751390,ProjectC,eu-west-1,S3,236.51319093717683,5.439803391555067,0.02814506972152404
2026-05-23 10:02:49.751390,ProjectC,us-east-1,DataTransfer,645.0328314467965,12.90065662893593,0.026768862505042054
2026-05-23 10:02:49.751390,ProjectD,ap-southeast-1,EC2,124.94511775125514,12.494511775125517,2.623847472776358
2026-05-23 10:02:49.751390,ProjectD,ap-southeast-1,RDS,70.1568249716203,10.523523745743043,2.2099399866060394
2026-05-23 10:02:49.751390,ProjectD,us-east-1,S3,206.456898970658,4.748508676325133,0.042839806536411534
2026-05-23 10:02:49.751390,ProjectD,eu-west-1,DataTransfer,560.1382425393799,11.2027648507876,0.013331290172437242
2026-05-24 10:02:49.751390,ProjectA,eu-west-1,EC2,110.9333701141862,11.09333701141862,1.3201071043588157
2026-05-24 10:02:49.751390,ProjectA,us-east-1,RDS,49.18283206533594,7.37742480980039,1.530815648033581
2026-05-24 10:02:49.751390,ProjectA,us-east-1,S3,211.0316053421889,4.853726922870345,0.0437890581085042
2026-05-24 10:02:49.751390,ProjectA,us-east-1,DataTransfer,541.3558040294062,10.827116080588125,0.022466265867220357
2026-05-24 10:02:49.751390,ProjectB,eu-west-1,EC2,102.3045373140092,10.23045373140092,1.2174239940367093
2026-05-24 10:02:49.751390,ProjectB,eu-west-1,RDS,56.06322899953237,8.409484349929855,1.0007286376416527
2026-05-24 10:02:49.751390,ProjectB,ap-southeast-1,S3,214.8976653552689,4.942646303171186,0.04512850972460647
2026-05-24 10:02:49.751390,ProjectB,ap-southeast-1,DataTransfer,526.0330226635832,10.520660453271663,0.0220933869518705
2026-05-24 10:02:49.751390,ProjectC,ap-southeast-1,EC2,133.5253164174197,13.35253164174197,2.804031644765814
2026-05-24 10:02:49.751390,ProjectC,ap-southeast-1,RDS,67.80042519050396,10.170063778575594,2.1357133935008745
2026-05-24 10:02:49.751390,ProjectC,us-east-1,S3,256.4604412297163,5.898590148283475,0.053215541555166126
2026-05-24 10:02:49.751390,ProjectC,us-east-1,DataTransfer,492.26899436656686,9.845379887331337,0.020429163266212524
2026-05-24 10:02:49.751390,ProjectD,eu-west-1,EC2,111.26966142500504,11.126966142500503,1.3241089709575597
2026-05-24 10:02:49.751390,ProjectD,us-east-1,RDS,56.28694411727029,8.443041617590543,1.7519311356500376
2026-05-24 10:02:49.751390,ProjectD,ap-southeast-1,S3,254.78192767093236,5.859984336431444,0.0535042048108958
2026-05-24 10:02:49.751390,ProjectD,us-east-1,DataTransfer,546.907065632794,10.93814131265588,0.022696643223760953
2026-05-25 10:02:49.751390,ProjectA,us-east-1,EC2,104.4365736193534,10.443657361935342,2.167058902601583
2026-05-25 10:02:49.751390,ProjectA,eu-west-1,RDS,51.15193008475491,7.672789512713236,0.9130619520128751
2026-05-25 10:02:49.751390,ProjectA,us-east-1,S3,222.5428711356153,5.118486036119151,0.046177645760640165
2026-05-25 10:02:49.751390,ProjectA,ap-southeast-1,DataTransfer,487.24788926951527,9.744957785390303,0.020464411349319644
2026-05-25 10:02:49.751390,ProjectB,eu-west-1,EC2,103.16619293661525,10.316619293661525,1.2276776959457214
2026-05-25 10:02:49.751390,ProjectB,us-east-1,RDS,67.21293448125779,10.081940172188668,2.0920025857291487
2026-05-25 10:02:49.751390,ProjectB,us-east-1,S3,233.07412170847425,5.360704799294908,0.048362880254508404
2026-05-25 10:02:49.751390,ProjectB,eu-west-1,DataTransfer,575.3335711021606,11.506671422043212,0.013692938992231422
2026-05-25 10:02:49.751390,ProjectC,ap-southeast-1,EC2,108.75216509306328,10.875216509306329,2.283795466954329
2026-05-25 10:02:49.751390,ProjectC,us-east-1,RDS,60.16191197463306,9.02428679619496,1.8725395102104536
2026-05-25 10:02:49.751390,ProjectC,eu-west-1,S3,207.1355698534292,4.764118106628871,0.02464913281255807
2026-05-25 10:02:49.751390,ProjectC,ap-southeast-1,DataTransfer,522.3705309277552,10.447410618555104,0.021939562298965723
2026-05-25 10:02:49.751390,ProjectD,eu-west-1,EC2,132.46065108354665,13.246065108354664,1.576281747894205
2026-05-25 10:02:49.751390,ProjectD,eu-west-1,RDS,56.43431711400586,8.465147567100878,1.0073525604850047
2026-05-25 10:02:49.751390,ProjectD,ap-southeast-1,S3,282.35067822637615,6.494065599206651,0.05929364242753899
2026-05-25 10:02:49.751390,ProjectD,eu-west-1,DataTransfer,596.3680080670509,11.92736016134102,0.014193558591995812
2026-05-26 10:02:49.751390,ProjectA,ap-southeast-1,EC2,102.0937827505669,10.209378275056691,2.1439694377619047
2026-05-26 10:02:49.751390,ProjectA,ap-southeast-1,RDS,47.89434719921411,7.184152079882116,1.5086719367752446
2026-05-26 10:02:49.751390,ProjectA,us-east-1,S3,229.65215346702507,5.281999529741577,0.0476528218444077
2026-05-26 10:02:49.751390,ProjectA,us-east-1,DataTransfer,489.1750826734085,9.78350165346817,0.02030076593094645
2026-05-26 10:02:49.751390,ProjectB,eu-west-1,EC2,115.40702422414424,11.540702422414425,1.3733435882673164
2026-05-26 10:02:49.751390,ProjectB,us-east-1,RDS,59.74399789805675,8.961599684708512,1.859531934577016
2026-05-26 10:02:49.751390,ProjectB,us-east-1,S3,201.31420620389,4.63022674268947,0.04177269778730717
2026-05-26 10:02:49.751390,ProjectB,eu-west-1,DataTransfer,520.7256892038287,10.414513784076574,0.012393271403051123
2026-05-26 10:02:49.751390,ProjectC,us-east-1,EC2,117.56941529688072,11.756941529688072,2.439565367410275
2026-05-26 10:02:49.751390,ProjectC,eu-west-1,RDS,57.1247019624385,8.568705294365774,1.019675930029527
2026-05-26 10:02:49.751390,ProjectC,ap-southeast-1,S3,214.65046267637464,4.936960641556617,0.04507659716203867
2026-05-26 10:02:49.751390,ProjectC,eu-west-1,DataTransfer,686.3217903177135,13.72643580635427,0.01633445860956158
2026-05-26 10:02:49.751390,ProjectD,us-east-1,EC2,96.78739965757616,9.678739965757616,2.008338542894705
2026-05-26 10:02:49.751390,ProjectD,us-east-1,RDS,66.27832249151852,9.941748373727778,2.062912787548514
2026-05-26 10:02:49.751390,ProjectD,us-east-1,S3,220.0853077416482,5.061962078057908,0.045667701356392
2026-05-26 10:02:49.751390,ProjectD,ap-southeast-1,DataTransfer,637.109105116111,12.74218210232222,0.026758582414876664
2026-05-27 10:02:49.751390,ProjectA,us-east-1,EC2,133.08572373711505,13.308572373711506,2.761528767545137
2026-05-27 10:02:49.751390,ProjectA,ap-southeast-1,RDS,51.549477473641694,7.732421621046254,1.6238085404197136
2026-05-27 10:02:49.751390,ProjectA,eu-west-1,S3,256.11727232703737,5.89069726352186,0.03047795540691744
2026-05-27 10:02:49.751390,ProjectA,ap-southeast-1,DataTransfer,530.3912051081144,10.607824102162288,0.022276430614540807
2026-05-27 10:02:49.751390,ProjectB,us-east-1,EC2,113.48963071468562,11.348963071468562,2.354909837329726
2026-05-27 10:02:49.751390,ProjectB,us-east-1,RDS,54.43710754753823,8.165566132130735,1.6943549724171274
2026-05-27 10:02:49.751390,ProjectB,us-east-1,S3,194.90548739714728,4.482826210134387,0.04044288863490806
2026-05-27 10:02:49.751390,ProjectB,ap-southeast-1,DataTransfer,595.0218713202283,11.900437426404569,0.024990918595449593
2026-05-27 10:02:49.751390,ProjectC,ap-southeast-1,EC2,108.40890160980332,10.840890160980331,2.27658693380587
2026-05-27 10:02:49.751390,ProjectC,eu-west-1,RDS,60.83431626700465,9.125147440050698,1.085892545366033
2026-05-27 10:02:49.751390,ProjectC,ap-southeast-1,S3,279.536241452937,6.429333553417552,0.05870261070511677
2026-05-27 10:02:49.751390,ProjectC,us-east-1,DataTransfer,537.4008810722386,10.748017621444772,0.0223021365644979
2026-05-27 10:02:49.751390,ProjectD,us-east-1,EC2,136.8177086544938,13.68177086544938,2.838967454580746
2026-05-27 10:02:49.751390,ProjectD,eu-west-1,RDS,65.16138343065259,9.774207514597888,1.1631306942371487
2026-05-27 10:02:49.751390,ProjectD,ap-southeast-1,S3,196.08684679375955,4.509997476256469,0.0411782378266895
2026-05-27 10:02:49.751390,ProjectD,ap-southeast-1,DataTransfer,627.4618982104201,12.549237964208404,0.026353399724837648
2026-05-28 10:02:49.751390,ProjectA,us-east-1,EC2,98.42303709979656,9.842303709979657,2.042278019820779
2026-05-28 10:02:49.751390,ProjectA,us-east-1,RDS,52.97028402437631,7.945542603656445,1.6487000902587128
2026-05-28 10:02:49.751390,ProjectA,ap-southeast-1,S3,233.2725783236749,5.365269301444523,0.04898724144797173
2026-05-28 10:02:49.751390,ProjectA,us-east-1,DataTransfer,604.199022360134,12.08398044720268,0.02507425942794556
2026-05-28 10:02:49.751390,ProjectB,us-east-1,EC2,129.9645777036564,12.99645777036564,2.69676498735087
2026-05-28 10:02:49.751390,ProjectB,us-east-1,RDS,64.81926310938047,9.72288946640707,2.017499564279467
2026-05-28 10:02:49.751390,ProjectB,ap-southeast-1,S3,228.29573424468916,5.2508018876278495,0.04794210419138472
2026-05-28 10:02:49.751390,ProjectB,ap-southeast-1,DataTransfer,591.3839637713098,11.827679275426195,0.024838126478395013
2026-05-28 10:02:49.751390,ProjectC,eu-west-1,EC2,120.5600248269581,12.05600248269581,1.4346642954408013
2026-05-28 10:02:49.751390,ProjectC,ap-southeast-1,RDS,62.570257202914064,9.385538580437109,1.9709631018917928
2026-05-28 10:02:49.751390,ProjectC,eu-west-1,S3,227.10572960474695,5.223431780909181,0.027025581822964887
2026-05-28 10:02:49.751390,ProjectC,eu-west-1,DataTransfer,684.782530220622,13.69565060441244,0.016297824219250804
2026-05-28 10:02:49.751390,ProjectD,ap-southeast-1,EC2,108.16311802208944,10.816311802208944,2.271425478463878
2026-05-28 10:02:49.751390,ProjectD,ap-southeast-1,RDS,55.61680084045742,8.342520126068614,1.7519292264744089
2026-05-28 10:02:49.751390,ProjectD,us-east-1,S3,197.27079642725,4.537228317826749,0.04093369025865437
2026-05-28 10:02:49.751390,ProjectD,ap-southeast-1,DataTransfer,658.7466975459287,13.174933950918572,0.027667361296929004
2026-05-29 10:02:49.751390,ProjectA,us-east-1,EC2,101.99484039097808,10.199484039097808,2.116392938112795
2026-05-29 10:02:49.751390,ProjectA,eu-west-1,RDS,58.1695887848098,8.72543831772147,1.0383271598088548
2026-05-29 10:02:49.751390,ProjectA,us-east-1,S3,195.27387058380108,4.491299023427425,0.04051932814613872
2026-05-29 10:02:49.751390,ProjectA,ap-southeast-1,DataTransfer,667.931555481703,13.35863110963406,0.028053125330231528
2026-05-29 10:02:49.751390,ProjectB,eu-west-1,EC2,105.57250432372714,10.557250432372715,1.256312801452353
2026-05-29 10:02:49.751390,ProjectB,us-east-1,RDS,50.09697586180148,7.514546379270222,1.559268373698571
2026-05-29 10:02:49.751390,ProjectB,eu-west-1,S3,223.861749756498,5.148820244399453,0.02663954822102326
2026-05-29 10:02:49.751390,ProjectB,us-east-1,DataTransfer,523.4853471260146,10.469706942520292,0.02172464190572961
2026-05-29 10:02:49.751390,ProjectC,eu-west-1,EC2,114.46915910135684,11.446915910135685,1.3621829933061462
2026-05-29 10:02:49.751390,ProjectC,eu-west-1,RDS,56.69935746835303,8.504903620252954,1.0120835308101017
2026-05-29 10:02:49.751390,ProjectC,us-east-1,S3,249.2270122642336,5.732221282077372,0.05171460504482847
2026-05-29 10:02:49.751390,ProjectC,eu-west-1,DataTransfer,515.1305283798079,10.302610567596158,0.012260106575439427
2026-05-29 10:02:49.751390,ProjectD,eu-west-1,EC2,132.68525980690637,13.268525980690638,1.5789545917021859
2026-05-29 10:02:49.751390,ProjectD,ap-southeast-1,RDS,58.580634971129975,8.787095245669496,1.8452900015905942
2026-05-29 10:02:49.751390,ProjectD,us-east-1,S3,190.8071505237979,4.388564462047352,0.03959248373368806
2026-05-29 10:02:49.751390,ProjectD,us-east-1,DataTransfer,570.4336944540009,11.40867388908002,0.02367299831984104
2026-05-30 10:02:49.751390,ProjectA,ap-southeast-1,EC2,96.81912042470164,9.681912042470165,2.033201528918734
2026-05-30 10:02:49.751390,ProjectA,ap-southeast-1,RDS,63.00727877500786,9.45109181625118,1.9847292814127475
2026-05-30 10:02:49.751390,ProjectA,eu-west-1,S3,197.14459458343157,4.534325675418925,0.023460206755428356
2026-05-30 10:02:49.751390,ProjectA,ap-southeast-1,DataTransfer,681.4097068399305,13.628194136798612,0.028619207687277087
2026-05-30 10:02:49.751390,ProjectB,eu-west-1,EC2,105.89144122497434,10.589144122497435,1.2601081505771947
2026-05-30 10:02:49.751390,ProjectB,eu-west-1,RDS,60.495673533547965,9.074351030032194,1.079847772573831
2026-05-30 10:02:49.751390,ProjectB,ap-southeast-1,S3,274.5954667248069,6.31569573467056,0.057665048012209445
2026-05-30 10:02:49.751390,ProjectB,eu-west-1,DataTransfer,540.17469743963,10.8034939487926,0.012856157799063196
2026-05-30 10:02:49.751390,ProjectC,us-east-1,EC2,96.60293686929474,9.660293686929474,2.004510940037866
2026-05-30 10:02:49.751390,ProjectC,eu-west-1,RDS,55.415007537341886,8.312251130601283,0.9891578845415526
2026-05-30 10:02:49.751390,ProjectC,eu-west-1,S3,238.6554304216309,5.489074899697511,0.028399996220174077
2026-05-30 10:02:49.751390,ProjectC,ap-southeast-1,DataTransfer,498.9313231940517,9.978626463881035,0.02095511557415017
2026-05-30 10:02:49.751390,ProjectD,eu-west-1,EC2,103.64308918727572,10.364308918727572,1.2333527613285813
2026-05-30 10:02:49.751390,ProjectD,eu-west-1,RDS,60.3255495636641,9.048832434549617,1.0768110597114042
2026-05-30 10:02:49.751390,ProjectD,eu-west-1,S3,242.7922839044982,5.5842225298034585,0.028892281784635283
2026-05-30 10:02:49.751390,ProjectD,ap-southeast-1,DataTransfer,559.216049704323,11.18432099408646,0.023487074087581567
2026-05-31 10:02:49.751390,ProjectA,eu-west-1,EC2,102.31631695420177,10.231631695420177,1.217564171755001
2026-05-31 10:02:49.751390,ProjectA,eu-west-1,RDS,52.41224037987779,7.861836056981668,0.9355584907808184
2026-05-31 10:02:49.751390,ProjectA,us-east-1,S3,208.37375679057055,4.792596406183123,0.04323755453404338
2026-05-31 10:02:49.751390,ProjectA,us-east-1,DataTransfer,602.3564534871158,12.047129069742317,0.024997792819715307
2026-05-31 10:02:49.751390,ProjectB,eu-west-1,EC2,108.6398529000698,10.863985290006982,1.2928142495108306
2026-05-31 10:02:49.751390,ProjectB,ap-southeast-1,RDS,64.60900610918493,9.69135091637774,2.0351836924393254
2026-05-31 10:02:49.751390,ProjectB,eu-west-1,S3,223.9360999776387,5.150530299485689,0.026648395897339004
2026-05-31 10:02:49.751390,ProjectB,eu-west-1,DataTransfer,625.1674823567542,12.503349647135083,0.014878986080090752
2026-05-31 10:02:49.751390,ProjectC,eu-west-1,EC2,115.58505709834309,11.558505709834307,1.3754621794702826
2026-05-31 10:02:49.751390,ProjectC,eu-west-1,RDS,49.083357066564304,7.362503559984646,0.8761379236381727
2026-05-31 10:02:49.751390,ProjectC,eu-west-1,S3,206.87597994405428,4.758147538713248,0.024618241613342456
2026-05-31 10:02:49.751390,ProjectC,us-east-1,DataTransfer,679.2105432048639,13.58421086409728,0.028187237543001852
2026-05-31 10:02:49.751390,ProjectD,us-east-1,EC2,116.1142571233984,11.61142571233984,2.4093708353105168
2026-05-31 10:02:49.751390,ProjectD,ap-southeast-1,RDS,68.48280667567168,10.272421001350752,2.157208410283658
2026-05-31 10:02:49.751390,ProjectD,us-east-1,S3,199.91573427031207,4.5980618882171775,0.04148251486108975
2026-05-31 10:02:49.751390,ProjectD,ap-southeast-1,DataTransfer,525.2503041208519,10.505006082417038,0.022060512773075778
2026-06-01 10:02:49.751390,ProjectA,eu-west-1,EC2,131.0202602737267,13.102026027372672,1.5591410972573478
2026-06-01 10:02:49.751390,ProjectA,us-east-1,RDS,54.52874926833909,8.179312390250862,1.6972073209770542
2026-06-01 10:02:49.751390,ProjectA,eu-west-1,S3,245.91221108111944,5.655980854865747,0.02926355311865321
2026-06-01 10:02:49.751390,ProjectA,ap-southeast-1,DataTransfer,479.60143958530847,9.59202879170617,0.020143260462582954
2026-06-01 10:02:49.751390,ProjectB,ap-southeast-1,EC2,129.56537014008728,12.95653701400873,2.720872772941833
2026-06-01 10:02:49.751390,ProjectB,eu-west-1,RDS,62.45673440409677,9.368510160614514,1.1148527091131273
2026-06-01 10:02:49.751390,ProjectB,us-east-1,S3,222.14657615672547,5.109371251604686,0.04609541455252054
2026-06-01 10:02:49.751390,ProjectB,us-east-1,DataTransfer,614.3524655836816,12.287049311673632,0.025495627321722787
2026-06-01 10:02:49.751390,ProjectC,ap-southeast-1,EC2,126.06990691013024,12.606990691013024,2.647468045112735
2026-06-01 10:02:49.751390,ProjectC,eu-west-1,RDS,56.41095098880618,8.461642648320927,1.0069354751501902
2026-06-01 10:02:49.751390,ProjectC,ap-southeast-1,S3,192.44765800802745,4.426296134184631,0.04041400818168576
2026-06-01 10:02:49.751390,ProjectC,us-east-1,DataTransfer,635.4412154285618,12.708824308571236,0.026370810440285317
2026-06-01 10:02:49.751390,ProjectD,eu-west-1,EC2,94.19185315092346,9.419185315092347,1.1208830524959894
2026-06-01 10:02:49.751390,ProjectD,ap-southeast-1,RDS,49.41766218829051,7.412649328243575,1.5566563589311508
2026-06-01 10:02:49.751390,ProjectD,us-east-1,S3,261.5724175502052,6.016165603654718,0.05427627664166758
2026-06-01 10:02:49.751390,ProjectD,eu-west-1,DataTransfer,640.1389727706244,12.802779455412487,0.015235307551940861
2026-06-02 10:02:49.751390,ProjectA,ap-southeast-1,EC2,135.00056954732494,13.500056954732496,2.8350119604938238
2026-06-02 10:02:49.751390,ProjectA,eu-west-1,RDS,53.97591977463311,8.096387966194966,0.9634701679772011
2026-06-02 10:02:49.751390,ProjectA,us-east-1,S3,230.09838293433063,5.292262807489605,0.047745414458873606
2026-06-02 10:02:49.751390,ProjectA,ap-southeast-1,DataTransfer,584.2448309880658,11.684896619761316,0.024538282901498763
2026-06-02 10:02:49.751390,ProjectB,eu-west-1,EC2,96.6060219658904,9.66060219658904,1.1496116613940959
2026-06-02 10:02:49.751390,ProjectB,ap-southeast-1,RDS,48.51985419300944,7.277978128951416,1.5283754070797972
2026-06-02 10:02:49.751390,ProjectB,us-east-1,S3,224.29520395757763,5.158789691024285,0.04654125482119736
2026-06-02 10:02:49.751390,ProjectB,eu-west-1,DataTransfer,516.1844478297699,10.323688956595396,0.012285189858348523
2026-06-02 10:02:49.751390,ProjectC,us-east-1,EC2,93.0191706892961,9.30191706892961,1.930147791802894
2026-06-02 10:02:49.751390,ProjectC,ap-southeast-1,RDS,48.214679071447314,7.232201860717097,1.5187623907505903
2026-06-02 10:02:49.751390,ProjectC,us-east-1,S3,197.2122997586117,4.5358828944480685,0.04092155219991192
2026-06-02 10:02:49.751390,ProjectC,eu-west-1,DataTransfer,598.6974936020248,11.973949872040496,0.014249000347728191
2026-06-02 10:02:49.751390,ProjectD,eu-west-1,EC2,133.33952236266808,13.333952236266809,1.5867403161157503
2026-06-02 10:02:49.751390,ProjectD,us-east-1,RDS,53.94267634925761,8.091401452388642,1.678965801370643
2026-06-02 10:02:49.751390,ProjectD,us-east-1,S3,212.52128282230373,4.887989504912985,0.04409816618562802
2026-06-02 10:02:49.751390,ProjectD,ap-southeast-1,DataTransfer,509.82004105793845,10.19640082115877,0.021412441724433417
2026-06-03 10:02:49.751390,ProjectA,us-east-1,EC2,101.51565530451884,10.151565530451885,2.106449847568766
2026-06-03 10:02:49.751390,ProjectA,ap-southeast-1,RDS,53.28207959693125,7.992311939539687,1.6783855073033342
2026-06-03 10:02:49.751390,ProjectA,us-east-1,S3,269.27648645436153,6.193359188450315,0.055874870939280015
2026-06-03 10:02:49.751390,ProjectA,eu-west-1,DataTransfer,487.4126388479304,9.748252776958608,0.011600420804580744
2026-06-03 10:02:49.751390,ProjectB,eu-west-1,EC2,114.37488045840075,11.437488045840077,1.361061077454969
2026-06-03 10:02:49.751390,ProjectB,eu-west-1,RDS,60.70405961820544,9.105608942730814,1.083567464184967
2026-06-03 10:02:49.751390,ProjectB,ap-southeast-1,S3,251.22621090324893,5.778202850774726,0.052757504289682275
2026-06-03 10:02:49.751390,ProjectB,us-east-1,DataTransfer,473.65598540774846,9.47311970815497,0.019656723394421562
2026-06-03 10:02:49.751390,ProjectC,eu-west-1,EC2,102.36197438997566,10.236197438997566,1.2181074952407103
2026-06-03 10:02:49.751390,ProjectC,ap-southeast-1,RDS,54.78642819569482,8.217964229354223,1.7257724881643863
2026-06-03 10:02:49.751390,ProjectC,eu-west-1,S3,189.6185138051057,4.361225817517432,0.022564603142807577
2026-06-03 10:02:49.751390,ProjectC,ap-southeast-1,DataTransfer,644.9884158275054,12.899768316550109,0.027089513464755226
2026-06-03 10:02:49.751390,ProjectD,us-east-1,EC2,92.41206842980846,9.241206842980846,1.9175504199185254
2026-06-03 10:02:49.751390,ProjectD,eu-west-1,RDS,50.25440207775159,7.538160311662738,0.897041077087866
2026-06-03 10:02:49.751390,ProjectD,eu-west-1,S3,218.471069321689,5.024834594398847,0.02599805724928099
2026-06-03 10:02:49.751390,ProjectD,eu-west-1,DataTransfer,480.74697998984703,9.61493959979694,0.011441778123758357
2026-06-04 10:02:49.751390,ProjectA,us-east-1,EC2,125.41505828952742,12.541505828952744,2.602362459507694
2026-06-04 10:02:49.751390,ProjectA,eu-west-1,RDS,56.66957747913974,8.50043662187096,1.0115519580026442
2026-06-04 10:02:49.751390,ProjectA,ap-southeast-1,S3,228.9241125272898,5.265254588127665,0.04807406363073085
2026-06-04 10:02:49.751390,ProjectA,us-east-1,DataTransfer,512.8148851894357,10.256297703788714,0.021281817735361582
2026-06-04 10:02:49.751390,ProjectB,us-east-1,EC2,130.1744467241011,13.017444672410113,2.7011197695250977
2026-06-04 10:02:49.751390,ProjectB,us-east-1,RDS,53.94604250948653,8.09190637642298,1.6790705731077682
2026-06-04 10:02:49.751390,ProjectB,eu-west-1,S3,207.8188565887696,4.7798337015417,0.02473044393406358
2026-06-04 10:02:49.751390,ProjectB,eu-west-1,DataTransfer,569.8040135882496,11.396080271764992,0.013561335523400341
2026-06-04 10:02:49.751390,ProjectC,eu-west-1,EC2,127.49369352478398,12.749369352478398,1.5171749529449292
2026-06-04 10:02:49.751390,ProjectC,eu-west-1,RDS,50.85697653813964,7.628546480720946,0.9077970312057926
2026-06-04 10:02:49.751390,ProjectC,ap-southeast-1,S3,191.72944072194483,4.409777136604731,0.04026318255160841
2026-06-04 10:02:49.751390,ProjectC,us-east-1,DataTransfer,516.7449036464582,10.334898072929164,0.021444913501328013
2026-06-04 10:02:49.751390,ProjectD,us-east-1,EC2,135.93952648478418,13.59395264847842,2.8207451745592715
2026-06-04 10:02:49.751390,ProjectD,us-east-1,RDS,64.08552715421966,9.612829073132948,1.9946620326750866
2026-06-04 10:02:49.751390,ProjectD,ap-southeast-1,S3,209.07022996811023,4.808615289266535,0.043904748293303146
2026-06-04 10:02:49.751390,ProjectD,ap-southeast-1,DataTransfer,564.1166346525591,11.282332693051185,0.023692898655407482
2026-06-05 10:02:49.751390,ProjectA,us-east-1,EC2,129.63711710566483,12.963711710566484,2.689970179942545
2026-06-05 10:02:49.751390,ProjectA,ap-southeast-1,RDS,52.09064710688965,7.813597066033447,1.6408553838670237
2026-06-05 10:02:49.751390,ProjectA,eu-west-1,S3,252.2184317381108,5.801023929976548,0.030013993376835187
2026-06-05 10:02:49.751390,ProjectA,ap-southeast-1,DataTransfer,520.939634468761,10.418792689375222,0.021879464647687964
2026-06-05 10:02:49.751390,ProjectB,eu-west-1,EC2,112.68955224739706,11.268955224739706,1.3410056717440249
2026-06-05 10:02:49.751390,ProjectB,eu-west-1,RDS,61.053586292908825,9.158037943936325,1.0898065153284227
2026-06-05 10:02:49.751390,ProjectB,ap-southeast-1,S3,249.9883804185834,5.749732749627418,0.052497559887902515
2026-06-05 10:02:49.751390,ProjectB,ap-southeast-1,DataTransfer,640.1595551683392,12.803191103366784,0.026886701317070247
2026-06-05 10:02:49.751390,ProjectC,us-east-1,EC2,134.7928011138684,13.47928011138684,2.7969506231127688
2026-06-05 10:02:49.751390,ProjectC,ap-southeast-1,RDS,45.51764547369774,6.827646821054661,1.4338058324214789
2026-06-05 10:02:49.751390,ProjectC,us-east-1,S3,208.38429799151015,4.792838853804734,0.04323974183323835
2026-06-05 10:02:49.751390,ProjectC,ap-southeast-1,DataTransfer,611.3498313425384,12.226996626850768,0.025676692916386613
2026-06-05 10:02:49.751390,ProjectD,us-east-1,EC2,117.26270084421532,11.726270084421532,2.4332010425174677
2026-06-05 10:02:49.751390,ProjectD,ap-southeast-1,RDS,52.91604225299172,7.937406337948757,1.6668553309692393
2026-06-05 10:02:49.751390,ProjectD,eu-west-1,S3,208.4748695743725,4.794922000210566,0.024808509479350326
2026-06-05 10:02:49.751390,ProjectD,us-east-1,DataTransfer,525.9114040863765,10.51822808172753,0.021825323269584623
